2025-03-08 20:11:45 - Debug log file: /tmp/dhctl/bootstrap-20250308201145.log
2025-03-08 20:11:45 - teardown callback 'Finalize logger' added, callbacks in queue: 6
2025-03-08 20:11:45 - Have config file /config.yml
2025-03-08 20:11:45 - Openapi spec not found for module registrypackages
2025-03-08 20:11:45 - Found ClusterConfiguration
2025-03-08 20:11:45 - Found ModuleConfig in config file deckhouse
2025-03-08 20:11:45 - Found ModuleConfig in config file global
2025-03-08 20:11:45 - Found ModuleConfig in config file user-authn
2025-03-08 20:11:45 - Found YandexClusterConfiguration
2025-03-08 20:11:45 - No schema for index YandexInstanceClass, deckhouse.io/v1. Skip it
2025-03-08 20:11:45 - No schema for index NodeGroup, deckhouse.io/v1. Skip it
2025-03-08 20:11:45 - No schema for index IngressNginxController, deckhouse.io/v1. Skip it
2025-03-08 20:11:45 - No schema for index ClusterAuthorizationRule, deckhouse.io/v1. Skip it
2025-03-08 20:11:45 - No schema for index User, deckhouse.io/v1. Skip it
2025-03-08 20:11:45 - Collected ResourcesYAML:
# Section containing the parameters of instance class for worker nodes.
# https://deckhouse.io/products/kubernetes-platform/documentation/v1/modules/cloud-provider-yandex/cr.html
apiVersion: deckhouse.io/v1
kind: YandexInstanceClass
metadata:
  name: worker
spec:
  # You might consider changing this.
  cores: 4
  # You might consider changing this.
  memory: 8192
  # You might consider changing this.
  diskSizeGB: 30

---

# Section containing the parameters of worker node group.
# https://deckhouse.io/products/kubernetes-platform/documentation/v1/modules/node-manager/cr.html#nodegroup
apiVersion: deckhouse.io/v1
kind: NodeGroup
metadata:
  name: worker
spec:
  cloudInstances:
    classReference:
      kind: YandexInstanceClass
      name: worker
    # The maximum number of instances for the group in each zone (used by the autoscaler).
    # You might consider changing this.
    maxPerZone: 1
    # The minimum number of instances for the group in each zone.
    minPerZone: 1
    # List of availability zones to create instances in.
    # You might consider changing this.
    zones:
    - ru-central1-a
  disruptions:
    approvalMode: Automatic
  nodeType: CloudEphemeral

---

# Section containing the parameters of NGINX Ingress controller.
# https://deckhouse.io/products/kubernetes-platform/documentation/v1/modules/ingress-nginx/cr.html
apiVersion: deckhouse.io/v1
kind: IngressNginxController
metadata:
  name: nginx
spec:
  ingressClass: nginx
  inlet: LoadBalancer
  # Describes on which nodes the Ingress Controller will be located. Label node.deckhouse.io/group: <NAME_GROUP_NAME> is set automatically.
  nodeSelector:
    node.deckhouse.io/group: worker

---

# RBAC and authorization settings.
# https://deckhouse.io/products/kubernetes-platform/documentation/v1/modules/user-authz/cr.html#clusterauthorizationrule
apiVersion: deckhouse.io/v1
kind: ClusterAuthorizationRule
metadata:
  name: admin
spec:
  subjects:
  - kind: User
    name: admin@deckhouse.io
  accessLevel: SuperAdmin
  portForwarding: true

---

# Parameters of the static user.
# https://deckhouse.io/products/kubernetes-platform/documentation/v1/modules/user-authn/cr.html#user
apiVersion: deckhouse.io/v1
kind: User
metadata:
  name: admin
spec:
  # User e-mail.
  email: admin@deckhouse.io
  # This is a hash of the password gr6gq7hs87, generated when loading the page of the Getting Started.
  # Generate your own or use it at your own risk (for testing purposes)
  # echo "gr6gq7hs87" | htpasswd -BinC 10 "" | cut -d: -f2 | base64 -w0
  # You might consider changing this.
  password: 'JDJhJDEwJGNWUnZKbnRnT1FFWnFVV0FaQ01UOS5YT1N2Q3RTRGF5SnJhWjU2WTB1dS5sNHlWWC5QWGQy'

2025-03-08 20:11:45 - Init configuration not found use empty: 
apiVersion: deckhouse.io/v1
kind: InitConfiguration
deckhouse: {}
2025-03-08 20:11:45 - Found InitConfiguration
2025-03-08 20:11:45 - NodeInterface is nil
2025-03-08 20:11:45 - agent: start ssh-agent
2025-03-08 20:11:45 - executor: start '/bin/ssh-agent -D'
2025-03-08 20:11:45 - Start read from streams for command:  /bin/ssh-agent -D
2025-03-08 20:11:45 - Register stoppable: '/bin/ssh-agent -D'
2025-03-08 20:11:45 - ssh agent: got 'SSH_AUTH_SOCK=/tmp/ssh-XXXXXXnchpBh/agent.38; export SSH_AUTH_SOCK;'
2025-03-08 20:11:45 - ssh-agent: SSH_AUTH_SOCK=/tmp/ssh-XXXXXXnchpBh/agent.38; export SSH_AUTH_SOCK;
2025-03-08 20:11:45 - ssh agent: got 'echo Agent pid 38;'
2025-03-08 20:11:45 - ssh-agent: echo Agent pid 38;
2025-03-08 20:11:45 - ssh-agent: SSH_AUTH_SOCK=/tmp/ssh-XXXXXXnchpBh/agent.38
2025-03-08 20:11:45 - teardown callback 'Delete SSH agent temporary directory' added, callbacks in queue: 7
2025-03-08 20:11:45 - agent: run ssh-add for keys
2025-03-08 20:11:45 - teardown callback 'Stop ssh-agent' added, callbacks in queue: 8
2025-03-08 20:11:45 - Hosts is 0 empty; static cluster is false. Use ssh2025-03-08 20:11:45 - MetaConfig was loaded
2025-03-08 20:11:45 - Cache dir /tmp/dhctl/f9d2387496b3fed4221896d4905e92706cbc7d92fe5de99e88da4cb341759a2a
2025-03-08 20:11:45 - State directory: /tmp/dhctl/f9d2387496b3fed4221896d4905e92706cbc7d92fe5de99e88da4cb341759a2a
2025-03-08 20:11:45 - ========================================================================================
 _____             _     _                                ______                _ _____
(____ \           | |   | |                              / _____)              | (_____)
 _   \ \ ____ ____| |  _| | _   ___  _   _  ___  ____   | /      ____ ____   _ | |  _
| |   | / _  ) ___) | / ) || \ / _ \| | | |/___)/ _  )  | |     / _  |  _ \ / || | | |
| |__/ ( (/ ( (___| |< (| | | | |_| | |_| |___ ( (/ /   | \____( ( | | | | ( (_| |_| |_
|_____/ \____)____)_| \_)_| |_|\___/ \____(___/ \____)   \______)_||_|_| |_|\____(_____)
========================================================================================
2025-03-08 20:11:45 - Start process Cluster UUID2025-03-08 20:11:45 - Generated cluster UUID: 31fbeba6-b710-481f-a8dc-c6e253d19574
2025-03-08 20:11:45 - End process Cluster UUID2025-03-08 20:11:45 - Start process Global preflight checks2025-03-08 20:11:45 - Start process Checking PublicDomainTemplate is correctly2025-03-08 20:11:45 - Checking if publicDomainTemplate was set correctly
2025-03-08 20:11:45 - Succeeded!
2025-03-08 20:11:45 - End process Checking PublicDomainTemplate is correctly2025-03-08 20:11:45 - Start process Checking registry credentials are correct2025-03-08 20:11:45 - Image: registry.deckhouse.io/deckhouse/ce:v1.67.12
2025-03-08 20:11:45 - Checking registry credentials
2025-03-08 20:11:45 - parse registry data: dockerCfg after base64 decode = {"auths": { "registry.deckhouse.io": {}}}
2025-03-08 20:11:45 - auth or username with password not found in dockerCfg {"auths": { "registry.deckhouse.io": {}}} for registry.deckhouse.io. Use empty string2025-03-08 20:11:45 - WWW-Authenticate: Bearer realm="https://registry.deckhouse.io/auth",service="Docker registry"
2025-03-08 20:11:45 - Status Code: 200
2025-03-08 20:11:45 - Succeeded!
2025-03-08 20:11:45 - End process Checking registry credentials are correct2025-03-08 20:11:45 - End process Global preflight checks2025-03-08 20:11:45 - Start process Cloud deployment preflight checks2025-03-08 20:11:45 - Start process Checking cloud master node system requirements are met2025-03-08 20:11:45 - Succeeded!
2025-03-08 20:11:45 - End process Checking cloud master node system requirements are met2025-03-08 20:11:45 - End process Cloud deployment preflight checks2025-03-08 20:11:45 - Start process Cloud infrastructure2025-03-08 20:11:45 - teardown callback 'base-infrastructure' added, callbacks in queue: 9
2025-03-08 20:11:45 - Start process Pipeline base-infrastructure for Kubernetes cluster2025-03-08 20:11:45 - Start process terraform init ...2025-03-08 20:11:45 - /bin/terraform init -plugin-dir=/plugins -get-plugins=false -no-color -input=false /deckhouse/candi/cloud-providers/yandex/layouts/standard/base-infrastructure
2025-03-08 20:11:45 - 2025/03/08 20:11:45 [WARN] Log levels other than TRACE are currently unreliable, and are supported only for backward compatibility.
2025-03-08 20:11:45 -   Use TF_LOG=TRACE to see Terraform's internal logs.
2025-03-08 20:11:45 -   ----
2025-03-08 20:11:45 - 2025/03/08 20:11:45 [INFO] Terraform version: 0.14.8  
2025-03-08 20:11:45 - 2025/03/08 20:11:45 [INFO] Go runtime version: go1.20.5
2025-03-08 20:11:45 - 2025/03/08 20:11:45 [INFO] CLI args: []string{"/bin/terraform", "init", "-plugin-dir=/plugins", "-get-plugins=false", "-no-color", "-input=false", "/deckhouse/candi/cloud-providers/yandex/layouts/standard/base-infrastructure"}
2025-03-08 20:11:45 - 2025/03/08 20:11:45 [DEBUG] Attempting to open CLI config file: /root/.terraformrc
2025-03-08 20:11:45 - 2025/03/08 20:11:45 [DEBUG] File doesn't exist, but doesn't need to. Ignoring.
2025-03-08 20:11:45 - 2025/03/08 20:11:45 [DEBUG] ignoring non-existing provider search directory terraform.d/plugins
2025-03-08 20:11:45 - 2025/03/08 20:11:45 [DEBUG] ignoring non-existing provider search directory /root/.terraform.d/plugins
2025-03-08 20:11:45 - 2025/03/08 20:11:45 [DEBUG] ignoring non-existing provider search directory /root/.local/share/terraform/plugins
2025-03-08 20:11:45 - 2025/03/08 20:11:45 [DEBUG] ignoring non-existing provider search directory /usr/local/share/terraform/plugins
2025-03-08 20:11:45 - 2025/03/08 20:11:45 [DEBUG] ignoring non-existing provider search directory /usr/share/terraform/plugins
2025-03-08 20:11:45 - 2025/03/08 20:11:45 [INFO] CLI command args: []string{"init", "-plugin-dir=/plugins", "-get-plugins=false", "-no-color", "-input=false", "/deckhouse/candi/cloud-providers/yandex/layouts/standard/base-infrastructure"}
2025-03-08 20:11:45 - 2025/03/08 20:11:45 [WARN] Log levels other than TRACE are currently unreliable, and are supported only for backward compatibility.
2025-03-08 20:11:45 -   Use TF_LOG=TRACE to see Terraform's internal logs.
2025-03-08 20:11:45 -   ----
2025-03-08 20:11:45 - Initializing modules...
2025-03-08 20:11:45 - 2025/03/08 20:11:45 [WARN] Log levels other than TRACE are currently unreliable, and are supported only for backward compatibility.
2025-03-08 20:11:45 -   Use TF_LOG=TRACE to see Terraform's internal logs.
2025-03-08 20:11:45 -   ----
2025-03-08 20:11:45 - 2025/03/08 20:11:45 [DEBUG] Module installer: begin vpc_components
2025-03-08 20:11:45 - 2025/03/08 20:11:45 [DEBUG] Module installer: vpc_components installed at deckhouse/candi/cloud-providers/yandex/terraform-modules/vpc-components
2025-03-08 20:11:45 - - vpc_components in deckhouse/candi/cloud-providers/yandex/terraform-modules/vpc-components
2025-03-08 20:11:45 - 
2025-03-08 20:11:45 - Initializing the backend...
2025-03-08 20:11:45 - 2025/03/08 20:11:45 [DEBUG] New state was assigned lineage "8a4e562c-465b-2559-76ab-bdc897a8b935"
2025-03-08 20:11:45 - 2025/03/08 20:11:45 [DEBUG] checking for provisioner in "/plugins"
2025-03-08 20:11:45 - 2025/03/08 20:11:45 [INFO] Failed to read plugin lock file /tmp/dhctl/tf_dhctl/plugins/linux_amd64/lock.json: open /tmp/dhctl/tf_dhctl/plugins/linux_amd64/lock.json: no such file or directory
2025-03-08 20:11:45 - 2025/03/08 20:11:45 [DEBUG] init: overriding provider plugin search paths
2025-03-08 20:11:45 - 2025/03/08 20:11:45 [DEBUG] will search for provider plugins in [/plugins]
2025-03-08 20:11:45 - 
2025-03-08 20:11:45 - Initializing provider plugins...
2025-03-08 20:11:45 - - Finding yandex-cloud/yandex versions matching "0.83.0"...
2025-03-08 20:11:45 - - Installing yandex-cloud/yandex v0.83.0...
2025-03-08 20:11:46 - - Installed yandex-cloud/yandex v0.83.0 (unauthenticated)
2025-03-08 20:11:46 - 
2025-03-08 20:11:46 - Terraform has created a lock file .terraform.lock.hcl to record the provider
2025-03-08 20:11:46 - selections it made above. Include this file in your version control repository
2025-03-08 20:11:46 - so that Terraform can guarantee to make the same selections by default when
2025-03-08 20:11:46 - you run "terraform init" in the future.
2025-03-08 20:11:46 - 
2025-03-08 20:11:46 - 
2025-03-08 20:11:46 - Warning: No-op -get-plugins flag used
2025-03-08 20:11:46 - 
2025-03-08 20:11:46 - As of Terraform 0.13+, the -get-plugins=false command is a no-op flag. If you
2025-03-08 20:11:46 - would like to customize provider installation, use a provider_installation
2025-03-08 20:11:46 - block or other available Terraform settings.
2025-03-08 20:11:46 - 
2025-03-08 20:11:46 - Terraform has been successfully initialized!
2025-03-08 20:11:46 - Terraform runner "base-infrastructure" process exited.
2025-03-08 20:11:46 - End process terraform init ...2025-03-08 20:11:46 - Start process terraform plan ...2025-03-08 20:11:46 - /bin/terraform plan -input=false -no-color -detailed-exitcode -var-file=/tmp/dhctl/cluster-config.auto.2121792025.tfvars.json -state=/tmp/dhctl/f9d2387496b3fed4221896d4905e92706cbc7d92fe5de99e88da4cb341759a2a/base-infrastructure.tfstate -out=/tmp/dhctl/base-infrastructure-dhctl.787890137.tfplan /deckhouse/candi/cloud-providers/yandex/layouts/standard/base-infrastructure
2025-03-08 20:11:46 - 2025/03/08 20:11:46 [WARN] Log levels other than TRACE are currently unreliable, and are supported only for backward compatibility.
2025-03-08 20:11:46 -   Use TF_LOG=TRACE to see Terraform's internal logs.
2025-03-08 20:11:46 -   ----
2025-03-08 20:11:46 - 2025/03/08 20:11:46 [INFO] Terraform version: 0.14.8  
2025-03-08 20:11:46 - 2025/03/08 20:11:46 [INFO] Go runtime version: go1.20.5
2025-03-08 20:11:46 - 2025/03/08 20:11:46 [INFO] CLI args: []string{"/bin/terraform", "plan", "-input=false", "-no-color", "-detailed-exitcode", "-var-file=/tmp/dhctl/cluster-config.auto.2121792025.tfvars.json", "-state=/tmp/dhctl/f9d2387496b3fed4221896d4905e92706cbc7d92fe5de99e88da4cb341759a2a/base-infrastructure.tfstate", "-out=/tmp/dhctl/base-infrastructure-dhctl.787890137.tfplan", "/deckhouse/candi/cloud-providers/yandex/layouts/standard/base-infrastructure"}
2025-03-08 20:11:46 - 2025/03/08 20:11:46 [DEBUG] Attempting to open CLI config file: /root/.terraformrc
2025-03-08 20:11:46 - 2025/03/08 20:11:46 [DEBUG] File doesn't exist, but doesn't need to. Ignoring.
2025-03-08 20:11:46 - 2025/03/08 20:11:46 [DEBUG] ignoring non-existing provider search directory terraform.d/plugins
2025-03-08 20:11:46 - 2025/03/08 20:11:46 [DEBUG] ignoring non-existing provider search directory /root/.terraform.d/plugins
2025-03-08 20:11:46 - 2025/03/08 20:11:46 [DEBUG] ignoring non-existing provider search directory /root/.local/share/terraform/plugins
2025-03-08 20:11:46 - 2025/03/08 20:11:46 [DEBUG] ignoring non-existing provider search directory /usr/local/share/terraform/plugins
2025-03-08 20:11:46 - 2025/03/08 20:11:46 [DEBUG] ignoring non-existing provider search directory /usr/share/terraform/plugins
2025-03-08 20:11:46 - 2025/03/08 20:11:46 [INFO] CLI command args: []string{"plan", "-input=false", "-no-color", "-detailed-exitcode", "-var-file=/tmp/dhctl/cluster-config.auto.2121792025.tfvars.json", "-state=/tmp/dhctl/f9d2387496b3fed4221896d4905e92706cbc7d92fe5de99e88da4cb341759a2a/base-infrastructure.tfstate", "-out=/tmp/dhctl/base-infrastructure-dhctl.787890137.tfplan", "/deckhouse/candi/cloud-providers/yandex/layouts/standard/base-infrastructure"}
2025-03-08 20:11:46 - 2025/03/08 20:11:46 [WARN] Log levels other than TRACE are currently unreliable, and are supported only for backward compatibility.
2025-03-08 20:11:46 -   Use TF_LOG=TRACE to see Terraform's internal logs.
2025-03-08 20:11:46 -   ----
2025-03-08 20:11:46 - 2025/03/08 20:11:46 [DEBUG] New state was assigned lineage "b88408b7-b360-b0df-d9b7-39689ff3c8a9"
2025-03-08 20:11:46 - 2025/03/08 20:11:46 [DEBUG] checking for provisioner in "/plugins"
2025-03-08 20:11:46 - 2025/03/08 20:11:46 [INFO] Failed to read plugin lock file /tmp/dhctl/tf_dhctl/plugins/linux_amd64/lock.json: open /tmp/dhctl/tf_dhctl/plugins/linux_amd64/lock.json: no such file or directory
2025-03-08 20:11:46 - 2025/03/08 20:11:46 [INFO] backend/local: starting Plan operation
2025-03-08 20:11:46 - 2025/03/08 20:11:46 [DEBUG] backend/local: Skipping interactive prompts for variables because input is disabled
2025-03-08 20:11:46 - 2025-03-08T20:11:46.678Z [INFO]  plugin: configuring client automatic mTLS
2025-03-08 20:11:46 - 2025-03-08T20:11:46.707Z [DEBUG] plugin: starting plugin: path=/tmp/dhctl/tf_dhctl/providers/registry.terraform.io/yandex-cloud/yandex/0.83.0/linux_amd64/terraform-provider-yandex args=[/tmp/dhctl/tf_dhctl/providers/registry.terraform.io/yandex-cloud/yandex/0.83.0/linux_amd64/terraform-provider-yandex]
2025-03-08 20:11:46 - 2025-03-08T20:11:46.709Z [DEBUG] plugin: plugin started: path=/tmp/dhctl/tf_dhctl/providers/registry.terraform.io/yandex-cloud/yandex/0.83.0/linux_amd64/terraform-provider-yandex pid=102
2025-03-08 20:11:46 - 2025-03-08T20:11:46.709Z [DEBUG] plugin: waiting for RPC address: path=/tmp/dhctl/tf_dhctl/providers/registry.terraform.io/yandex-cloud/yandex/0.83.0/linux_amd64/terraform-provider-yandex
2025-03-08 20:11:46 - 2025-03-08T20:11:46.875Z [INFO]  plugin.terraform-provider-yandex: configuring server automatic mTLS: timestamp=2025-03-08T20:11:46.872Z
2025-03-08 20:11:46 - 2025-03-08T20:11:46.908Z [DEBUG] plugin.terraform-provider-yandex: plugin address: address=/tmp/plugin922082366 network=unix timestamp=2025-03-08T20:11:46.908Z
2025-03-08 20:11:46 - 2025-03-08T20:11:46.909Z [DEBUG] plugin: using plugin: version=5
2025-03-08 20:11:46 - 2025-03-08T20:11:46.981Z [WARN]  plugin.stdio: received EOF, stopping recv loop: err="rpc error: code = Unavailable desc = transport is closing"
2025-03-08 20:11:46 - 2025-03-08T20:11:46.983Z [DEBUG] plugin: plugin process exited: path=/tmp/dhctl/tf_dhctl/providers/registry.terraform.io/yandex-cloud/yandex/0.83.0/linux_amd64/terraform-provider-yandex pid=102
2025-03-08 20:11:46 - 2025-03-08T20:11:46.983Z [DEBUG] plugin: plugin exited
2025-03-08 20:11:46 - 2025/03/08 20:11:46 [INFO] terraform: building graph: GraphTypeValidate
2025-03-08 20:11:46 - 2025/03/08 20:11:46 [DEBUG] ProviderTransformer: "module.vpc_components.data.yandex_compute_image.nat_image" (*terraform.NodeValidatableResource) needs provider["registry.terraform.io/yandex-cloud/yandex"]
2025-03-08 20:11:46 - 2025/03/08 20:11:46 [DEBUG] ProviderTransformer: "module.vpc_components.yandex_vpc_subnet.kube_d" (*terraform.NodeValidatableResource) needs provider["registry.terraform.io/yandex-cloud/yandex"]
2025-03-08 20:11:46 - 2025/03/08 20:11:46 [DEBUG] ProviderTransformer: "module.vpc_components.yandex_compute_instance.nat_instance" (*terraform.NodeValidatableResource) needs provider["registry.terraform.io/yandex-cloud/yandex"]
2025-03-08 20:11:46 - 2025/03/08 20:11:46 [DEBUG] ProviderTransformer: "yandex_vpc_network.kube" (*terraform.NodeValidatableResource) needs provider["registry.terraform.io/yandex-cloud/yandex"]
2025-03-08 20:11:46 - 2025/03/08 20:11:46 [DEBUG] ProviderTransformer: "module.vpc_components.yandex_vpc_gateway.kube" (*terraform.NodeValidatableResource) needs provider["registry.terraform.io/yandex-cloud/yandex"]
2025-03-08 20:11:46 - 2025/03/08 20:11:46 [DEBUG] ProviderTransformer: "module.vpc_components.yandex_vpc_subnet.kube_b" (*terraform.NodeValidatableResource) needs provider["registry.terraform.io/yandex-cloud/yandex"]
2025-03-08 20:11:46 - 2025/03/08 20:11:46 [DEBUG] ProviderTransformer: "module.vpc_components.yandex_vpc_route_table.kube" (*terraform.NodeValidatableResource) needs provider["registry.terraform.io/yandex-cloud/yandex"]
2025-03-08 20:11:46 - 2025/03/08 20:11:46 [DEBUG] ProviderTransformer: "module.vpc_components.data.yandex_vpc_subnet.kube_a" (*terraform.NodeValidatableResource) needs provider["registry.terraform.io/yandex-cloud/yandex"]
2025-03-08 20:11:46 - 2025/03/08 20:11:46 [DEBUG] ProviderTransformer: "module.vpc_components.data.yandex_vpc_subnet.kube_d" (*terraform.NodeValidatableResource) needs provider["registry.terraform.io/yandex-cloud/yandex"]
2025-03-08 20:11:46 - 2025/03/08 20:11:46 [DEBUG] ProviderTransformer: "module.vpc_components.yandex_vpc_subnet.kube_a" (*terraform.NodeValidatableResource) needs provider["registry.terraform.io/yandex-cloud/yandex"]
2025-03-08 20:11:46 - 2025/03/08 20:11:46 [DEBUG] ProviderTransformer: "module.vpc_components.data.yandex_vpc_subnet.external_subnet" (*terraform.NodeValidatableResource) needs provider["registry.terraform.io/yandex-cloud/yandex"]
2025-03-08 20:11:46 - 2025/03/08 20:11:46 [DEBUG] ProviderTransformer: "module.vpc_components.data.yandex_vpc_subnet.kube_b" (*terraform.NodeValidatableResource) needs provider["registry.terraform.io/yandex-cloud/yandex"]
2025-03-08 20:11:46 - 2025/03/08 20:11:46 [DEBUG] ProviderTransformer: "module.vpc_components.data.yandex_vpc_subnet.user_internal_subnet" (*terraform.NodeValidatableResource) needs provider["registry.terraform.io/yandex-cloud/yandex"]
2025-03-08 20:11:46 - 2025/03/08 20:11:46 [DEBUG] ReferenceTransformer: "local.network_id (expand)" references: [local.existing_network_id (expand) local.existing_network_id (expand) yandex_vpc_network.kube]
2025-03-08 20:11:46 - 2025/03/08 20:11:46 [DEBUG] ReferenceTransformer: "module.vpc_components.local.kube_b_v4_cidr_block (expand)" references: [module.vpc_components.local.should_create_subnets (expand) module.vpc_components.var.node_network_cidr (expand)]
2025-03-08 20:11:46 - 2025/03/08 20:11:46 [DEBUG] ReferenceTransformer: "module.vpc_components.var.labels (expand)" references: [local.labels (expand)]
2025-03-08 20:11:46 - 2025/03/08 20:11:46 [DEBUG] ReferenceTransformer: "module.vpc_components.var.layout (expand)" references: [local.layout (expand)]
2025-03-08 20:11:46 - 2025/03/08 20:11:46 [DEBUG] ReferenceTransformer: "local.dhcp_domain_name_servers (expand)" references: [local.dhcp_options (expand) local.dhcp_options (expand)]
2025-03-08 20:11:46 - 2025/03/08 20:11:46 [DEBUG] ReferenceTransformer: "local.prefix (expand)" references: [var.clusterConfiguration]
2025-03-08 20:11:46 - 2025/03/08 20:11:46 [DEBUG] ReferenceTransformer: "module.vpc_components.local.not_have_existing_subnet_a (expand)" references: [module.vpc_components.local.should_create_subnets (expand) module.vpc_components.var.existing_zone_to_subnet_id_map (expand)]
2025-03-08 20:11:46 - 2025/03/08 20:11:46 [DEBUG] ReferenceTransformer: "module.vpc_components.yandex_compute_instance.nat_instance" references: [module.vpc_components.local.is_with_nat_instance (expand) module.vpc_components.local.internal_subnet_zone (expand) module.vpc_components.var.prefix (expand) module.vpc_components.local.user_data (expand) module.vpc_components.var.prefix (expand) module.vpc_components.var.nat_instance_external_subnet_id (expand) module.vpc_components.var.nat_instance_external_subnet_id (expand) module.vpc_components.var.nat_instance_cores (expand) module.vpc_components.var.nat_instance_memory (expand) module.vpc_components.data.yandex_compute_image.nat_image module.vpc_components.var.nat_instance_external_address (expand) module.vpc_components.local.assign_external_ip_address (expand) module.vpc_components.local.nat_instance_internal_address_calculated (expand) module.vpc_components.local.assign_external_ip_address (expand) module.vpc_components.var.nat_instance_external_address (expand) module.vpc_components.local.zone_to_subnet_id (expand) module.vpc_components.local.internal_subnet_zone (expand)]
2025-03-08 20:11:46 - 2025/03/08 20:11:46 [DEBUG] ReferenceTransformer: "module.vpc_components.var.nat_instance_external_address (expand)" references: []
2025-03-08 20:11:46 - 2025/03/08 20:11:46 [DEBUG] ReferenceTransformer: "module.vpc_components.data.yandex_vpc_subnet.kube_b" references: [module.vpc_components.local.not_have_existing_subnet_b (expand) module.vpc_components.var.existing_zone_to_subnet_id_map (expand)]
2025-03-08 20:11:46 - 2025/03/08 20:11:46 [DEBUG] ReferenceTransformer: "module.vpc_components.var.node_network_cidr (expand)" references: [local.node_network_cidr (expand)]
2025-03-08 20:11:46 - 2025/03/08 20:11:46 [DEBUG] ReferenceTransformer: "module.vpc_components.local.assign_external_ip_address (expand)" references: [module.vpc_components.var.nat_instance_external_subnet_id (expand)]
2025-03-08 20:11:46 - 2025/03/08 20:11:46 [DEBUG] ReferenceTransformer: "yandex_vpc_network.kube" references: [local.existing_network_id (expand) local.prefix (expand) local.labels (expand)]
2025-03-08 20:11:46 - 2025/03/08 20:11:46 [DEBUG] ReferenceTransformer: "module.vpc_components.yandex_vpc_gateway.kube" references: [module.vpc_components.local.is_standard (expand) module.vpc_components.var.prefix (expand) module.vpc_components.var.labels (expand)]
2025-03-08 20:11:46 - 2025/03/08 20:11:46 [DEBUG] ReferenceTransformer: "local.labels (expand)" references: [var.providerClusterConfiguration]
2025-03-08 20:11:46 - 2025/03/08 20:11:46 [DEBUG] ReferenceTransformer: "module.vpc_components.local.not_have_existing_subnet_d (expand)" references: [module.vpc_components.local.should_create_subnets (expand) module.vpc_components.var.existing_zone_to_subnet_id_map (expand)]
2025-03-08 20:11:46 - 2025/03/08 20:11:46 [DEBUG] ReferenceTransformer: "module.vpc_components.local.zone_to_subnet_id_map_b (expand)" references: [module.vpc_components.local.zone_to_subnet_id_map_a (expand) module.vpc_components.data.yandex_vpc_subnet.kube_b module.vpc_components.data.yandex_vpc_subnet.kube_b module.vpc_components.data.yandex_vpc_subnet.kube_b]
2025-03-08 20:11:46 - 2025/03/08 20:11:46 [DEBUG] ReferenceTransformer: "module.vpc_components.output.nat_instance_zone (expand)" references: [module.vpc_components.local.is_with_nat_instance (expand) module.vpc_components.yandex_compute_instance.nat_instance]
2025-03-08 20:11:46 - 2025/03/08 20:11:46 [DEBUG] ReferenceTransformer: "module.vpc_components.yandex_vpc_subnet.kube_b" references: [module.vpc_components.local.should_create_subnets (expand) module.vpc_components.var.labels (expand) module.vpc_components.var.prefix (expand) module.vpc_components.var.network_id (expand) module.vpc_components.yandex_vpc_route_table.kube module.vpc_components.local.kube_b_v4_cidr_block (expand) module.vpc_components.var.dhcp_domain_name (expand) module.vpc_components.var.dhcp_domain_name_servers (expand) module.vpc_components.var.dhcp_domain_name (expand) module.vpc_components.var.dhcp_domain_name_servers (expand)]
2025-03-08 20:11:46 - 2025/03/08 20:11:46 [DEBUG] ReferenceTransformer: "module.vpc_components.var.network_id (expand)" references: [local.network_id (expand)]
2025-03-08 20:11:46 - 2025/03/08 20:11:46 [DEBUG] ReferenceTransformer: "local.dhcp_options (expand)" references: [var.providerClusterConfiguration]
2025-03-08 20:11:46 - 2025/03/08 20:11:46 [DEBUG] ReferenceTransformer: "module.vpc_components.local.user_data (expand)" references: [module.vpc_components.var.nat_instance_ssh_key (expand) module.vpc_components.var.node_network_cidr (expand)]
2025-03-08 20:11:46 - 2025/03/08 20:11:46 [DEBUG] ReferenceTransformer: "module.vpc_components.local.external_subnet_zone (expand)" references: [module.vpc_components.var.nat_instance_external_subnet_id (expand) module.vpc_components.data.yandex_vpc_subnet.external_subnet]
2025-03-08 20:11:46 - 2025/03/08 20:11:46 [DEBUG] ReferenceTransformer: "module.vpc_components (expand)" references: []
2025-03-08 20:11:46 - 2025/03/08 20:11:46 [DEBUG] ReferenceTransformer: "module.vpc_components.var.nat_instance_internal_address (expand)" references: []
2025-03-08 20:11:46 - 2025/03/08 20:11:46 [DEBUG] ReferenceTransformer: "module.vpc_components.var.dhcp_domain_name_servers (expand)" references: [local.dhcp_domain_name_servers (expand)]
2025-03-08 20:11:46 - 2025/03/08 20:11:46 [DEBUG] ReferenceTransformer: "local.existing_network_id (expand)" references: [var.providerClusterConfiguration]
2025-03-08 20:11:46 - 2025/03/08 20:11:46 [DEBUG] ReferenceTransformer: "module.vpc_components.yandex_vpc_route_table.kube" references: [module.vpc_components.var.labels (expand) module.vpc_components.var.prefix (expand) module.vpc_components.var.network_id (expand) module.vpc_components.local.is_standard (expand) module.vpc_components.local.is_with_nat_instance (expand) module.vpc_components.local.next_hop_address (expand) module.vpc_components.local.is_standard (expand) module.vpc_components.yandex_vpc_gateway.kube]
2025-03-08 20:11:46 - 2025/03/08 20:11:46 [DEBUG] ReferenceTransformer: "module.vpc_components.var.existing_zone_to_subnet_id_map (expand)" references: [local.existing_zone_to_subnet_id_map (expand)]
2025-03-08 20:11:46 - 2025/03/08 20:11:46 [DEBUG] ReferenceTransformer: "module.vpc_components.local.is_standard (expand)" references: [module.vpc_components.var.layout (expand)]
2025-03-08 20:11:46 - 2025/03/08 20:11:46 [DEBUG] ReferenceTransformer: "module.vpc_components.local.zone_to_subnet_id (expand)" references: [module.vpc_components.local.should_create_subnets (expand) module.vpc_components.yandex_vpc_subnet.kube_a module.vpc_components.local.not_have_existing_subnet_a (expand) module.vpc_components.data.yandex_vpc_subnet.kube_a module.vpc_components.local.should_create_subnets (expand) module.vpc_components.yandex_vpc_subnet.kube_b module.vpc_components.local.not_have_existing_subnet_b (expand) module.vpc_components.data.yandex_vpc_subnet.kube_b module.vpc_components.local.should_create_subnets (expand) module.vpc_components.yandex_vpc_subnet.kube_d module.vpc_components.local.not_have_existing_subnet_d (expand) module.vpc_components.data.yandex_vpc_subnet.kube_d]
2025-03-08 20:11:46 - 2025/03/08 20:11:46 [DEBUG] ReferenceTransformer: "module.vpc_components.data.yandex_vpc_subnet.user_internal_subnet" references: [module.vpc_components.var.nat_instance_internal_subnet_id (expand) module.vpc_components.var.nat_instance_internal_subnet_id (expand)]
2025-03-08 20:11:46 - 2025/03/08 20:11:46 [DEBUG] ReferenceTransformer: "var.nodeIndex" references: []
2025-03-08 20:11:46 - 2025/03/08 20:11:46 [DEBUG] ReferenceTransformer: "var.clusterConfiguration" references: []
2025-03-08 20:11:46 - 2025/03/08 20:11:46 [DEBUG] ReferenceTransformer: "var.cloudConfig" references: []
2025-03-08 20:11:46 - 2025/03/08 20:11:46 [DEBUG] ReferenceTransformer: "module.vpc_components.var.nat_instance_internal_subnet_id (expand)" references: []
2025-03-08 20:11:46 - 2025/03/08 20:11:46 [DEBUG] ReferenceTransformer: "module.vpc_components.local.internal_subnet_zone (expand)" references: [module.vpc_components.local.user_internal_subnet_zone (expand) module.vpc_components.local.external_subnet_zone (expand) module.vpc_components.local.external_subnet_zone (expand) module.vpc_components.local.user_internal_subnet_zone (expand)]
2025-03-08 20:11:46 - 2025/03/08 20:11:46 [DEBUG] ReferenceTransformer: "module.vpc_components.data.yandex_vpc_subnet.kube_a" references: [module.vpc_components.local.not_have_existing_subnet_a (expand) module.vpc_components.var.existing_zone_to_subnet_id_map (expand)]
2025-03-08 20:11:46 - 2025/03/08 20:11:46 [DEBUG] ReferenceTransformer: "module.vpc_components.data.yandex_vpc_subnet.kube_d" references: [module.vpc_components.local.not_have_existing_subnet_d (expand) module.vpc_components.var.existing_zone_to_subnet_id_map (expand)]
2025-03-08 20:11:46 - 2025/03/08 20:11:46 [DEBUG] ReferenceTransformer: "module.vpc_components.local.with_external_nat_instance_internal_cidr (expand)" references: [module.vpc_components.var.nat_instance_external_subnet_id (expand) module.vpc_components.local.zone_to_cidr (expand) module.vpc_components.local.external_subnet_zone (expand)]
2025-03-08 20:11:46 - 2025/03/08 20:11:46 [DEBUG] ReferenceTransformer: "module.vpc_components.local.zone_to_subnet_id_map_d_final (expand)" references: [module.vpc_components.local.zone_to_subnet_id_map_b (expand) module.vpc_components.data.yandex_vpc_subnet.kube_d module.vpc_components.data.yandex_vpc_subnet.kube_d module.vpc_components.data.yandex_vpc_subnet.kube_d]
2025-03-08 20:11:46 - 2025/03/08 20:11:46 [DEBUG] ReferenceTransformer: "module.vpc_components.local.kube_a_v4_cidr_block (expand)" references: [module.vpc_components.local.should_create_subnets (expand) module.vpc_components.var.node_network_cidr (expand)]
2025-03-08 20:11:46 - 2025/03/08 20:11:46 [DEBUG] ReferenceTransformer: "module.vpc_components.var.nat_instance_cores (expand)" references: []
2025-03-08 20:11:46 - 2025/03/08 20:11:46 [DEBUG] ReferenceTransformer: "local.node_network_cidr (expand)" references: [var.providerClusterConfiguration]
2025-03-08 20:11:46 - 2025/03/08 20:11:46 [DEBUG] ReferenceTransformer: "module.vpc_components.var.prefix (expand)" references: [local.prefix (expand)]
2025-03-08 20:11:46 - 2025/03/08 20:11:46 [DEBUG] ReferenceTransformer: "module.vpc_components.var.dhcp_domain_name (expand)" references: [local.dhcp_domain_name (expand)]
2025-03-08 20:11:46 - 2025/03/08 20:11:46 [DEBUG] ReferenceTransformer: "local.dhcp_domain_name (expand)" references: [local.dhcp_options (expand) local.dhcp_options (expand)]
2025-03-08 20:11:46 - 2025/03/08 20:11:46 [DEBUG] ReferenceTransformer: "module.vpc_components.local.not_have_existing_subnet_b (expand)" references: [module.vpc_components.local.should_create_subnets (expand) module.vpc_components.var.existing_zone_to_subnet_id_map (expand)]
2025-03-08 20:11:46 - 2025/03/08 20:11:46 [DEBUG] ReferenceTransformer: "module.vpc_components.local.from_manual_or_our_created_internal_cidr (expand)" references: [module.vpc_components.local.zone_to_cidr (expand) module.vpc_components.local.internal_subnet_zone (expand)]
2025-03-08 20:11:46 - 2025/03/08 20:11:46 [DEBUG] ReferenceTransformer: "output.cloud_discovery_data" references: [module.vpc_components.output.route_table_id (expand) local.network_id (expand) local.network_id (expand) var.providerClusterConfiguration module.vpc_components.output.zone_to_subnet_id_map (expand) var.providerClusterConfiguration module.vpc_components.output.zone_to_subnet_id_map (expand) module.vpc_components.output.zone_to_subnet_id_map (expand)]
2025-03-08 20:11:46 - 2025/03/08 20:11:46 [DEBUG] ReferenceTransformer: "module.vpc_components.data.yandex_compute_image.nat_image" references: [module.vpc_components.local.is_with_nat_instance (expand)]
2025-03-08 20:11:46 - 2025/03/08 20:11:46 [DEBUG] ReferenceTransformer: "var.clusterUUID" references: []
2025-03-08 20:11:46 - 2025/03/08 20:11:46 [DEBUG] ReferenceTransformer: "module.vpc_components.local.next_hop_address (expand)" references: [module.vpc_components.local.is_with_nat_instance (expand) module.vpc_components.local.nat_instance_internal_address_calculated (expand)]
2025-03-08 20:11:46 - 2025/03/08 20:11:46 [DEBUG] ReferenceTransformer: "module.vpc_components (close)" references: []
2025-03-08 20:11:46 - 2025/03/08 20:11:46 [DEBUG] ReferenceTransformer: "module.vpc_components.yandex_vpc_subnet.kube_a" references: [module.vpc_components.local.should_create_subnets (expand) module.vpc_components.var.prefix (expand) module.vpc_components.local.kube_a_v4_cidr_block (expand) module.vpc_components.var.labels (expand) module.vpc_components.var.network_id (expand) module.vpc_components.yandex_vpc_route_table.kube module.vpc_components.var.dhcp_domain_name (expand) module.vpc_components.var.dhcp_domain_name_servers (expand) module.vpc_components.var.dhcp_domain_name (expand) module.vpc_components.var.dhcp_domain_name_servers (expand)]
2025-03-08 20:11:46 - 2025/03/08 20:11:46 [DEBUG] ReferenceTransformer: "local.layout (expand)" references: [var.providerClusterConfiguration]
2025-03-08 20:11:46 - 2025/03/08 20:11:46 [DEBUG] ReferenceTransformer: "module.vpc_components.yandex_vpc_subnet.kube_d" references: [module.vpc_components.local.should_create_subnets (expand) module.vpc_components.local.kube_d_v4_cidr_block (expand) module.vpc_components.var.labels (expand) module.vpc_components.var.network_id (expand) module.vpc_components.var.prefix (expand) module.vpc_components.yandex_vpc_route_table.kube module.vpc_components.var.dhcp_domain_name (expand) module.vpc_components.var.dhcp_domain_name_servers (expand) module.vpc_components.var.dhcp_domain_name (expand) module.vpc_components.var.dhcp_domain_name_servers (expand)]
2025-03-08 20:11:46 - 2025/03/08 20:11:46 [DEBUG] ReferenceTransformer: "module.vpc_components.local.should_create_subnets (expand)" references: [module.vpc_components.var.existing_zone_to_subnet_id_map (expand)]
2025-03-08 20:11:46 - 2025/03/08 20:11:46 [DEBUG] ReferenceTransformer: "local.existing_zone_to_subnet_id_map (expand)" references: [var.providerClusterConfiguration]
2025-03-08 20:11:46 - 2025/03/08 20:11:46 [DEBUG] ReferenceTransformer: "module.vpc_components.local.nat_instance_cidr (expand)" references: [module.vpc_components.local.with_internal_nat_instance_internal_cidr (expand) module.vpc_components.local.with_external_nat_instance_internal_cidr (expand) module.vpc_components.local.from_manual_or_our_created_internal_cidr (expand)]
2025-03-08 20:11:46 - 2025/03/08 20:11:46 [DEBUG] ReferenceTransformer: "module.vpc_components.local.zone_to_subnet_id_map_a (expand)" references: [module.vpc_components.data.yandex_vpc_subnet.kube_a module.vpc_components.data.yandex_vpc_subnet.kube_a module.vpc_components.data.yandex_vpc_subnet.kube_a]
2025-03-08 20:11:46 - 2025/03/08 20:11:46 [DEBUG] ReferenceTransformer: "module.vpc_components.local.user_internal_subnet_zone (expand)" references: [module.vpc_components.var.nat_instance_internal_subnet_id (expand) module.vpc_components.data.yandex_vpc_subnet.user_internal_subnet]
2025-03-08 20:11:46 - 2025/03/08 20:11:46 [DEBUG] ReferenceTransformer: "module.vpc_components.output.nat_instance_name (expand)" references: [module.vpc_components.local.is_with_nat_instance (expand) module.vpc_components.yandex_compute_instance.nat_instance]
2025-03-08 20:11:46 - 2025/03/08 20:11:46 [DEBUG] ReferenceTransformer: "module.vpc_components.data.yandex_vpc_subnet.external_subnet" references: [module.vpc_components.var.nat_instance_external_subnet_id (expand) module.vpc_components.var.nat_instance_external_subnet_id (expand)]
2025-03-08 20:11:46 - 2025/03/08 20:11:46 [DEBUG] ReferenceTransformer: "var.providerClusterConfiguration" references: []
2025-03-08 20:11:46 - 2025/03/08 20:11:46 [DEBUG] ReferenceTransformer: "module.vpc_components.local.zone_to_cidr (expand)" references: [module.vpc_components.local.should_create_subnets (expand) module.vpc_components.local.kube_a_v4_cidr_block (expand) module.vpc_components.local.not_have_existing_subnet_a (expand) module.vpc_components.data.yandex_vpc_subnet.kube_a module.vpc_components.local.should_create_subnets (expand) module.vpc_components.local.kube_b_v4_cidr_block (expand) module.vpc_components.local.not_have_existing_subnet_b (expand) module.vpc_components.data.yandex_vpc_subnet.kube_b module.vpc_components.local.should_create_subnets (expand) module.vpc_components.local.kube_d_v4_cidr_block (expand) module.vpc_components.local.not_have_existing_subnet_d (expand) module.vpc_components.data.yandex_vpc_subnet.kube_d]
2025-03-08 20:11:46 - 2025/03/08 20:11:46 [DEBUG] ReferenceTransformer: "module.vpc_components.local.kube_d_v4_cidr_block (expand)" references: [module.vpc_components.local.should_create_subnets (expand) module.vpc_components.var.node_network_cidr (expand)]
2025-03-08 20:11:46 - 2025/03/08 20:11:46 [DEBUG] ReferenceTransformer: "module.vpc_components.output.route_table_id (expand)" references: [module.vpc_components.yandex_vpc_route_table.kube]
2025-03-08 20:11:46 - 2025/03/08 20:11:46 [DEBUG] ReferenceTransformer: "module.vpc_components.var.nat_instance_ssh_key (expand)" references: []
2025-03-08 20:11:46 - 2025/03/08 20:11:46 [DEBUG] ReferenceTransformer: "module.vpc_components.var.nat_instance_external_subnet_id (expand)" references: []
2025-03-08 20:11:46 - 2025/03/08 20:11:46 [DEBUG] ReferenceTransformer: "module.vpc_components.local.is_with_nat_instance (expand)" references: [module.vpc_components.var.layout (expand)]
2025-03-08 20:11:46 - 2025/03/08 20:11:46 [DEBUG] ReferenceTransformer: "module.vpc_components.local.with_internal_nat_instance_internal_cidr (expand)" references: [module.vpc_components.var.nat_instance_internal_subnet_id (expand) module.vpc_components.data.yandex_vpc_subnet.user_internal_subnet]
2025-03-08 20:11:46 - 2025/03/08 20:11:46 [DEBUG] ReferenceTransformer: "module.vpc_components.output.zone_to_subnet_id_map (expand)" references: [module.vpc_components.local.should_create_subnets (expand) module.vpc_components.yandex_vpc_subnet.kube_a module.vpc_components.yandex_vpc_subnet.kube_a module.vpc_components.yandex_vpc_subnet.kube_b module.vpc_components.yandex_vpc_subnet.kube_b module.vpc_components.yandex_vpc_subnet.kube_d module.vpc_components.yandex_vpc_subnet.kube_d module.vpc_components.local.zone_to_subnet_id_map_d_final (expand)]
2025-03-08 20:11:46 - 2025/03/08 20:11:46 [DEBUG] ReferenceTransformer: "provider[\"registry.terraform.io/yandex-cloud/yandex\"]" references: [var.providerClusterConfiguration var.providerClusterConfiguration var.providerClusterConfiguration]
2025-03-08 20:11:46 - 2025/03/08 20:11:46 [DEBUG] ReferenceTransformer: "module.vpc_components.var.nat_instance_memory (expand)" references: []
2025-03-08 20:11:46 - 2025/03/08 20:11:46 [DEBUG] ReferenceTransformer: "module.vpc_components.local.nat_instance_internal_address_calculated (expand)" references: [module.vpc_components.local.is_with_nat_instance (expand) module.vpc_components.var.nat_instance_internal_address (expand) module.vpc_components.local.nat_instance_cidr (expand) module.vpc_components.var.nat_instance_internal_address (expand)]
2025-03-08 20:11:47 - 2025/03/08 20:11:47 [DEBUG] Starting graph walk: walkValidate
2025-03-08 20:11:47 - 2025-03-08T20:11:47.016Z [INFO]  plugin: configuring client automatic mTLS
2025-03-08 20:11:47 - 2025-03-08T20:11:47.023Z [DEBUG] plugin: starting plugin: path=/tmp/dhctl/tf_dhctl/providers/registry.terraform.io/yandex-cloud/yandex/0.83.0/linux_amd64/terraform-provider-yandex args=[/tmp/dhctl/tf_dhctl/providers/registry.terraform.io/yandex-cloud/yandex/0.83.0/linux_amd64/terraform-provider-yandex]
2025-03-08 20:11:47 - 2025-03-08T20:11:47.024Z [DEBUG] plugin: plugin started: path=/tmp/dhctl/tf_dhctl/providers/registry.terraform.io/yandex-cloud/yandex/0.83.0/linux_amd64/terraform-provider-yandex pid=119
2025-03-08 20:11:47 - 2025-03-08T20:11:47.024Z [DEBUG] plugin: waiting for RPC address: path=/tmp/dhctl/tf_dhctl/providers/registry.terraform.io/yandex-cloud/yandex/0.83.0/linux_amd64/terraform-provider-yandex
2025-03-08 20:11:47 - 2025-03-08T20:11:47.240Z [INFO]  plugin.terraform-provider-yandex: configuring server automatic mTLS: timestamp=2025-03-08T20:11:47.238Z
2025-03-08 20:11:47 - 2025-03-08T20:11:47.278Z [DEBUG] plugin.terraform-provider-yandex: plugin address: address=/tmp/plugin302836674 network=unix timestamp=2025-03-08T20:11:47.278Z
2025-03-08 20:11:47 - 2025-03-08T20:11:47.278Z [DEBUG] plugin: using plugin: version=5
2025-03-08 20:11:47 - 2025-03-08T20:11:47.384Z [WARN]  plugin.stdio: received EOF, stopping recv loop: err="rpc error: code = Unavailable desc = transport is closing"
2025-03-08 20:11:47 - 2025-03-08T20:11:47.385Z [DEBUG] plugin: plugin process exited: path=/tmp/dhctl/tf_dhctl/providers/registry.terraform.io/yandex-cloud/yandex/0.83.0/linux_amd64/terraform-provider-yandex pid=119
2025-03-08 20:11:47 - 2025-03-08T20:11:47.385Z [DEBUG] plugin: plugin exited
2025-03-08 20:11:47 - 2025/03/08 20:11:47 [INFO] backend/local: plan calling Plan
2025-03-08 20:11:47 - 2025/03/08 20:11:47 [INFO] terraform: building graph: GraphTypePlan
2025-03-08 20:11:47 - 2025/03/08 20:11:47 [DEBUG] ProviderTransformer: "module.vpc_components.data.yandex_compute_image.nat_image (expand)" (*terraform.nodeExpandPlannableResource) needs provider["registry.terraform.io/yandex-cloud/yandex"]
2025-03-08 20:11:47 - 2025/03/08 20:11:47 [DEBUG] ProviderTransformer: "module.vpc_components.data.yandex_vpc_subnet.external_subnet (expand)" (*terraform.nodeExpandPlannableResource) needs provider["registry.terraform.io/yandex-cloud/yandex"]
2025-03-08 20:11:47 - 2025/03/08 20:11:47 [DEBUG] ProviderTransformer: "module.vpc_components.data.yandex_vpc_subnet.kube_d (expand)" (*terraform.nodeExpandPlannableResource) needs provider["registry.terraform.io/yandex-cloud/yandex"]
2025-03-08 20:11:47 - 2025/03/08 20:11:47 [DEBUG] ProviderTransformer: "module.vpc_components.yandex_vpc_subnet.kube_d (expand)" (*terraform.nodeExpandPlannableResource) needs provider["registry.terraform.io/yandex-cloud/yandex"]
2025-03-08 20:11:47 - 2025/03/08 20:11:47 [DEBUG] ProviderTransformer: "module.vpc_components.data.yandex_vpc_subnet.kube_a (expand)" (*terraform.nodeExpandPlannableResource) needs provider["registry.terraform.io/yandex-cloud/yandex"]
2025-03-08 20:11:47 - 2025/03/08 20:11:47 [DEBUG] ProviderTransformer: "module.vpc_components.yandex_vpc_gateway.kube (expand)" (*terraform.nodeExpandPlannableResource) needs provider["registry.terraform.io/yandex-cloud/yandex"]
2025-03-08 20:11:47 - 2025/03/08 20:11:47 [DEBUG] ProviderTransformer: "module.vpc_components.yandex_compute_instance.nat_instance (expand)" (*terraform.nodeExpandPlannableResource) needs provider["registry.terraform.io/yandex-cloud/yandex"]
2025-03-08 20:11:47 - 2025/03/08 20:11:47 [DEBUG] ProviderTransformer: "module.vpc_components.yandex_vpc_subnet.kube_a (expand)" (*terraform.nodeExpandPlannableResource) needs provider["registry.terraform.io/yandex-cloud/yandex"]
2025-03-08 20:11:47 - 2025/03/08 20:11:47 [DEBUG] ProviderTransformer: "yandex_vpc_network.kube (expand)" (*terraform.nodeExpandPlannableResource) needs provider["registry.terraform.io/yandex-cloud/yandex"]
2025-03-08 20:11:47 - 2025/03/08 20:11:47 [DEBUG] ProviderTransformer: "module.vpc_components.data.yandex_vpc_subnet.user_internal_subnet (expand)" (*terraform.nodeExpandPlannableResource) needs provider["registry.terraform.io/yandex-cloud/yandex"]
2025-03-08 20:11:47 - 2025/03/08 20:11:47 [DEBUG] ProviderTransformer: "module.vpc_components.yandex_vpc_route_table.kube (expand)" (*terraform.nodeExpandPlannableResource) needs provider["registry.terraform.io/yandex-cloud/yandex"]
2025-03-08 20:11:47 - 2025/03/08 20:11:47 [DEBUG] ProviderTransformer: "module.vpc_components.yandex_vpc_subnet.kube_b (expand)" (*terraform.nodeExpandPlannableResource) needs provider["registry.terraform.io/yandex-cloud/yandex"]
2025-03-08 20:11:47 - 2025/03/08 20:11:47 [DEBUG] ProviderTransformer: "module.vpc_components.data.yandex_vpc_subnet.kube_b (expand)" (*terraform.nodeExpandPlannableResource) needs provider["registry.terraform.io/yandex-cloud/yandex"]
2025-03-08 20:11:47 - 2025/03/08 20:11:47 [DEBUG] ReferenceTransformer: "module.vpc_components.yandex_vpc_route_table.kube (expand)" references: [module.vpc_components.var.network_id (expand) module.vpc_components.var.labels (expand) module.vpc_components.var.prefix (expand) module.vpc_components.local.is_standard (expand) module.vpc_components.local.is_with_nat_instance (expand) module.vpc_components.local.next_hop_address (expand) module.vpc_components.local.is_standard (expand) module.vpc_components.yandex_vpc_gateway.kube (expand)]
2025-03-08 20:11:47 - 2025/03/08 20:11:47 [DEBUG] ReferenceTransformer: "module.vpc_components.yandex_vpc_subnet.kube_b (expand)" references: [module.vpc_components.local.should_create_subnets (expand) module.vpc_components.var.labels (expand) module.vpc_components.var.network_id (expand) module.vpc_components.yandex_vpc_route_table.kube (expand) module.vpc_components.local.kube_b_v4_cidr_block (expand) module.vpc_components.var.prefix (expand) module.vpc_components.var.dhcp_domain_name (expand) module.vpc_components.var.dhcp_domain_name_servers (expand) module.vpc_components.var.dhcp_domain_name (expand) module.vpc_components.var.dhcp_domain_name_servers (expand)]
2025-03-08 20:11:47 - 2025/03/08 20:11:47 [DEBUG] ReferenceTransformer: "module.vpc_components.var.prefix (expand)" references: [local.prefix (expand)]
2025-03-08 20:11:47 - 2025/03/08 20:11:47 [DEBUG] ReferenceTransformer: "local.existing_network_id (expand)" references: [var.providerClusterConfiguration]
2025-03-08 20:11:47 - 2025/03/08 20:11:47 [DEBUG] ReferenceTransformer: "local.layout (expand)" references: [var.providerClusterConfiguration]
2025-03-08 20:11:47 - 2025/03/08 20:11:47 [DEBUG] ReferenceTransformer: "module.vpc_components.local.kube_d_v4_cidr_block (expand)" references: [module.vpc_components.local.should_create_subnets (expand) module.vpc_components.var.node_network_cidr (expand)]
2025-03-08 20:11:47 - 2025/03/08 20:11:47 [DEBUG] ReferenceTransformer: "module.vpc_components.var.labels (expand)" references: [local.labels (expand)]
2025-03-08 20:11:47 - 2025/03/08 20:11:47 [DEBUG] ReferenceTransformer: "local.node_network_cidr (expand)" references: [var.providerClusterConfiguration]
2025-03-08 20:11:47 - 2025/03/08 20:11:47 [DEBUG] ReferenceTransformer: "module.vpc_components.var.nat_instance_external_subnet_id (expand)" references: []
2025-03-08 20:11:47 - 2025/03/08 20:11:47 [DEBUG] ReferenceTransformer: "module.vpc_components.local.should_create_subnets (expand)" references: [module.vpc_components.var.existing_zone_to_subnet_id_map (expand)]
2025-03-08 20:11:47 - 2025/03/08 20:11:47 [DEBUG] ReferenceTransformer: "module.vpc_components.local.with_internal_nat_instance_internal_cidr (expand)" references: [module.vpc_components.var.nat_instance_internal_subnet_id (expand) module.vpc_components.data.yandex_vpc_subnet.user_internal_subnet (expand)]
2025-03-08 20:11:47 - 2025/03/08 20:11:47 [DEBUG] ReferenceTransformer: "module.vpc_components.output.zone_to_subnet_id_map (expand)" references: [module.vpc_components.local.should_create_subnets (expand) module.vpc_components.yandex_vpc_subnet.kube_a (expand) module.vpc_components.yandex_vpc_subnet.kube_a (expand) module.vpc_components.yandex_vpc_subnet.kube_b (expand) module.vpc_components.yandex_vpc_subnet.kube_b (expand) module.vpc_components.yandex_vpc_subnet.kube_d (expand) module.vpc_components.yandex_vpc_subnet.kube_d (expand) module.vpc_components.local.zone_to_subnet_id_map_d_final (expand)]
2025-03-08 20:11:47 - 2025/03/08 20:11:47 [DEBUG] ReferenceTransformer: "module.vpc_components.output.nat_instance_name (expand)" references: [module.vpc_components.local.is_with_nat_instance (expand) module.vpc_components.yandex_compute_instance.nat_instance (expand)]
2025-03-08 20:11:47 - 2025/03/08 20:11:47 [DEBUG] ReferenceTransformer: "module.vpc_components.data.yandex_vpc_subnet.kube_b (expand)" references: [module.vpc_components.local.not_have_existing_subnet_b (expand) module.vpc_components.var.existing_zone_to_subnet_id_map (expand)]
2025-03-08 20:11:47 - 2025/03/08 20:11:47 [DEBUG] ReferenceTransformer: "var.clusterUUID" references: []
2025-03-08 20:11:47 - 2025/03/08 20:11:47 [DEBUG] ReferenceTransformer: "local.dhcp_domain_name_servers (expand)" references: [local.dhcp_options (expand) local.dhcp_options (expand)]
2025-03-08 20:11:47 - 2025/03/08 20:11:47 [DEBUG] ReferenceTransformer: "local.labels (expand)" references: [var.providerClusterConfiguration]
2025-03-08 20:11:47 - 2025/03/08 20:11:47 [DEBUG] ReferenceTransformer: "module.vpc_components.local.internal_subnet_zone (expand)" references: [module.vpc_components.local.user_internal_subnet_zone (expand) module.vpc_components.local.external_subnet_zone (expand) module.vpc_components.local.external_subnet_zone (expand) module.vpc_components.local.user_internal_subnet_zone (expand)]
2025-03-08 20:11:47 - 2025/03/08 20:11:47 [DEBUG] ReferenceTransformer: "module.vpc_components.local.not_have_existing_subnet_a (expand)" references: [module.vpc_components.local.should_create_subnets (expand) module.vpc_components.var.existing_zone_to_subnet_id_map (expand)]
2025-03-08 20:11:47 - 2025/03/08 20:11:47 [DEBUG] ReferenceTransformer: "module.vpc_components.var.nat_instance_external_address (expand)" references: []
2025-03-08 20:11:47 - 2025/03/08 20:11:47 [DEBUG] ReferenceTransformer: "module.vpc_components.local.not_have_existing_subnet_d (expand)" references: [module.vpc_components.local.should_create_subnets (expand) module.vpc_components.var.existing_zone_to_subnet_id_map (expand)]
2025-03-08 20:11:47 - 2025/03/08 20:11:47 [DEBUG] ReferenceTransformer: "provider[\"registry.terraform.io/yandex-cloud/yandex\"]" references: [var.providerClusterConfiguration var.providerClusterConfiguration var.providerClusterConfiguration]
2025-03-08 20:11:47 - 2025/03/08 20:11:47 [DEBUG] ReferenceTransformer: "module.vpc_components.yandex_vpc_subnet.kube_a (expand)" references: [module.vpc_components.local.should_create_subnets (expand) module.vpc_components.yandex_vpc_route_table.kube (expand) module.vpc_components.local.kube_a_v4_cidr_block (expand) module.vpc_components.var.labels (expand) module.vpc_components.var.prefix (expand) module.vpc_components.var.network_id (expand) module.vpc_components.var.dhcp_domain_name (expand) module.vpc_components.var.dhcp_domain_name_servers (expand) module.vpc_components.var.dhcp_domain_name (expand) module.vpc_components.var.dhcp_domain_name_servers (expand)]
2025-03-08 20:11:47 - 2025/03/08 20:11:47 [DEBUG] ReferenceTransformer: "module.vpc_components.yandex_vpc_subnet.kube_d (expand)" references: [module.vpc_components.local.should_create_subnets (expand) module.vpc_components.local.kube_d_v4_cidr_block (expand) module.vpc_components.var.labels (expand) module.vpc_components.var.prefix (expand) module.vpc_components.var.network_id (expand) module.vpc_components.yandex_vpc_route_table.kube (expand) module.vpc_components.var.dhcp_domain_name (expand) module.vpc_components.var.dhcp_domain_name_servers (expand) module.vpc_components.var.dhcp_domain_name (expand) module.vpc_components.var.dhcp_domain_name_servers (expand)]
2025-03-08 20:11:47 - 2025/03/08 20:11:47 [DEBUG] ReferenceTransformer: "module.vpc_components.data.yandex_vpc_subnet.kube_a (expand)" references: [module.vpc_components.local.not_have_existing_subnet_a (expand) module.vpc_components.var.existing_zone_to_subnet_id_map (expand)]
2025-03-08 20:11:47 - 2025/03/08 20:11:47 [DEBUG] ReferenceTransformer: "var.nodeIndex" references: []
2025-03-08 20:11:47 - 2025/03/08 20:11:47 [DEBUG] ReferenceTransformer: "module.vpc_components.local.next_hop_address (expand)" references: [module.vpc_components.local.is_with_nat_instance (expand) module.vpc_components.local.nat_instance_internal_address_calculated (expand)]
2025-03-08 20:11:47 - 2025/03/08 20:11:47 [DEBUG] ReferenceTransformer: "module.vpc_components.local.is_with_nat_instance (expand)" references: [module.vpc_components.var.layout (expand)]
2025-03-08 20:11:47 - 2025/03/08 20:11:47 [DEBUG] ReferenceTransformer: "module.vpc_components.yandex_vpc_gateway.kube (expand)" references: [module.vpc_components.local.is_standard (expand) module.vpc_components.var.labels (expand) module.vpc_components.var.prefix (expand)]
2025-03-08 20:11:47 - 2025/03/08 20:11:47 [DEBUG] ReferenceTransformer: "module.vpc_components.var.dhcp_domain_name (expand)" references: [local.dhcp_domain_name (expand)]
2025-03-08 20:11:47 - 2025/03/08 20:11:47 [DEBUG] ReferenceTransformer: "local.existing_zone_to_subnet_id_map (expand)" references: [var.providerClusterConfiguration]
2025-03-08 20:11:47 - 2025/03/08 20:11:47 [DEBUG] ReferenceTransformer: "module.vpc_components.local.assign_external_ip_address (expand)" references: [module.vpc_components.var.nat_instance_external_subnet_id (expand)]
2025-03-08 20:11:47 - 2025/03/08 20:11:47 [DEBUG] ReferenceTransformer: "module.vpc_components.var.existing_zone_to_subnet_id_map (expand)" references: [local.existing_zone_to_subnet_id_map (expand)]
2025-03-08 20:11:47 - 2025/03/08 20:11:47 [DEBUG] ReferenceTransformer: "module.vpc_components.local.zone_to_cidr (expand)" references: [module.vpc_components.local.should_create_subnets (expand) module.vpc_components.local.kube_a_v4_cidr_block (expand) module.vpc_components.local.not_have_existing_subnet_a (expand) module.vpc_components.data.yandex_vpc_subnet.kube_a (expand) module.vpc_components.local.should_create_subnets (expand) module.vpc_components.local.kube_b_v4_cidr_block (expand) module.vpc_components.local.not_have_existing_subnet_b (expand) module.vpc_components.data.yandex_vpc_subnet.kube_b (expand) module.vpc_components.local.should_create_subnets (expand) module.vpc_components.local.kube_d_v4_cidr_block (expand) module.vpc_components.local.not_have_existing_subnet_d (expand) module.vpc_components.data.yandex_vpc_subnet.kube_d (expand)]
2025-03-08 20:11:47 - 2025/03/08 20:11:47 [DEBUG] ReferenceTransformer: "module.vpc_components.local.zone_to_subnet_id_map_b (expand)" references: [module.vpc_components.local.zone_to_subnet_id_map_a (expand) module.vpc_components.data.yandex_vpc_subnet.kube_b (expand) module.vpc_components.data.yandex_vpc_subnet.kube_b (expand) module.vpc_components.data.yandex_vpc_subnet.kube_b (expand)]
2025-03-08 20:11:47 - 2025/03/08 20:11:47 [DEBUG] ReferenceTransformer: "var.providerClusterConfiguration" references: []
2025-03-08 20:11:47 - 2025/03/08 20:11:47 [DEBUG] ReferenceTransformer: "module.vpc_components.var.nat_instance_cores (expand)" references: []
2025-03-08 20:11:47 - 2025/03/08 20:11:47 [DEBUG] ReferenceTransformer: "module.vpc_components.local.is_standard (expand)" references: [module.vpc_components.var.layout (expand)]
2025-03-08 20:11:47 - 2025/03/08 20:11:47 [DEBUG] ReferenceTransformer: "module.vpc_components.local.kube_b_v4_cidr_block (expand)" references: [module.vpc_components.local.should_create_subnets (expand) module.vpc_components.var.node_network_cidr (expand)]
2025-03-08 20:11:47 - 2025/03/08 20:11:47 [DEBUG] ReferenceTransformer: "var.clusterConfiguration" references: []
2025-03-08 20:11:47 - 2025/03/08 20:11:47 [DEBUG] ReferenceTransformer: "module.vpc_components.var.nat_instance_memory (expand)" references: []
2025-03-08 20:11:47 - 2025/03/08 20:11:47 [DEBUG] ReferenceTransformer: "module.vpc_components.var.dhcp_domain_name_servers (expand)" references: [local.dhcp_domain_name_servers (expand)]
2025-03-08 20:11:47 - 2025/03/08 20:11:47 [DEBUG] ReferenceTransformer: "module.vpc_components.local.nat_instance_internal_address_calculated (expand)" references: [module.vpc_components.local.is_with_nat_instance (expand) module.vpc_components.var.nat_instance_internal_address (expand) module.vpc_components.local.nat_instance_cidr (expand) module.vpc_components.var.nat_instance_internal_address (expand)]
2025-03-08 20:11:47 - 2025/03/08 20:11:47 [DEBUG] ReferenceTransformer: "module.vpc_components.local.nat_instance_cidr (expand)" references: [module.vpc_components.local.with_internal_nat_instance_internal_cidr (expand) module.vpc_components.local.with_external_nat_instance_internal_cidr (expand) module.vpc_components.local.from_manual_or_our_created_internal_cidr (expand)]
2025-03-08 20:11:47 - 2025/03/08 20:11:47 [DEBUG] ReferenceTransformer: "module.vpc_components.local.not_have_existing_subnet_b (expand)" references: [module.vpc_components.local.should_create_subnets (expand) module.vpc_components.var.existing_zone_to_subnet_id_map (expand)]
2025-03-08 20:11:47 - 2025/03/08 20:11:47 [DEBUG] ReferenceTransformer: "module.vpc_components.yandex_compute_instance.nat_instance (expand)" references: [module.vpc_components.local.is_with_nat_instance (expand) module.vpc_components.var.prefix (expand) module.vpc_components.local.user_data (expand) module.vpc_components.var.prefix (expand) module.vpc_components.local.internal_subnet_zone (expand) module.vpc_components.var.nat_instance_external_subnet_id (expand) module.vpc_components.var.nat_instance_external_subnet_id (expand) module.vpc_components.var.nat_instance_memory (expand) module.vpc_components.var.nat_instance_cores (expand) module.vpc_components.data.yandex_compute_image.nat_image (expand) module.vpc_components.var.nat_instance_external_address (expand) module.vpc_components.local.nat_instance_internal_address_calculated (expand) module.vpc_components.local.zone_to_subnet_id (expand) module.vpc_components.local.internal_subnet_zone (expand) module.vpc_components.local.assign_external_ip_address (expand) module.vpc_components.var.nat_instance_external_address (expand) module.vpc_components.local.assign_external_ip_address (expand)]
2025-03-08 20:11:47 - 2025/03/08 20:11:47 [DEBUG] ReferenceTransformer: "module.vpc_components.data.yandex_compute_image.nat_image (expand)" references: [module.vpc_components.local.is_with_nat_instance (expand)]
2025-03-08 20:11:47 - 2025/03/08 20:11:47 [DEBUG] ReferenceTransformer: "module.vpc_components.var.nat_instance_ssh_key (expand)" references: []
2025-03-08 20:11:47 - 2025/03/08 20:11:47 [DEBUG] ReferenceTransformer: "local.network_id (expand)" references: [local.existing_network_id (expand) local.existing_network_id (expand) yandex_vpc_network.kube (expand)]
2025-03-08 20:11:47 - 2025/03/08 20:11:47 [DEBUG] ReferenceTransformer: "module.vpc_components.local.zone_to_subnet_id_map_a (expand)" references: [module.vpc_components.data.yandex_vpc_subnet.kube_a (expand) module.vpc_components.data.yandex_vpc_subnet.kube_a (expand) module.vpc_components.data.yandex_vpc_subnet.kube_a (expand)]
2025-03-08 20:11:47 - 2025/03/08 20:11:47 [DEBUG] ReferenceTransformer: "module.vpc_components.local.zone_to_subnet_id_map_d_final (expand)" references: [module.vpc_components.local.zone_to_subnet_id_map_b (expand) module.vpc_components.data.yandex_vpc_subnet.kube_d (expand) module.vpc_components.data.yandex_vpc_subnet.kube_d (expand) module.vpc_components.data.yandex_vpc_subnet.kube_d (expand)]
2025-03-08 20:11:47 - 2025/03/08 20:11:47 [DEBUG] ReferenceTransformer: "yandex_vpc_network.kube (expand)" references: [local.existing_network_id (expand) local.prefix (expand) local.labels (expand)]
2025-03-08 20:11:47 - 2025/03/08 20:11:47 [DEBUG] ReferenceTransformer: "module.vpc_components.var.layout (expand)" references: [local.layout (expand)]
2025-03-08 20:11:47 - 2025/03/08 20:11:47 [DEBUG] ReferenceTransformer: "module.vpc_components.var.node_network_cidr (expand)" references: [local.node_network_cidr (expand)]
2025-03-08 20:11:47 - 2025/03/08 20:11:47 [DEBUG] ReferenceTransformer: "module.vpc_components.local.external_subnet_zone (expand)" references: [module.vpc_components.var.nat_instance_external_subnet_id (expand) module.vpc_components.data.yandex_vpc_subnet.external_subnet (expand)]
2025-03-08 20:11:47 - 2025/03/08 20:11:47 [DEBUG] ReferenceTransformer: "module.vpc_components.output.route_table_id (expand)" references: [module.vpc_components.yandex_vpc_route_table.kube (expand)]
2025-03-08 20:11:47 - 2025/03/08 20:11:47 [DEBUG] ReferenceTransformer: "module.vpc_components.data.yandex_vpc_subnet.external_subnet (expand)" references: [module.vpc_components.var.nat_instance_external_subnet_id (expand) module.vpc_components.var.nat_instance_external_subnet_id (expand)]
2025-03-08 20:11:47 - 2025/03/08 20:11:47 [DEBUG] ReferenceTransformer: "module.vpc_components.var.nat_instance_internal_subnet_id (expand)" references: []
2025-03-08 20:11:47 - 2025/03/08 20:11:47 [DEBUG] ReferenceTransformer: "local.prefix (expand)" references: [var.clusterConfiguration]
2025-03-08 20:11:47 - 2025/03/08 20:11:47 [DEBUG] ReferenceTransformer: "module.vpc_components.local.from_manual_or_our_created_internal_cidr (expand)" references: [module.vpc_components.local.zone_to_cidr (expand) module.vpc_components.local.internal_subnet_zone (expand)]
2025-03-08 20:11:47 - 2025/03/08 20:11:47 [DEBUG] ReferenceTransformer: "module.vpc_components.local.with_external_nat_instance_internal_cidr (expand)" references: [module.vpc_components.var.nat_instance_external_subnet_id (expand) module.vpc_components.local.zone_to_cidr (expand) module.vpc_components.local.external_subnet_zone (expand)]
2025-03-08 20:11:47 - 2025/03/08 20:11:47 [DEBUG] ReferenceTransformer: "module.vpc_components (close)" references: []
2025-03-08 20:11:47 - 2025/03/08 20:11:47 [DEBUG] ReferenceTransformer: "module.vpc_components.data.yandex_vpc_subnet.kube_d (expand)" references: [module.vpc_components.local.not_have_existing_subnet_d (expand) module.vpc_components.var.existing_zone_to_subnet_id_map (expand)]
2025-03-08 20:11:47 - 2025/03/08 20:11:47 [DEBUG] ReferenceTransformer: "var.cloudConfig" references: []
2025-03-08 20:11:47 - 2025/03/08 20:11:47 [DEBUG] ReferenceTransformer: "module.vpc_components.local.zone_to_subnet_id (expand)" references: [module.vpc_components.local.should_create_subnets (expand) module.vpc_components.yandex_vpc_subnet.kube_a (expand) module.vpc_components.local.not_have_existing_subnet_a (expand) module.vpc_components.data.yandex_vpc_subnet.kube_a (expand) module.vpc_components.local.should_create_subnets (expand) module.vpc_components.yandex_vpc_subnet.kube_b (expand) module.vpc_components.local.not_have_existing_subnet_b (expand) module.vpc_components.data.yandex_vpc_subnet.kube_b (expand) module.vpc_components.local.should_create_subnets (expand) module.vpc_components.yandex_vpc_subnet.kube_d (expand) module.vpc_components.local.not_have_existing_subnet_d (expand) module.vpc_components.data.yandex_vpc_subnet.kube_d (expand)]
2025-03-08 20:11:47 - 2025/03/08 20:11:47 [DEBUG] ReferenceTransformer: "module.vpc_components.local.user_internal_subnet_zone (expand)" references: [module.vpc_components.var.nat_instance_internal_subnet_id (expand) module.vpc_components.data.yandex_vpc_subnet.user_internal_subnet (expand)]
2025-03-08 20:11:47 - 2025/03/08 20:11:47 [DEBUG] ReferenceTransformer: "module.vpc_components.output.nat_instance_zone (expand)" references: [module.vpc_components.local.is_with_nat_instance (expand) module.vpc_components.yandex_compute_instance.nat_instance (expand)]
2025-03-08 20:11:47 - 2025/03/08 20:11:47 [DEBUG] ReferenceTransformer: "output.cloud_discovery_data" references: [module.vpc_components.output.route_table_id (expand) local.network_id (expand) local.network_id (expand) var.providerClusterConfiguration module.vpc_components.output.zone_to_subnet_id_map (expand) var.providerClusterConfiguration module.vpc_components.output.zone_to_subnet_id_map (expand) module.vpc_components.output.zone_to_subnet_id_map (expand)]
2025-03-08 20:11:47 - 2025/03/08 20:11:47 [DEBUG] ReferenceTransformer: "module.vpc_components.local.kube_a_v4_cidr_block (expand)" references: [module.vpc_components.local.should_create_subnets (expand) module.vpc_components.var.node_network_cidr (expand)]
2025-03-08 20:11:47 - 2025/03/08 20:11:47 [DEBUG] ReferenceTransformer: "module.vpc_components (expand)" references: []
2025-03-08 20:11:47 - 2025/03/08 20:11:47 [DEBUG] ReferenceTransformer: "module.vpc_components.data.yandex_vpc_subnet.user_internal_subnet (expand)" references: [module.vpc_components.var.nat_instance_internal_subnet_id (expand) module.vpc_components.var.nat_instance_internal_subnet_id (expand)]
2025-03-08 20:11:47 - 2025/03/08 20:11:47 [DEBUG] ReferenceTransformer: "module.vpc_components.var.nat_instance_internal_address (expand)" references: []
2025-03-08 20:11:47 - 2025/03/08 20:11:47 [DEBUG] ReferenceTransformer: "module.vpc_components.var.network_id (expand)" references: [local.network_id (expand)]
2025-03-08 20:11:47 - 2025/03/08 20:11:47 [DEBUG] ReferenceTransformer: "local.dhcp_options (expand)" references: [var.providerClusterConfiguration]
2025-03-08 20:11:47 - 2025/03/08 20:11:47 [DEBUG] ReferenceTransformer: "local.dhcp_domain_name (expand)" references: [local.dhcp_options (expand) local.dhcp_options (expand)]
2025-03-08 20:11:47 - 2025/03/08 20:11:47 [DEBUG] ReferenceTransformer: "module.vpc_components.local.user_data (expand)" references: [module.vpc_components.var.nat_instance_ssh_key (expand) module.vpc_components.var.node_network_cidr (expand)]
2025-03-08 20:11:47 - 2025/03/08 20:11:47 [DEBUG] Starting graph walk: walkPlan
2025-03-08 20:11:47 - 2025-03-08T20:11:47.398Z [INFO]  plugin: configuring client automatic mTLS
2025-03-08 20:11:47 - 2025-03-08T20:11:47.405Z [DEBUG] plugin: starting plugin: path=/tmp/dhctl/tf_dhctl/providers/registry.terraform.io/yandex-cloud/yandex/0.83.0/linux_amd64/terraform-provider-yandex args=[/tmp/dhctl/tf_dhctl/providers/registry.terraform.io/yandex-cloud/yandex/0.83.0/linux_amd64/terraform-provider-yandex]
2025-03-08 20:11:47 - 2025-03-08T20:11:47.406Z [DEBUG] plugin: plugin started: path=/tmp/dhctl/tf_dhctl/providers/registry.terraform.io/yandex-cloud/yandex/0.83.0/linux_amd64/terraform-provider-yandex pid=136
2025-03-08 20:11:47 - 2025-03-08T20:11:47.406Z [DEBUG] plugin: waiting for RPC address: path=/tmp/dhctl/tf_dhctl/providers/registry.terraform.io/yandex-cloud/yandex/0.83.0/linux_amd64/terraform-provider-yandex
2025-03-08 20:11:47 - 2025-03-08T20:11:47.561Z [INFO]  plugin.terraform-provider-yandex: configuring server automatic mTLS: timestamp=2025-03-08T20:11:47.559Z
2025-03-08 20:11:47 - 2025-03-08T20:11:47.595Z [DEBUG] plugin.terraform-provider-yandex: plugin address: address=/tmp/plugin2136276717 network=unix timestamp=2025-03-08T20:11:47.595Z
2025-03-08 20:11:47 - 2025-03-08T20:11:47.595Z [DEBUG] plugin: using plugin: version=5
2025-03-08 20:11:47 - 2025/03/08 20:11:47 [DEBUG] Resource instance state not found for node "module.vpc_components.yandex_vpc_gateway.kube[0]", instance module.vpc_components.yandex_vpc_gateway.kube[0]
2025-03-08 20:11:47 - 2025/03/08 20:11:47 [INFO] ReferenceTransformer: reference not found: "local.is_standard"
2025-03-08 20:11:47 - 2025/03/08 20:11:47 [INFO] ReferenceTransformer: reference not found: "var.labels"
2025-03-08 20:11:47 - 2025/03/08 20:11:47 [INFO] ReferenceTransformer: reference not found: "var.prefix"
2025-03-08 20:11:47 - 2025/03/08 20:11:47 [DEBUG] ReferenceTransformer: "module.vpc_components.yandex_vpc_gateway.kube[0]" references: []
2025-03-08 20:11:47 - 2025/03/08 20:11:47 [DEBUG] refresh: module.vpc_components.yandex_vpc_gateway.kube[0]: no state, so not refreshing
2025-03-08 20:11:47 - 2025/03/08 20:11:47 [DEBUG] Resource instance state not found for node "yandex_vpc_network.kube[0]", instance yandex_vpc_network.kube[0]
2025-03-08 20:11:47 - 2025/03/08 20:11:47 [INFO] ReferenceTransformer: reference not found: "local.existing_network_id"
2025-03-08 20:11:47 - 2025/03/08 20:11:47 [INFO] ReferenceTransformer: reference not found: "local.prefix"
2025-03-08 20:11:47 - 2025/03/08 20:11:47 [INFO] ReferenceTransformer: reference not found: "local.labels"
2025-03-08 20:11:47 - 2025/03/08 20:11:47 [DEBUG] ReferenceTransformer: "yandex_vpc_network.kube[0]" references: []
2025-03-08 20:11:47 - 2025/03/08 20:11:47 [DEBUG] refresh: yandex_vpc_network.kube[0]: no state, so not refreshing
2025-03-08 20:11:47 - 2025/03/08 20:11:47 [WARN] Provider "registry.terraform.io/yandex-cloud/yandex" produced an invalid plan for yandex_vpc_network.kube[0], but we are tolerating it because it is using the legacy plugin SDK.
2025-03-08 20:11:47 -     The following problems may be the cause of any confusing errors from downstream operations:
2025-03-08 20:11:47 -       - .labels: planned value cty.UnknownVal(cty.Map(cty.String)) does not match config value cty.MapValEmpty(cty.String)
2025-03-08 20:11:47 - 2025/03/08 20:11:47 [WARN] Provider "registry.terraform.io/yandex-cloud/yandex" produced an invalid plan for module.vpc_components.yandex_vpc_gateway.kube[0], but we are tolerating it because it is using the legacy plugin SDK.
2025-03-08 20:11:47 -     The following problems may be the cause of any confusing errors from downstream operations:
2025-03-08 20:11:47 -       - .labels: planned value cty.UnknownVal(cty.Map(cty.String)) does not match config value cty.MapValEmpty(cty.String)
2025-03-08 20:11:47 - 2025/03/08 20:11:47 [DEBUG] Resource instance state not found for node "module.vpc_components.yandex_vpc_route_table.kube", instance module.vpc_components.yandex_vpc_route_table.kube
2025-03-08 20:11:47 - 2025/03/08 20:11:47 [INFO] ReferenceTransformer: reference not found: "var.prefix"
2025-03-08 20:11:47 - 2025/03/08 20:11:47 [INFO] ReferenceTransformer: reference not found: "var.network_id"
2025-03-08 20:11:47 - 2025/03/08 20:11:47 [INFO] ReferenceTransformer: reference not found: "var.labels"
2025-03-08 20:11:47 - 2025/03/08 20:11:47 [INFO] ReferenceTransformer: reference not found: "local.is_standard"
2025-03-08 20:11:47 - 2025/03/08 20:11:47 [INFO] ReferenceTransformer: reference not found: "local.is_with_nat_instance"
2025-03-08 20:11:47 - 2025/03/08 20:11:47 [INFO] ReferenceTransformer: reference not found: "local.next_hop_address"
2025-03-08 20:11:47 - 2025/03/08 20:11:47 [INFO] ReferenceTransformer: reference not found: "local.is_standard"
2025-03-08 20:11:47 - 2025/03/08 20:11:47 [DEBUG] ReferenceTransformer: "module.vpc_components.yandex_vpc_route_table.kube" references: []
2025-03-08 20:11:47 - 2025/03/08 20:11:47 [DEBUG] refresh: module.vpc_components.yandex_vpc_route_table.kube: no state, so not refreshing
2025-03-08 20:11:47 - 2025/03/08 20:11:47 [WARN] Provider "registry.terraform.io/yandex-cloud/yandex" produced an invalid plan for module.vpc_components.yandex_vpc_route_table.kube, but we are tolerating it because it is using the legacy plugin SDK.
2025-03-08 20:11:47 -     The following problems may be the cause of any confusing errors from downstream operations:
2025-03-08 20:11:47 -       - .labels: planned value cty.UnknownVal(cty.Map(cty.String)) does not match config value cty.MapValEmpty(cty.String)
2025-03-08 20:11:47 - 2025/03/08 20:11:47 [DEBUG] Resource instance state not found for node "module.vpc_components.yandex_vpc_subnet.kube_b[0]", instance module.vpc_components.yandex_vpc_subnet.kube_b[0]
2025-03-08 20:11:47 - 2025/03/08 20:11:47 [INFO] ReferenceTransformer: reference not found: "local.should_create_subnets"
2025-03-08 20:11:47 - 2025/03/08 20:11:47 [INFO] ReferenceTransformer: reference not found: "local.kube_b_v4_cidr_block"
2025-03-08 20:11:47 - 2025/03/08 20:11:47 [INFO] ReferenceTransformer: reference not found: "var.labels"
2025-03-08 20:11:47 - 2025/03/08 20:11:47 [INFO] ReferenceTransformer: reference not found: "var.network_id"
2025-03-08 20:11:47 - 2025/03/08 20:11:47 [INFO] ReferenceTransformer: reference not found: "var.prefix"
2025-03-08 20:11:47 - 2025/03/08 20:11:47 [INFO] ReferenceTransformer: reference not found: "var.dhcp_domain_name"
2025-03-08 20:11:47 - 2025/03/08 20:11:47 [INFO] ReferenceTransformer: reference not found: "var.dhcp_domain_name_servers"
2025-03-08 20:11:47 - 2025/03/08 20:11:47 [INFO] ReferenceTransformer: reference not found: "var.dhcp_domain_name"
2025-03-08 20:11:47 - 2025/03/08 20:11:47 [INFO] ReferenceTransformer: reference not found: "var.dhcp_domain_name_servers"
2025-03-08 20:11:47 - 2025/03/08 20:11:47 [DEBUG] ReferenceTransformer: "module.vpc_components.yandex_vpc_subnet.kube_b[0]" references: []
2025-03-08 20:11:47 - 2025/03/08 20:11:47 [DEBUG] refresh: module.vpc_components.yandex_vpc_subnet.kube_b[0]: no state, so not refreshing
2025-03-08 20:11:47 - 2025/03/08 20:11:47 [DEBUG] Resource instance state not found for node "module.vpc_components.yandex_vpc_subnet.kube_a[0]", instance module.vpc_components.yandex_vpc_subnet.kube_a[0]
2025-03-08 20:11:47 - 2025/03/08 20:11:47 [INFO] ReferenceTransformer: reference not found: "local.should_create_subnets"
2025-03-08 20:11:47 - 2025/03/08 20:11:47 [INFO] ReferenceTransformer: reference not found: "var.network_id"
2025-03-08 20:11:47 - 2025/03/08 20:11:47 [INFO] ReferenceTransformer: reference not found: "local.kube_a_v4_cidr_block"
2025-03-08 20:11:47 - 2025/03/08 20:11:47 [INFO] ReferenceTransformer: reference not found: "var.labels"
2025-03-08 20:11:47 - 2025/03/08 20:11:47 [INFO] ReferenceTransformer: reference not found: "var.prefix"
2025-03-08 20:11:47 - 2025/03/08 20:11:47 [INFO] ReferenceTransformer: reference not found: "var.dhcp_domain_name"
2025-03-08 20:11:47 - 2025/03/08 20:11:47 [INFO] ReferenceTransformer: reference not found: "var.dhcp_domain_name_servers"
2025-03-08 20:11:47 - 2025/03/08 20:11:47 [INFO] ReferenceTransformer: reference not found: "var.dhcp_domain_name"
2025-03-08 20:11:47 - 2025/03/08 20:11:47 [INFO] ReferenceTransformer: reference not found: "var.dhcp_domain_name_servers"
2025-03-08 20:11:47 - 2025/03/08 20:11:47 [DEBUG] ReferenceTransformer: "module.vpc_components.yandex_vpc_subnet.kube_a[0]" references: []
2025-03-08 20:11:47 - 2025/03/08 20:11:47 [DEBUG] refresh: module.vpc_components.yandex_vpc_subnet.kube_a[0]: no state, so not refreshing
2025-03-08 20:11:47 - 2025/03/08 20:11:47 [DEBUG] Resource instance state not found for node "module.vpc_components.yandex_vpc_subnet.kube_d[0]", instance module.vpc_components.yandex_vpc_subnet.kube_d[0]
2025-03-08 20:11:47 - 2025/03/08 20:11:47 [INFO] ReferenceTransformer: reference not found: "local.should_create_subnets"
2025-03-08 20:11:47 - 2025/03/08 20:11:47 [INFO] ReferenceTransformer: reference not found: "var.prefix"
2025-03-08 20:11:47 - 2025/03/08 20:11:47 [INFO] ReferenceTransformer: reference not found: "local.kube_d_v4_cidr_block"
2025-03-08 20:11:47 - 2025/03/08 20:11:47 [INFO] ReferenceTransformer: reference not found: "var.labels"
2025-03-08 20:11:47 - 2025/03/08 20:11:47 [INFO] ReferenceTransformer: reference not found: "var.network_id"
2025-03-08 20:11:47 - 2025/03/08 20:11:47 [INFO] ReferenceTransformer: reference not found: "var.dhcp_domain_name"
2025-03-08 20:11:47 - 2025/03/08 20:11:47 [INFO] ReferenceTransformer: reference not found: "var.dhcp_domain_name_servers"
2025-03-08 20:11:47 - 2025/03/08 20:11:47 [INFO] ReferenceTransformer: reference not found: "var.dhcp_domain_name"
2025-03-08 20:11:47 - 2025/03/08 20:11:47 [INFO] ReferenceTransformer: reference not found: "var.dhcp_domain_name_servers"
2025-03-08 20:11:47 - 2025/03/08 20:11:47 [DEBUG] ReferenceTransformer: "module.vpc_components.yandex_vpc_subnet.kube_d[0]" references: []
2025-03-08 20:11:47 - 2025/03/08 20:11:47 [DEBUG] refresh: module.vpc_components.yandex_vpc_subnet.kube_d[0]: no state, so not refreshing
2025-03-08 20:11:47 - 2025/03/08 20:11:47 [WARN] Provider "registry.terraform.io/yandex-cloud/yandex" produced an invalid plan for module.vpc_components.yandex_vpc_subnet.kube_a[0], but we are tolerating it because it is using the legacy plugin SDK.
2025-03-08 20:11:47 -     The following problems may be the cause of any confusing errors from downstream operations:
2025-03-08 20:11:47 -       - .labels: planned value cty.UnknownVal(cty.Map(cty.String)) does not match config value cty.MapValEmpty(cty.String)
2025-03-08 20:11:47 - 2025/03/08 20:11:47 [WARN] Provider "registry.terraform.io/yandex-cloud/yandex" produced an invalid plan for module.vpc_components.yandex_vpc_subnet.kube_d[0], but we are tolerating it because it is using the legacy plugin SDK.
2025-03-08 20:11:47 -     The following problems may be the cause of any confusing errors from downstream operations:
2025-03-08 20:11:47 -       - .labels: planned value cty.UnknownVal(cty.Map(cty.String)) does not match config value cty.MapValEmpty(cty.String)
2025-03-08 20:11:47 - 2025/03/08 20:11:47 [WARN] Provider "registry.terraform.io/yandex-cloud/yandex" produced an invalid plan for module.vpc_components.yandex_vpc_subnet.kube_b[0], but we are tolerating it because it is using the legacy plugin SDK.
2025-03-08 20:11:47 -     The following problems may be the cause of any confusing errors from downstream operations:
2025-03-08 20:11:47 -       - .labels: planned value cty.UnknownVal(cty.Map(cty.String)) does not match config value cty.MapValEmpty(cty.String)
2025-03-08 20:11:47 - 2025-03-08T20:11:47.699Z [WARN]  plugin.stdio: received EOF, stopping recv loop: err="rpc error: code = Unavailable desc = transport is closing"
2025-03-08 20:11:47 - 2025-03-08T20:11:47.700Z [DEBUG] plugin: plugin process exited: path=/tmp/dhctl/tf_dhctl/providers/registry.terraform.io/yandex-cloud/yandex/0.83.0/linux_amd64/terraform-provider-yandex pid=136
2025-03-08 20:11:47 - 2025-03-08T20:11:47.700Z [DEBUG] plugin: plugin exited
2025-03-08 20:11:47 - 2025/03/08 20:11:47 [INFO] backend/local: plan operation completed
2025-03-08 20:11:47 - 2025/03/08 20:11:47 [INFO] backend/local: writing plan output to: /tmp/dhctl/base-infrastructure-dhctl.787890137.tfplan
2025-03-08 20:11:47 - 
2025-03-08 20:11:47 - An execution plan has been generated and is shown below.
2025-03-08 20:11:47 - Resource actions are indicated with the following symbols:
2025-03-08 20:11:47 -   + create
2025-03-08 20:11:47 - 
2025-03-08 20:11:47 - Terraform will perform the following actions:
2025-03-08 20:11:47 - 
2025-03-08 20:11:47 -   # yandex_vpc_network.kube[0] will be created
2025-03-08 20:11:47 -   + resource "yandex_vpc_network" "kube" {
2025-03-08 20:11:47 -       + created_at                = (known after apply)
2025-03-08 20:11:47 -       + default_security_group_id = (known after apply)
2025-03-08 20:11:47 -       + folder_id                 = (known after apply)
2025-03-08 20:11:47 -       + id                        = (known after apply)
2025-03-08 20:11:47 -       + labels                    = (known after apply)
2025-03-08 20:11:47 -       + name                      = "cloud-demo"
2025-03-08 20:11:47 -       + subnet_ids                = (known after apply)
2025-03-08 20:11:47 -     }
2025-03-08 20:11:47 - 
2025-03-08 20:11:47 -   # module.vpc_components.yandex_vpc_gateway.kube[0] will be created
2025-03-08 20:11:47 -   + resource "yandex_vpc_gateway" "kube" {
2025-03-08 20:11:47 -       + created_at = (known after apply)
2025-03-08 20:11:47 -       + folder_id  = (known after apply)
2025-03-08 20:11:47 -       + id         = (known after apply)
2025-03-08 20:11:47 -       + labels     = (known after apply)
2025-03-08 20:11:47 -       + name       = "cloud-demo"
2025-03-08 20:11:47 - 
2025-03-08 20:11:47 -       + shared_egress_gateway {}
2025-03-08 20:11:47 -     }
2025-03-08 20:11:47 - 
2025-03-08 20:11:47 -   # module.vpc_components.yandex_vpc_route_table.kube will be created
2025-03-08 20:11:47 -   + resource "yandex_vpc_route_table" "kube" {
2025-03-08 20:11:47 -       + created_at = (known after apply)
2025-03-08 20:11:47 -       + folder_id  = (known after apply)
2025-03-08 20:11:47 -       + id         = (known after apply)
2025-03-08 20:11:47 -       + labels     = (known after apply)
2025-03-08 20:11:47 -       + name       = "cloud-demo"
2025-03-08 20:11:47 -       + network_id = (known after apply)
2025-03-08 20:11:47 - 
2025-03-08 20:11:47 -       + static_route {
2025-03-08 20:11:47 -           + destination_prefix = "0.0.0.0/0"
2025-03-08 20:11:47 -           + gateway_id         = (known after apply)
2025-03-08 20:11:47 -         }
2025-03-08 20:11:47 -     }
2025-03-08 20:11:47 - 
2025-03-08 20:11:47 -   # module.vpc_components.yandex_vpc_subnet.kube_a[0] will be created
2025-03-08 20:11:47 -   + resource "yandex_vpc_subnet" "kube_a" {
2025-03-08 20:11:47 -       + created_at     = (known after apply)
2025-03-08 20:11:47 -       + folder_id      = (known after apply)
2025-03-08 20:11:47 -       + id             = (known after apply)
2025-03-08 20:11:47 -       + labels         = (known after apply)
2025-03-08 20:11:47 -       + name           = "cloud-demo-a"
2025-03-08 20:11:47 -       + network_id     = (known after apply)
2025-03-08 20:11:47 -       + route_table_id = (known after apply)
2025-03-08 20:11:47 -       + v4_cidr_blocks = [
2025-03-08 20:11:47 -           + "10.241.32.0/22",
2025-03-08 20:11:47 -         ]
2025-03-08 20:11:47 -       + v6_cidr_blocks = (known after apply)
2025-03-08 20:11:47 -       + zone           = "ru-central1-a"
2025-03-08 20:11:47 -     }
2025-03-08 20:11:47 - 
2025-03-08 20:11:47 -   # module.vpc_components.yandex_vpc_subnet.kube_b[0] will be created
2025-03-08 20:11:47 -   + resource "yandex_vpc_subnet" "kube_b" {
2025-03-08 20:11:47 -       + created_at     = (known after apply)
2025-03-08 20:11:47 -       + folder_id      = (known after apply)
2025-03-08 20:11:47 -       + id             = (known after apply)
2025-03-08 20:11:47 -       + labels         = (known after apply)
2025-03-08 20:11:47 -       + name           = "cloud-demo-b"
2025-03-08 20:11:47 -       + network_id     = (known after apply)
2025-03-08 20:11:47 -       + route_table_id = (known after apply)
2025-03-08 20:11:47 -       + v4_cidr_blocks = [
2025-03-08 20:11:47 -           + "10.241.36.0/22",
2025-03-08 20:11:47 -         ]
2025-03-08 20:11:47 -       + v6_cidr_blocks = (known after apply)
2025-03-08 20:11:47 -       + zone           = "ru-central1-b"
2025-03-08 20:11:47 -     }
2025-03-08 20:11:47 - 
2025-03-08 20:11:47 -   # module.vpc_components.yandex_vpc_subnet.kube_d[0] will be created
2025-03-08 20:11:47 -   + resource "yandex_vpc_subnet" "kube_d" {
2025-03-08 20:11:47 -       + created_at     = (known after apply)
2025-03-08 20:11:47 -       + folder_id      = (known after apply)
2025-03-08 20:11:47 -       + id             = (known after apply)
2025-03-08 20:11:47 -       + labels         = (known after apply)
2025-03-08 20:11:47 -       + name           = "cloud-demo-d"
2025-03-08 20:11:47 -       + network_id     = (known after apply)
2025-03-08 20:11:47 -       + route_table_id = (known after apply)
2025-03-08 20:11:47 -       + v4_cidr_blocks = [
2025-03-08 20:11:47 -           + "10.241.44.0/22",
2025-03-08 20:11:47 -         ]
2025-03-08 20:11:47 -       + v6_cidr_blocks = (known after apply)
2025-03-08 20:11:47 -       + zone           = "ru-central1-d"
2025-03-08 20:11:47 -     }
2025-03-08 20:11:47 - 
2025-03-08 20:11:47 - Plan: 6 to add, 0 to change, 0 to destroy.
2025-03-08 20:11:47 - 
2025-03-08 20:11:47 - Changes to Outputs:
2025-03-08 20:11:47 -   + cloud_discovery_data = {
2025-03-08 20:11:47 -       + apiVersion                    = "deckhouse.io/v1"
2025-03-08 20:11:47 -       + defaultLbTargetGroupNetworkId = (known after apply)
2025-03-08 20:11:47 -       + internalNetworkIDs            = [
2025-03-08 20:11:47 -           + (known after apply),
2025-03-08 20:11:47 -         ]
2025-03-08 20:11:47 -       + kind                          = "YandexCloudDiscoveryData"
2025-03-08 20:11:47 -       + region                        = "ru-central1"
2025-03-08 20:11:47 -       + routeTableID                  = (known after apply)
2025-03-08 20:11:47 -       + shouldAssignPublicIPAddress   = false
2025-03-08 20:11:47 -       + zoneToSubnetIdMap             = {
2025-03-08 20:11:47 -           + "ru-central1-a" = (known after apply)
2025-03-08 20:11:47 -           + "ru-central1-b" = (known after apply)
2025-03-08 20:11:47 -           + "ru-central1-d" = (known after apply)
2025-03-08 20:11:47 -         }
2025-03-08 20:11:47 -       + zones                         = [
2025-03-08 20:11:47 -           + "ru-central1-a",
2025-03-08 20:11:47 -           + "ru-central1-b",
2025-03-08 20:11:47 -           + "ru-central1-d",
2025-03-08 20:11:47 -         ]
2025-03-08 20:11:47 -     }
2025-03-08 20:11:47 - Terraform runner "base-infrastructure" process exited.
2025-03-08 20:11:48 - End process terraform plan ...2025-03-08 20:11:48 - Start process terraform apply ...2025-03-08 20:11:48 - /bin/terraform apply -input=false -no-color -auto-approve -state=/tmp/dhctl/f9d2387496b3fed4221896d4905e92706cbc7d92fe5de99e88da4cb341759a2a/base-infrastructure.tfstate -state-out=/tmp/dhctl/f9d2387496b3fed4221896d4905e92706cbc7d92fe5de99e88da4cb341759a2a/base-infrastructure.tfstate /tmp/dhctl/base-infrastructure-dhctl.787890137.tfplan
2025-03-08 20:11:48 - 2025/03/08 20:11:48 [WARN] Log levels other than TRACE are currently unreliable, and are supported only for backward compatibility.
2025-03-08 20:11:48 -   Use TF_LOG=TRACE to see Terraform's internal logs.
2025-03-08 20:11:48 -   ----
2025-03-08 20:11:48 - 2025/03/08 20:11:48 [INFO] Terraform version: 0.14.8  
2025-03-08 20:11:48 - 2025/03/08 20:11:48 [INFO] Go runtime version: go1.20.5
2025-03-08 20:11:48 - 2025/03/08 20:11:48 [INFO] CLI args: []string{"/bin/terraform", "apply", "-input=false", "-no-color", "-auto-approve", "-state=/tmp/dhctl/f9d2387496b3fed4221896d4905e92706cbc7d92fe5de99e88da4cb341759a2a/base-infrastructure.tfstate", "-state-out=/tmp/dhctl/f9d2387496b3fed4221896d4905e92706cbc7d92fe5de99e88da4cb341759a2a/base-infrastructure.tfstate", "/tmp/dhctl/base-infrastructure-dhctl.787890137.tfplan"}
2025-03-08 20:11:48 - 2025/03/08 20:11:48 [DEBUG] Attempting to open CLI config file: /root/.terraformrc
2025-03-08 20:11:48 - 2025/03/08 20:11:48 [DEBUG] File doesn't exist, but doesn't need to. Ignoring.
2025-03-08 20:11:48 - 2025/03/08 20:11:48 [DEBUG] ignoring non-existing provider search directory terraform.d/plugins
2025-03-08 20:11:48 - 2025/03/08 20:11:48 [DEBUG] ignoring non-existing provider search directory /root/.terraform.d/plugins
2025-03-08 20:11:48 - 2025/03/08 20:11:48 [DEBUG] ignoring non-existing provider search directory /root/.local/share/terraform/plugins
2025-03-08 20:11:48 - 2025/03/08 20:11:48 [DEBUG] ignoring non-existing provider search directory /usr/local/share/terraform/plugins
2025-03-08 20:11:48 - 2025/03/08 20:11:48 [DEBUG] ignoring non-existing provider search directory /usr/share/terraform/plugins
2025-03-08 20:11:48 - 2025/03/08 20:11:48 [INFO] CLI command args: []string{"apply", "-input=false", "-no-color", "-auto-approve", "-state=/tmp/dhctl/f9d2387496b3fed4221896d4905e92706cbc7d92fe5de99e88da4cb341759a2a/base-infrastructure.tfstate", "-state-out=/tmp/dhctl/f9d2387496b3fed4221896d4905e92706cbc7d92fe5de99e88da4cb341759a2a/base-infrastructure.tfstate", "/tmp/dhctl/base-infrastructure-dhctl.787890137.tfplan"}
2025-03-08 20:11:49 - 2025/03/08 20:11:49 [DEBUG] checking for provisioner in "/plugins"
2025-03-08 20:11:49 - 2025/03/08 20:11:49 [INFO] Failed to read plugin lock file /tmp/dhctl/tf_dhctl/plugins/linux_amd64/lock.json: open /tmp/dhctl/tf_dhctl/plugins/linux_amd64/lock.json: no such file or directory
2025-03-08 20:11:49 - 2025/03/08 20:11:49 [WARN] Log levels other than TRACE are currently unreliable, and are supported only for backward compatibility.
2025-03-08 20:11:49 -   Use TF_LOG=TRACE to see Terraform's internal logs.
2025-03-08 20:11:49 -   ----
2025-03-08 20:11:49 - 2025/03/08 20:11:49 [INFO] backend/local: starting Apply operation
2025-03-08 20:11:49 - 2025-03-08T20:11:49.238Z [INFO]  plugin: configuring client automatic mTLS
2025-03-08 20:11:49 - 2025-03-08T20:11:49.269Z [DEBUG] plugin: starting plugin: path=/tmp/dhctl/tf_dhctl/providers/registry.terraform.io/yandex-cloud/yandex/0.83.0/linux_amd64/terraform-provider-yandex args=[/tmp/dhctl/tf_dhctl/providers/registry.terraform.io/yandex-cloud/yandex/0.83.0/linux_amd64/terraform-provider-yandex]
2025-03-08 20:11:49 - 2025-03-08T20:11:49.271Z [DEBUG] plugin: plugin started: path=/tmp/dhctl/tf_dhctl/providers/registry.terraform.io/yandex-cloud/yandex/0.83.0/linux_amd64/terraform-provider-yandex pid=234
2025-03-08 20:11:49 - 2025-03-08T20:11:49.272Z [DEBUG] plugin: waiting for RPC address: path=/tmp/dhctl/tf_dhctl/providers/registry.terraform.io/yandex-cloud/yandex/0.83.0/linux_amd64/terraform-provider-yandex
2025-03-08 20:11:49 - 2025-03-08T20:11:49.429Z [INFO]  plugin.terraform-provider-yandex: configuring server automatic mTLS: timestamp=2025-03-08T20:11:49.427Z
2025-03-08 20:11:49 - 2025-03-08T20:11:49.463Z [DEBUG] plugin.terraform-provider-yandex: plugin address: address=/tmp/plugin19017320 network=unix timestamp=2025-03-08T20:11:49.463Z
2025-03-08 20:11:49 - 2025-03-08T20:11:49.463Z [DEBUG] plugin: using plugin: version=5
2025-03-08 20:11:49 - 2025-03-08T20:11:49.542Z [WARN]  plugin.stdio: received EOF, stopping recv loop: err="rpc error: code = Unavailable desc = transport is closing"
2025-03-08 20:11:49 - 2025-03-08T20:11:49.543Z [DEBUG] plugin: plugin process exited: path=/tmp/dhctl/tf_dhctl/providers/registry.terraform.io/yandex-cloud/yandex/0.83.0/linux_amd64/terraform-provider-yandex pid=234
2025-03-08 20:11:49 - 2025-03-08T20:11:49.543Z [DEBUG] plugin: plugin exited
2025-03-08 20:11:49 - 2025/03/08 20:11:49 [INFO] backend/local: apply calling Apply
2025-03-08 20:11:49 - 2025/03/08 20:11:49 [INFO] terraform: building graph: GraphTypeApply
2025-03-08 20:11:49 - 2025/03/08 20:11:49 [DEBUG] Resource state not found for node "module.vpc_components.yandex_vpc_subnet.kube_b[0]", instance module.vpc_components.yandex_vpc_subnet.kube_b[0]
2025-03-08 20:11:49 - 2025/03/08 20:11:49 [DEBUG] Resource state not found for node "module.vpc_components.yandex_vpc_subnet.kube_d[0]", instance module.vpc_components.yandex_vpc_subnet.kube_d[0]
2025-03-08 20:11:49 - 2025/03/08 20:11:49 [DEBUG] Resource state not found for node "yandex_vpc_network.kube[0]", instance yandex_vpc_network.kube[0]
2025-03-08 20:11:49 - 2025/03/08 20:11:49 [DEBUG] Resource state not found for node "module.vpc_components.yandex_vpc_subnet.kube_a[0]", instance module.vpc_components.yandex_vpc_subnet.kube_a[0]
2025-03-08 20:11:49 - 2025/03/08 20:11:49 [DEBUG] Resource state not found for node "module.vpc_components.yandex_vpc_route_table.kube", instance module.vpc_components.yandex_vpc_route_table.kube
2025-03-08 20:11:49 - 2025/03/08 20:11:49 [DEBUG] Resource state not found for node "module.vpc_components.yandex_vpc_gateway.kube[0]", instance module.vpc_components.yandex_vpc_gateway.kube[0]
2025-03-08 20:11:49 - 2025/03/08 20:11:49 [DEBUG] ProviderTransformer: "module.vpc_components.data.yandex_vpc_subnet.user_internal_subnet (expand)" (*terraform.nodeExpandApplyableResource) needs provider["registry.terraform.io/yandex-cloud/yandex"]
2025-03-08 20:11:49 - 2025/03/08 20:11:49 [DEBUG] ProviderTransformer: "module.vpc_components.data.yandex_vpc_subnet.kube_a (expand)" (*terraform.nodeExpandApplyableResource) needs provider["registry.terraform.io/yandex-cloud/yandex"]
2025-03-08 20:11:49 - 2025/03/08 20:11:49 [DEBUG] ProviderTransformer: "module.vpc_components.data.yandex_vpc_subnet.kube_d (expand)" (*terraform.nodeExpandApplyableResource) needs provider["registry.terraform.io/yandex-cloud/yandex"]
2025-03-08 20:11:49 - 2025/03/08 20:11:49 [DEBUG] ProviderTransformer: "yandex_vpc_network.kube (expand)" (*terraform.nodeExpandApplyableResource) needs provider["registry.terraform.io/yandex-cloud/yandex"]
2025-03-08 20:11:49 - 2025/03/08 20:11:49 [DEBUG] ProviderTransformer: "module.vpc_components.data.yandex_vpc_subnet.kube_b (expand)" (*terraform.nodeExpandApplyableResource) needs provider["registry.terraform.io/yandex-cloud/yandex"]
2025-03-08 20:11:49 - 2025/03/08 20:11:49 [DEBUG] ProviderTransformer: "module.vpc_components.yandex_vpc_subnet.kube_b (expand)" (*terraform.nodeExpandApplyableResource) needs provider["registry.terraform.io/yandex-cloud/yandex"]
2025-03-08 20:11:49 - 2025/03/08 20:11:49 [DEBUG] ProviderTransformer: "module.vpc_components.yandex_vpc_gateway.kube[0]" (*terraform.NodeApplyableResourceInstance) needs provider["registry.terraform.io/yandex-cloud/yandex"]
2025-03-08 20:11:49 - 2025/03/08 20:11:49 [DEBUG] ProviderTransformer: "module.vpc_components.yandex_vpc_subnet.kube_b[0]" (*terraform.NodeApplyableResourceInstance) needs provider["registry.terraform.io/yandex-cloud/yandex"]
2025-03-08 20:11:49 - 2025/03/08 20:11:49 [DEBUG] ProviderTransformer: "module.vpc_components.yandex_vpc_route_table.kube (expand)" (*terraform.nodeExpandApplyableResource) needs provider["registry.terraform.io/yandex-cloud/yandex"]
2025-03-08 20:11:49 - 2025/03/08 20:11:49 [DEBUG] ProviderTransformer: "module.vpc_components.data.yandex_compute_image.nat_image (expand)" (*terraform.nodeExpandApplyableResource) needs provider["registry.terraform.io/yandex-cloud/yandex"]
2025-03-08 20:11:49 - 2025/03/08 20:11:49 [DEBUG] ProviderTransformer: "module.vpc_components.yandex_vpc_subnet.kube_d[0]" (*terraform.NodeApplyableResourceInstance) needs provider["registry.terraform.io/yandex-cloud/yandex"]
2025-03-08 20:11:49 - 2025/03/08 20:11:49 [DEBUG] ProviderTransformer: "module.vpc_components.yandex_vpc_subnet.kube_d (expand)" (*terraform.nodeExpandApplyableResource) needs provider["registry.terraform.io/yandex-cloud/yandex"]
2025-03-08 20:11:49 - 2025/03/08 20:11:49 [DEBUG] ProviderTransformer: "module.vpc_components.yandex_vpc_route_table.kube" (*terraform.NodeApplyableResourceInstance) needs provider["registry.terraform.io/yandex-cloud/yandex"]
2025-03-08 20:11:49 - 2025/03/08 20:11:49 [DEBUG] ProviderTransformer: "module.vpc_components.yandex_vpc_subnet.kube_a (expand)" (*terraform.nodeExpandApplyableResource) needs provider["registry.terraform.io/yandex-cloud/yandex"]
2025-03-08 20:11:49 - 2025/03/08 20:11:49 [DEBUG] ProviderTransformer: "module.vpc_components.yandex_vpc_gateway.kube (expand)" (*terraform.nodeExpandApplyableResource) needs provider["registry.terraform.io/yandex-cloud/yandex"]
2025-03-08 20:11:49 - 2025/03/08 20:11:49 [DEBUG] ProviderTransformer: "yandex_vpc_network.kube[0]" (*terraform.NodeApplyableResourceInstance) needs provider["registry.terraform.io/yandex-cloud/yandex"]
2025-03-08 20:11:49 - 2025/03/08 20:11:49 [DEBUG] ProviderTransformer: "module.vpc_components.yandex_vpc_subnet.kube_a[0]" (*terraform.NodeApplyableResourceInstance) needs provider["registry.terraform.io/yandex-cloud/yandex"]
2025-03-08 20:11:49 - 2025/03/08 20:11:49 [DEBUG] ProviderTransformer: "module.vpc_components.yandex_compute_instance.nat_instance (expand)" (*terraform.nodeExpandApplyableResource) needs provider["registry.terraform.io/yandex-cloud/yandex"]
2025-03-08 20:11:49 - 2025/03/08 20:11:49 [DEBUG] ProviderTransformer: "module.vpc_components.data.yandex_vpc_subnet.external_subnet (expand)" (*terraform.nodeExpandApplyableResource) needs provider["registry.terraform.io/yandex-cloud/yandex"]
2025-03-08 20:11:49 - 2025/03/08 20:11:49 [DEBUG] ReferenceTransformer: "module.vpc_components.output.nat_instance_name (expand)" references: [module.vpc_components.local.is_with_nat_instance (expand) module.vpc_components.yandex_compute_instance.nat_instance (expand)]
2025-03-08 20:11:49 - 2025/03/08 20:11:49 [DEBUG] ReferenceTransformer: "module.vpc_components.yandex_vpc_gateway.kube (expand)" references: [module.vpc_components.local.is_standard (expand)]
2025-03-08 20:11:49 - 2025/03/08 20:11:49 [DEBUG] ReferenceTransformer: "module.vpc_components.var.dhcp_domain_name_servers (expand)" references: [local.dhcp_domain_name_servers (expand)]
2025-03-08 20:11:49 - 2025/03/08 20:11:49 [DEBUG] ReferenceTransformer: "local.labels (expand)" references: [var.providerClusterConfiguration]
2025-03-08 20:11:49 - 2025/03/08 20:11:49 [DEBUG] ReferenceTransformer: "module.vpc_components.local.internal_subnet_zone (expand)" references: [module.vpc_components.local.user_internal_subnet_zone (expand) module.vpc_components.local.external_subnet_zone (expand) module.vpc_components.local.external_subnet_zone (expand) module.vpc_components.local.user_internal_subnet_zone (expand)]
2025-03-08 20:11:49 - 2025/03/08 20:11:49 [DEBUG] ReferenceTransformer: "module.vpc_components.local.should_create_subnets (expand)" references: [module.vpc_components.var.existing_zone_to_subnet_id_map (expand)]
2025-03-08 20:11:49 - 2025/03/08 20:11:49 [DEBUG] ReferenceTransformer: "module.vpc_components.local.is_with_nat_instance (expand)" references: [module.vpc_components.var.layout (expand)]
2025-03-08 20:11:49 - 2025/03/08 20:11:49 [DEBUG] ReferenceTransformer: "yandex_vpc_network.kube[0]" references: [local.existing_network_id (expand) local.labels (expand) local.prefix (expand)]
2025-03-08 20:11:49 - 2025/03/08 20:11:49 [DEBUG] ReferenceTransformer: "module.vpc_components.var.nat_instance_external_subnet_id (expand)" references: []
2025-03-08 20:11:49 - 2025/03/08 20:11:49 [DEBUG] ReferenceTransformer: "module.vpc_components.var.nat_instance_memory (expand)" references: []
2025-03-08 20:11:49 - 2025/03/08 20:11:49 [DEBUG] ReferenceTransformer: "local.existing_zone_to_subnet_id_map (expand)" references: [var.providerClusterConfiguration]
2025-03-08 20:11:49 - 2025/03/08 20:11:49 [DEBUG] ReferenceTransformer: "module.vpc_components.local.kube_b_v4_cidr_block (expand)" references: [module.vpc_components.local.should_create_subnets (expand) module.vpc_components.var.node_network_cidr (expand)]
2025-03-08 20:11:49 - 2025/03/08 20:11:49 [DEBUG] ReferenceTransformer: "module.vpc_components.local.zone_to_subnet_id_map_a (expand)" references: [module.vpc_components.data.yandex_vpc_subnet.kube_a (expand) module.vpc_components.data.yandex_vpc_subnet.kube_a (expand) module.vpc_components.data.yandex_vpc_subnet.kube_a (expand)]
2025-03-08 20:11:49 - 2025/03/08 20:11:49 [DEBUG] ReferenceTransformer: "output.cloud_discovery_data" references: [module.vpc_components.output.route_table_id (expand) local.network_id (expand) local.network_id (expand) var.providerClusterConfiguration module.vpc_components.output.zone_to_subnet_id_map (expand) var.providerClusterConfiguration module.vpc_components.output.zone_to_subnet_id_map (expand) module.vpc_components.output.zone_to_subnet_id_map (expand)]
2025-03-08 20:11:49 - 2025/03/08 20:11:49 [DEBUG] ReferenceTransformer: "module.vpc_components.var.nat_instance_external_address (expand)" references: []
2025-03-08 20:11:49 - 2025/03/08 20:11:49 [DEBUG] ReferenceTransformer: "module.vpc_components.var.prefix (expand)" references: [local.prefix (expand)]
2025-03-08 20:11:49 - 2025/03/08 20:11:49 [DEBUG] ReferenceTransformer: "local.network_id (expand)" references: [local.existing_network_id (expand) local.existing_network_id (expand) yandex_vpc_network.kube[0] yandex_vpc_network.kube (expand)]
2025-03-08 20:11:49 - 2025/03/08 20:11:49 [DEBUG] ReferenceTransformer: "local.prefix (expand)" references: [var.clusterConfiguration]
2025-03-08 20:11:49 - 2025/03/08 20:11:49 [DEBUG] ReferenceTransformer: "module.vpc_components.yandex_vpc_subnet.kube_a[0]" references: [module.vpc_components.local.should_create_subnets (expand) module.vpc_components.local.kube_a_v4_cidr_block (expand) module.vpc_components.var.labels (expand) module.vpc_components.var.prefix (expand) module.vpc_components.yandex_vpc_route_table.kube module.vpc_components.yandex_vpc_route_table.kube module.vpc_components.yandex_vpc_route_table.kube (expand) module.vpc_components.var.network_id (expand) module.vpc_components.var.dhcp_domain_name (expand) module.vpc_components.var.dhcp_domain_name_servers (expand) module.vpc_components.var.dhcp_domain_name_servers (expand) module.vpc_components.var.dhcp_domain_name (expand)]
2025-03-08 20:11:49 - 2025/03/08 20:11:49 [DEBUG] ReferenceTransformer: "module.vpc_components.var.network_id (expand)" references: [local.network_id (expand)]
2025-03-08 20:11:49 - 2025/03/08 20:11:49 [DEBUG] ReferenceTransformer: "local.dhcp_domain_name (expand)" references: [local.dhcp_options (expand) local.dhcp_options (expand)]
2025-03-08 20:11:49 - 2025/03/08 20:11:49 [DEBUG] ReferenceTransformer: "module.vpc_components.local.user_internal_subnet_zone (expand)" references: [module.vpc_components.var.nat_instance_internal_subnet_id (expand) module.vpc_components.data.yandex_vpc_subnet.user_internal_subnet (expand)]
2025-03-08 20:11:49 - 2025/03/08 20:11:49 [DEBUG] ReferenceTransformer: "module.vpc_components.local.zone_to_subnet_id (expand)" references: [module.vpc_components.local.should_create_subnets (expand) module.vpc_components.yandex_vpc_subnet.kube_a[0] module.vpc_components.local.not_have_existing_subnet_a (expand) module.vpc_components.data.yandex_vpc_subnet.kube_a (expand) module.vpc_components.local.should_create_subnets (expand) module.vpc_components.yandex_vpc_subnet.kube_b[0] module.vpc_components.local.not_have_existing_subnet_b (expand) module.vpc_components.data.yandex_vpc_subnet.kube_b (expand) module.vpc_components.local.should_create_subnets (expand) module.vpc_components.yandex_vpc_subnet.kube_d[0] module.vpc_components.local.not_have_existing_subnet_d (expand) module.vpc_components.data.yandex_vpc_subnet.kube_d (expand)]
2025-03-08 20:11:49 - 2025/03/08 20:11:49 [DEBUG] ReferenceTransformer: "module.vpc_components.data.yandex_vpc_subnet.kube_d (expand)" references: [module.vpc_components.local.not_have_existing_subnet_d (expand)]
2025-03-08 20:11:49 - 2025/03/08 20:11:49 [DEBUG] ReferenceTransformer: "module.vpc_components.var.nat_instance_internal_subnet_id (expand)" references: []
2025-03-08 20:11:49 - 2025/03/08 20:11:49 [DEBUG] ReferenceTransformer: "module.vpc_components.var.nat_instance_cores (expand)" references: []
2025-03-08 20:11:49 - 2025/03/08 20:11:49 [DEBUG] ReferenceTransformer: "local.dhcp_options (expand)" references: [var.providerClusterConfiguration]
2025-03-08 20:11:49 - 2025/03/08 20:11:49 [DEBUG] ReferenceTransformer: "local.node_network_cidr (expand)" references: [var.providerClusterConfiguration]
2025-03-08 20:11:49 - 2025/03/08 20:11:49 [DEBUG] ReferenceTransformer: "module.vpc_components.local.zone_to_subnet_id_map_d_final (expand)" references: [module.vpc_components.local.zone_to_subnet_id_map_b (expand) module.vpc_components.data.yandex_vpc_subnet.kube_d (expand) module.vpc_components.data.yandex_vpc_subnet.kube_d (expand) module.vpc_components.data.yandex_vpc_subnet.kube_d (expand)]
2025-03-08 20:11:49 - 2025/03/08 20:11:49 [DEBUG] ReferenceTransformer: "yandex_vpc_network.kube (expand)" references: [local.existing_network_id (expand)]
2025-03-08 20:11:49 - 2025/03/08 20:11:49 [DEBUG] ReferenceTransformer: "module.vpc_components.yandex_vpc_subnet.kube_d (expand)" references: [module.vpc_components.local.should_create_subnets (expand)]
2025-03-08 20:11:49 - 2025/03/08 20:11:49 [DEBUG] ReferenceTransformer: "module.vpc_components.var.existing_zone_to_subnet_id_map (expand)" references: [local.existing_zone_to_subnet_id_map (expand)]
2025-03-08 20:11:49 - 2025/03/08 20:11:49 [DEBUG] ReferenceTransformer: "module.vpc_components.local.not_have_existing_subnet_b (expand)" references: [module.vpc_components.local.should_create_subnets (expand) module.vpc_components.var.existing_zone_to_subnet_id_map (expand)]
2025-03-08 20:11:49 - 2025/03/08 20:11:49 [DEBUG] ReferenceTransformer: "module.vpc_components.local.zone_to_cidr (expand)" references: [module.vpc_components.local.should_create_subnets (expand) module.vpc_components.local.kube_a_v4_cidr_block (expand) module.vpc_components.local.not_have_existing_subnet_a (expand) module.vpc_components.data.yandex_vpc_subnet.kube_a (expand) module.vpc_components.local.should_create_subnets (expand) module.vpc_components.local.kube_b_v4_cidr_block (expand) module.vpc_components.local.not_have_existing_subnet_b (expand) module.vpc_components.data.yandex_vpc_subnet.kube_b (expand) module.vpc_components.local.should_create_subnets (expand) module.vpc_components.local.kube_d_v4_cidr_block (expand) module.vpc_components.local.not_have_existing_subnet_d (expand) module.vpc_components.data.yandex_vpc_subnet.kube_d (expand)]
2025-03-08 20:11:49 - 2025/03/08 20:11:49 [DEBUG] ReferenceTransformer: "module.vpc_components (close)" references: []
2025-03-08 20:11:49 - 2025/03/08 20:11:49 [DEBUG] ReferenceTransformer: "module.vpc_components.yandex_vpc_subnet.kube_b (expand)" references: [module.vpc_components.local.should_create_subnets (expand)]
2025-03-08 20:11:49 - 2025/03/08 20:11:49 [DEBUG] ReferenceTransformer: "module.vpc_components.data.yandex_vpc_subnet.kube_b (expand)" references: [module.vpc_components.local.not_have_existing_subnet_b (expand)]
2025-03-08 20:11:49 - 2025/03/08 20:11:49 [DEBUG] ReferenceTransformer: "var.cloudConfig" references: []
2025-03-08 20:11:49 - 2025/03/08 20:11:49 [DEBUG] ReferenceTransformer: "var.clusterUUID" references: []
2025-03-08 20:11:49 - 2025/03/08 20:11:49 [DEBUG] ReferenceTransformer: "local.layout (expand)" references: [var.providerClusterConfiguration]
2025-03-08 20:11:49 - 2025/03/08 20:11:49 [DEBUG] ReferenceTransformer: "module.vpc_components.yandex_vpc_route_table.kube" references: [module.vpc_components.var.labels (expand) module.vpc_components.var.prefix (expand) module.vpc_components.var.network_id (expand) module.vpc_components.local.is_standard (expand) module.vpc_components.local.is_with_nat_instance (expand) module.vpc_components.local.next_hop_address (expand) module.vpc_components.local.is_standard (expand) module.vpc_components.yandex_vpc_gateway.kube[0]]
2025-03-08 20:11:49 - 2025/03/08 20:11:49 [DEBUG] ReferenceTransformer: "module.vpc_components.var.layout (expand)" references: [local.layout (expand)]
2025-03-08 20:11:49 - 2025/03/08 20:11:49 [DEBUG] ReferenceTransformer: "module.vpc_components.var.dhcp_domain_name (expand)" references: [local.dhcp_domain_name (expand)]
2025-03-08 20:11:49 - 2025/03/08 20:11:49 [DEBUG] ReferenceTransformer: "module.vpc_components.local.with_internal_nat_instance_internal_cidr (expand)" references: [module.vpc_components.var.nat_instance_internal_subnet_id (expand) module.vpc_components.data.yandex_vpc_subnet.user_internal_subnet (expand)]
2025-03-08 20:11:49 - 2025/03/08 20:11:49 [DEBUG] ReferenceTransformer: "module.vpc_components.local.kube_d_v4_cidr_block (expand)" references: [module.vpc_components.local.should_create_subnets (expand) module.vpc_components.var.node_network_cidr (expand)]
2025-03-08 20:11:49 - 2025/03/08 20:11:49 [DEBUG] ReferenceTransformer: "module.vpc_components.local.user_data (expand)" references: [module.vpc_components.var.nat_instance_ssh_key (expand) module.vpc_components.var.node_network_cidr (expand)]
2025-03-08 20:11:49 - 2025/03/08 20:11:49 [DEBUG] ReferenceTransformer: "module.vpc_components.yandex_vpc_gateway.kube[0]" references: [module.vpc_components.local.is_standard (expand) module.vpc_components.var.labels (expand) module.vpc_components.var.prefix (expand)]
2025-03-08 20:11:49 - 2025/03/08 20:11:49 [DEBUG] ReferenceTransformer: "var.providerClusterConfiguration" references: []
2025-03-08 20:11:49 - 2025/03/08 20:11:49 [DEBUG] ReferenceTransformer: "var.nodeIndex" references: []
2025-03-08 20:11:49 - 2025/03/08 20:11:49 [DEBUG] ReferenceTransformer: "local.existing_network_id (expand)" references: [var.providerClusterConfiguration]
2025-03-08 20:11:49 - 2025/03/08 20:11:49 [DEBUG] ReferenceTransformer: "module.vpc_components.local.kube_a_v4_cidr_block (expand)" references: [module.vpc_components.local.should_create_subnets (expand) module.vpc_components.var.node_network_cidr (expand)]
2025-03-08 20:11:49 - 2025/03/08 20:11:49 [DEBUG] ReferenceTransformer: "module.vpc_components.local.external_subnet_zone (expand)" references: [module.vpc_components.var.nat_instance_external_subnet_id (expand) module.vpc_components.data.yandex_vpc_subnet.external_subnet (expand)]
2025-03-08 20:11:49 - 2025/03/08 20:11:49 [DEBUG] ReferenceTransformer: "module.vpc_components.output.route_table_id (expand)" references: [module.vpc_components.yandex_vpc_route_table.kube module.vpc_components.yandex_vpc_route_table.kube module.vpc_components.yandex_vpc_route_table.kube (expand)]
2025-03-08 20:11:49 - 2025/03/08 20:11:49 [DEBUG] ReferenceTransformer: "module.vpc_components.yandex_compute_instance.nat_instance (expand)" references: [module.vpc_components.local.is_with_nat_instance (expand)]
2025-03-08 20:11:49 - 2025/03/08 20:11:49 [DEBUG] ReferenceTransformer: "module.vpc_components.local.is_standard (expand)" references: [module.vpc_components.var.layout (expand)]
2025-03-08 20:11:49 - 2025/03/08 20:11:49 [DEBUG] ReferenceTransformer: "module.vpc_components.local.assign_external_ip_address (expand)" references: [module.vpc_components.var.nat_instance_external_subnet_id (expand)]
2025-03-08 20:11:49 - 2025/03/08 20:11:49 [DEBUG] ReferenceTransformer: "module.vpc_components.local.with_external_nat_instance_internal_cidr (expand)" references: [module.vpc_components.var.nat_instance_external_subnet_id (expand) module.vpc_components.local.zone_to_cidr (expand) module.vpc_components.local.external_subnet_zone (expand)]
2025-03-08 20:11:49 - 2025/03/08 20:11:49 [DEBUG] ReferenceTransformer: "module.vpc_components.local.nat_instance_cidr (expand)" references: [module.vpc_components.local.with_internal_nat_instance_internal_cidr (expand) module.vpc_components.local.with_external_nat_instance_internal_cidr (expand) module.vpc_components.local.from_manual_or_our_created_internal_cidr (expand)]
2025-03-08 20:11:49 - 2025/03/08 20:11:49 [DEBUG] ReferenceTransformer: "module.vpc_components.output.zone_to_subnet_id_map (expand)" references: [module.vpc_components.local.should_create_subnets (expand) module.vpc_components.yandex_vpc_subnet.kube_a[0] module.vpc_components.yandex_vpc_subnet.kube_a[0] module.vpc_components.yandex_vpc_subnet.kube_b[0] module.vpc_components.yandex_vpc_subnet.kube_b[0] module.vpc_components.yandex_vpc_subnet.kube_d[0] module.vpc_components.yandex_vpc_subnet.kube_d[0] module.vpc_components.local.zone_to_subnet_id_map_d_final (expand)]
2025-03-08 20:11:49 - 2025/03/08 20:11:49 [DEBUG] ReferenceTransformer: "module.vpc_components.var.node_network_cidr (expand)" references: [local.node_network_cidr (expand)]
2025-03-08 20:11:49 - 2025/03/08 20:11:49 [DEBUG] ReferenceTransformer: "module.vpc_components.local.nat_instance_internal_address_calculated (expand)" references: [module.vpc_components.local.is_with_nat_instance (expand) module.vpc_components.var.nat_instance_internal_address (expand) module.vpc_components.local.nat_instance_cidr (expand) module.vpc_components.var.nat_instance_internal_address (expand)]
2025-03-08 20:11:49 - 2025/03/08 20:11:49 [DEBUG] ReferenceTransformer: "module.vpc_components (expand)" references: []
2025-03-08 20:11:49 - 2025/03/08 20:11:49 [DEBUG] ReferenceTransformer: "var.clusterConfiguration" references: []
2025-03-08 20:11:49 - 2025/03/08 20:11:49 [DEBUG] ReferenceTransformer: "module.vpc_components.var.nat_instance_internal_address (expand)" references: []
2025-03-08 20:11:49 - 2025/03/08 20:11:49 [DEBUG] ReferenceTransformer: "module.vpc_components.output.nat_instance_zone (expand)" references: [module.vpc_components.local.is_with_nat_instance (expand) module.vpc_components.yandex_compute_instance.nat_instance (expand)]
2025-03-08 20:11:49 - 2025/03/08 20:11:49 [DEBUG] ReferenceTransformer: "module.vpc_components.yandex_vpc_subnet.kube_b[0]" references: [module.vpc_components.local.should_create_subnets (expand) module.vpc_components.local.kube_b_v4_cidr_block (expand) module.vpc_components.var.labels (expand) module.vpc_components.var.prefix (expand) module.vpc_components.yandex_vpc_route_table.kube module.vpc_components.yandex_vpc_route_table.kube module.vpc_components.yandex_vpc_route_table.kube (expand) module.vpc_components.var.network_id (expand) module.vpc_components.var.dhcp_domain_name (expand) module.vpc_components.var.dhcp_domain_name_servers (expand) module.vpc_components.var.dhcp_domain_name_servers (expand) module.vpc_components.var.dhcp_domain_name (expand)]
2025-03-08 20:11:49 - 2025/03/08 20:11:49 [DEBUG] ReferenceTransformer: "module.vpc_components.yandex_vpc_route_table.kube (expand)" references: []
2025-03-08 20:11:49 - 2025/03/08 20:11:49 [DEBUG] ReferenceTransformer: "module.vpc_components.data.yandex_vpc_subnet.external_subnet (expand)" references: [module.vpc_components.var.nat_instance_external_subnet_id (expand)]
2025-03-08 20:11:49 - 2025/03/08 20:11:49 [DEBUG] ReferenceTransformer: "module.vpc_components.var.nat_instance_ssh_key (expand)" references: []
2025-03-08 20:11:49 - 2025/03/08 20:11:49 [DEBUG] ReferenceTransformer: "module.vpc_components.var.labels (expand)" references: [local.labels (expand)]
2025-03-08 20:11:49 - 2025/03/08 20:11:49 [DEBUG] ReferenceTransformer: "module.vpc_components.local.zone_to_subnet_id_map_b (expand)" references: [module.vpc_components.local.zone_to_subnet_id_map_a (expand) module.vpc_components.data.yandex_vpc_subnet.kube_b (expand) module.vpc_components.data.yandex_vpc_subnet.kube_b (expand) module.vpc_components.data.yandex_vpc_subnet.kube_b (expand)]
2025-03-08 20:11:49 - 2025/03/08 20:11:49 [DEBUG] ReferenceTransformer: "module.vpc_components.local.not_have_existing_subnet_d (expand)" references: [module.vpc_components.local.should_create_subnets (expand) module.vpc_components.var.existing_zone_to_subnet_id_map (expand)]
2025-03-08 20:11:49 - 2025/03/08 20:11:49 [DEBUG] ReferenceTransformer: "module.vpc_components.yandex_vpc_subnet.kube_a (expand)" references: [module.vpc_components.local.should_create_subnets (expand)]
2025-03-08 20:11:49 - 2025/03/08 20:11:49 [DEBUG] ReferenceTransformer: "module.vpc_components.data.yandex_compute_image.nat_image (expand)" references: [module.vpc_components.local.is_with_nat_instance (expand)]
2025-03-08 20:11:49 - 2025/03/08 20:11:49 [DEBUG] ReferenceTransformer: "module.vpc_components.data.yandex_vpc_subnet.user_internal_subnet (expand)" references: [module.vpc_components.var.nat_instance_internal_subnet_id (expand)]
2025-03-08 20:11:49 - 2025/03/08 20:11:49 [DEBUG] ReferenceTransformer: "local.dhcp_domain_name_servers (expand)" references: [local.dhcp_options (expand) local.dhcp_options (expand)]
2025-03-08 20:11:49 - 2025/03/08 20:11:49 [DEBUG] ReferenceTransformer: "module.vpc_components.local.not_have_existing_subnet_a (expand)" references: [module.vpc_components.local.should_create_subnets (expand) module.vpc_components.var.existing_zone_to_subnet_id_map (expand)]
2025-03-08 20:11:49 - 2025/03/08 20:11:49 [DEBUG] ReferenceTransformer: "provider[\"registry.terraform.io/yandex-cloud/yandex\"]" references: [var.providerClusterConfiguration var.providerClusterConfiguration var.providerClusterConfiguration]
2025-03-08 20:11:49 - 2025/03/08 20:11:49 [DEBUG] ReferenceTransformer: "module.vpc_components.data.yandex_vpc_subnet.kube_a (expand)" references: [module.vpc_components.local.not_have_existing_subnet_a (expand)]
2025-03-08 20:11:49 - 2025/03/08 20:11:49 [DEBUG] ReferenceTransformer: "module.vpc_components.local.from_manual_or_our_created_internal_cidr (expand)" references: [module.vpc_components.local.zone_to_cidr (expand) module.vpc_components.local.internal_subnet_zone (expand)]
2025-03-08 20:11:49 - 2025/03/08 20:11:49 [DEBUG] ReferenceTransformer: "module.vpc_components.local.next_hop_address (expand)" references: [module.vpc_components.local.is_with_nat_instance (expand) module.vpc_components.local.nat_instance_internal_address_calculated (expand)]
2025-03-08 20:11:49 - 2025/03/08 20:11:49 [DEBUG] ReferenceTransformer: "module.vpc_components.yandex_vpc_subnet.kube_d[0]" references: [module.vpc_components.local.should_create_subnets (expand) module.vpc_components.var.prefix (expand) module.vpc_components.local.kube_d_v4_cidr_block (expand) module.vpc_components.yandex_vpc_route_table.kube module.vpc_components.yandex_vpc_route_table.kube module.vpc_components.yandex_vpc_route_table.kube (expand) module.vpc_components.var.network_id (expand) module.vpc_components.var.labels (expand) module.vpc_components.var.dhcp_domain_name (expand) module.vpc_components.var.dhcp_domain_name_servers (expand) module.vpc_components.var.dhcp_domain_name_servers (expand) module.vpc_components.var.dhcp_domain_name (expand)]
2025-03-08 20:11:49 - 2025/03/08 20:11:49 [DEBUG] pruneUnusedNodes: module.vpc_components.output.nat_instance_name (expand) is no longer needed, removing
2025-03-08 20:11:49 - 2025/03/08 20:11:49 [DEBUG] pruneUnusedNodes: module.vpc_components.var.nat_instance_memory (expand) is no longer needed, removing
2025-03-08 20:11:49 - 2025/03/08 20:11:49 [DEBUG] pruneUnusedNodes: module.vpc_components.var.nat_instance_external_address (expand) is no longer needed, removing
2025-03-08 20:11:49 - 2025/03/08 20:11:49 [DEBUG] pruneUnusedNodes: module.vpc_components.var.nat_instance_cores (expand) is no longer needed, removing
2025-03-08 20:11:49 - 2025/03/08 20:11:49 [DEBUG] pruneUnusedNodes: module.vpc_components.local.zone_to_subnet_id (expand) is no longer needed, removing
2025-03-08 20:11:49 - 2025/03/08 20:11:49 [DEBUG] pruneUnusedNodes: module.vpc_components.local.user_data (expand) is no longer needed, removing
2025-03-08 20:11:49 - 2025/03/08 20:11:49 [DEBUG] pruneUnusedNodes: module.vpc_components.local.assign_external_ip_address (expand) is no longer needed, removing
2025-03-08 20:11:49 - 2025/03/08 20:11:49 [DEBUG] pruneUnusedNodes: module.vpc_components.output.nat_instance_zone (expand) is no longer needed, removing
2025-03-08 20:11:49 - 2025/03/08 20:11:49 [DEBUG] pruneUnusedNodes: module.vpc_components.var.nat_instance_ssh_key (expand) is no longer needed, removing
2025-03-08 20:11:49 - 2025/03/08 20:11:49 [DEBUG] pruneUnusedNodes: module.vpc_components.yandex_compute_instance.nat_instance (expand) is no longer needed, removing
2025-03-08 20:11:49 - 2025/03/08 20:11:49 [DEBUG] pruneUnusedNodes: module.vpc_components.data.yandex_compute_image.nat_image (expand) is no longer needed, removing
2025-03-08 20:11:49 - 2025/03/08 20:11:49 [DEBUG] Starting graph walk: walkApply
2025-03-08 20:11:49 - 2025-03-08T20:11:49.575Z [INFO]  plugin: configuring client automatic mTLS
2025-03-08 20:11:49 - 2025-03-08T20:11:49.583Z [DEBUG] plugin: starting plugin: path=/tmp/dhctl/tf_dhctl/providers/registry.terraform.io/yandex-cloud/yandex/0.83.0/linux_amd64/terraform-provider-yandex args=[/tmp/dhctl/tf_dhctl/providers/registry.terraform.io/yandex-cloud/yandex/0.83.0/linux_amd64/terraform-provider-yandex]
2025-03-08 20:11:49 - 2025-03-08T20:11:49.584Z [DEBUG] plugin: plugin started: path=/tmp/dhctl/tf_dhctl/providers/registry.terraform.io/yandex-cloud/yandex/0.83.0/linux_amd64/terraform-provider-yandex pid=252
2025-03-08 20:11:49 - 2025-03-08T20:11:49.584Z [DEBUG] plugin: waiting for RPC address: path=/tmp/dhctl/tf_dhctl/providers/registry.terraform.io/yandex-cloud/yandex/0.83.0/linux_amd64/terraform-provider-yandex
2025-03-08 20:11:49 - 2025-03-08T20:11:49.739Z [INFO]  plugin.terraform-provider-yandex: configuring server automatic mTLS: timestamp=2025-03-08T20:11:49.737Z
2025-03-08 20:11:49 - 2025-03-08T20:11:49.774Z [DEBUG] plugin.terraform-provider-yandex: plugin address: address=/tmp/plugin2301313607 network=unix timestamp=2025-03-08T20:11:49.774Z
2025-03-08 20:11:49 - 2025-03-08T20:11:49.774Z [DEBUG] plugin: using plugin: version=5
2025-03-08 20:11:49 - 2025/03/08 20:11:49 [WARN] Provider "registry.terraform.io/yandex-cloud/yandex" produced an invalid plan for module.vpc_components.yandex_vpc_gateway.kube[0], but we are tolerating it because it is using the legacy plugin SDK.
2025-03-08 20:11:49 -     The following problems may be the cause of any confusing errors from downstream operations:
2025-03-08 20:11:49 -       - .labels: planned value cty.UnknownVal(cty.Map(cty.String)) does not match config value cty.MapValEmpty(cty.String)
2025-03-08 20:11:49 - 2025/03/08 20:11:49 [WARN] Provider "registry.terraform.io/yandex-cloud/yandex" produced an invalid plan for yandex_vpc_network.kube[0], but we are tolerating it because it is using the legacy plugin SDK.
2025-03-08 20:11:49 -     The following problems may be the cause of any confusing errors from downstream operations:
2025-03-08 20:11:49 -       - .labels: planned value cty.UnknownVal(cty.Map(cty.String)) does not match config value cty.MapValEmpty(cty.String)
2025-03-08 20:11:49 - module.vpc_components.yandex_vpc_gateway.kube[0]: Creating...
2025-03-08 20:11:49 - yandex_vpc_network.kube[0]: Creating...
2025-03-08 20:11:49 - 2025/03/08 20:11:49 [DEBUG] EvalApply: ProviderMeta config value set
2025-03-08 20:11:49 - 2025/03/08 20:11:49 [DEBUG] module.vpc_components.yandex_vpc_gateway.kube[0]: applying the planned Create change
2025-03-08 20:11:49 - 2025/03/08 20:11:49 [DEBUG] EvalApply: ProviderMeta config value set
2025-03-08 20:11:49 - 2025/03/08 20:11:49 [DEBUG] yandex_vpc_network.kube[0]: applying the planned Create change
2025-03-08 20:11:49 - 2025-03-08T20:11:49.890Z [DEBUG] plugin.terraform-provider-yandex: setting computed for "labels" from ComputedKeys: timestamp=2025-03-08T20:11:49.890Z
2025-03-08 20:11:49 - 2025-03-08T20:11:49.891Z [DEBUG] plugin.terraform-provider-yandex: setting computed for "labels" from ComputedKeys: timestamp=2025-03-08T20:11:49.891Z
2025-03-08 20:11:49 - 2025-03-08T20:11:49.891Z [DEBUG] plugin.terraform-provider-yandex: setting computed for "subnet_ids" from ComputedKeys: timestamp=2025-03-08T20:11:49.891Z
2025-03-08 20:11:51 - 2025/03/08 20:11:51 [WARN] Provider "registry.terraform.io/yandex-cloud/yandex" produced an unexpected new value for module.vpc_components.yandex_vpc_gateway.kube[0], but we are tolerating it because it is using the legacy plugin SDK.
2025-03-08 20:11:51 -     The following problems may be the cause of any confusing errors from downstream operations:
2025-03-08 20:11:51 -       - .description: was null, but now cty.StringVal("")
2025-03-08 20:11:51 - module.vpc_components.yandex_vpc_gateway.kube[0]: Creation complete after 1s [id=enpkq15f0lslutdstc5c]
2025-03-08 20:11:52 - 2025/03/08 20:11:52 [WARN] Provider "registry.terraform.io/yandex-cloud/yandex" produced an unexpected new value for yandex_vpc_network.kube[0], but we are tolerating it because it is using the legacy plugin SDK.
2025-03-08 20:11:52 -     The following problems may be the cause of any confusing errors from downstream operations:
2025-03-08 20:11:52 -       - .description: was null, but now cty.StringVal("")
2025-03-08 20:11:52 - yandex_vpc_network.kube[0]: Creation complete after 3s [id=enpgtuekh9ifqri6imn4]
2025-03-08 20:11:52 - 2025/03/08 20:11:52 [WARN] Provider "registry.terraform.io/yandex-cloud/yandex" produced an invalid plan for module.vpc_components.yandex_vpc_route_table.kube, but we are tolerating it because it is using the legacy plugin SDK.
2025-03-08 20:11:52 -     The following problems may be the cause of any confusing errors from downstream operations:
2025-03-08 20:11:52 -       - .labels: planned value cty.UnknownVal(cty.Map(cty.String)) does not match config value cty.MapValEmpty(cty.String)
2025-03-08 20:11:52 - module.vpc_components.yandex_vpc_route_table.kube: Creating...
2025-03-08 20:11:52 - 2025/03/08 20:11:52 [DEBUG] EvalApply: ProviderMeta config value set
2025-03-08 20:11:52 - 2025/03/08 20:11:52 [DEBUG] module.vpc_components.yandex_vpc_route_table.kube: applying the planned Create change
2025-03-08 20:11:52 - 2025-03-08T20:11:52.949Z [DEBUG] plugin.terraform-provider-yandex: setting computed for "labels" from ComputedKeys: timestamp=2025-03-08T20:11:52.949Z
2025-03-08 20:11:53 - 2025/03/08 20:11:53 [WARN] Provider "registry.terraform.io/yandex-cloud/yandex" produced an unexpected new value for module.vpc_components.yandex_vpc_route_table.kube, but we are tolerating it because it is using the legacy plugin SDK.
2025-03-08 20:11:53 -     The following problems may be the cause of any confusing errors from downstream operations:
2025-03-08 20:11:53 -       - .description: was null, but now cty.StringVal("")
2025-03-08 20:11:53 - module.vpc_components.yandex_vpc_route_table.kube: Creation complete after 1s [id=enppqpivtrraneih0biq]
2025-03-08 20:11:53 - 2025/03/08 20:11:53 [WARN] Provider "registry.terraform.io/yandex-cloud/yandex" produced an invalid plan for module.vpc_components.yandex_vpc_subnet.kube_b[0], but we are tolerating it because it is using the legacy plugin SDK.
2025-03-08 20:11:53 -     The following problems may be the cause of any confusing errors from downstream operations:
2025-03-08 20:11:53 -       - .labels: planned value cty.UnknownVal(cty.Map(cty.String)) does not match config value cty.MapValEmpty(cty.String)
2025-03-08 20:11:53 - module.vpc_components.yandex_vpc_subnet.kube_b[0]: Creating...
2025-03-08 20:11:53 - 2025/03/08 20:11:53 [WARN] Provider "registry.terraform.io/yandex-cloud/yandex" produced an invalid plan for module.vpc_components.yandex_vpc_subnet.kube_d[0], but we are tolerating it because it is using the legacy plugin SDK.
2025-03-08 20:11:53 -     The following problems may be the cause of any confusing errors from downstream operations:
2025-03-08 20:11:53 -       - .labels: planned value cty.UnknownVal(cty.Map(cty.String)) does not match config value cty.MapValEmpty(cty.String)
2025-03-08 20:11:53 - 2025/03/08 20:11:53 [WARN] Provider "registry.terraform.io/yandex-cloud/yandex" produced an invalid plan for module.vpc_components.yandex_vpc_subnet.kube_a[0], but we are tolerating it because it is using the legacy plugin SDK.
2025-03-08 20:11:53 -     The following problems may be the cause of any confusing errors from downstream operations:
2025-03-08 20:11:53 -       - .labels: planned value cty.UnknownVal(cty.Map(cty.String)) does not match config value cty.MapValEmpty(cty.String)
2025-03-08 20:11:53 - 2025/03/08 20:11:53 [DEBUG] EvalApply: ProviderMeta config value set
2025-03-08 20:11:53 - 2025/03/08 20:11:53 [DEBUG] module.vpc_components.yandex_vpc_subnet.kube_b[0]: applying the planned Create change
2025-03-08 20:11:53 - 2025/03/08 20:11:53 [DEBUG] EvalApply: ProviderMeta config value set
2025-03-08 20:11:53 - 2025/03/08 20:11:53 [DEBUG] module.vpc_components.yandex_vpc_subnet.kube_a[0]: applying the planned Create change
2025-03-08 20:11:53 - 2025/03/08 20:11:53 [DEBUG] EvalApply: ProviderMeta config value set
2025-03-08 20:11:53 - 2025/03/08 20:11:53 [DEBUG] module.vpc_components.yandex_vpc_subnet.kube_d[0]: applying the planned Create change
2025-03-08 20:11:53 - 2025-03-08T20:11:53.630Z [DEBUG] plugin.terraform-provider-yandex: setting computed for "v6_cidr_blocks" from ComputedKeys: timestamp=2025-03-08T20:11:53.630Z
2025-03-08 20:11:53 - 2025-03-08T20:11:53.630Z [DEBUG] plugin.terraform-provider-yandex: setting computed for "labels" from ComputedKeys: timestamp=2025-03-08T20:11:53.630Z
2025-03-08 20:11:53 - 2025-03-08T20:11:53.630Z [DEBUG] plugin.terraform-provider-yandex: setting computed for "v6_cidr_blocks" from ComputedKeys: timestamp=2025-03-08T20:11:53.630Z
2025-03-08 20:11:53 - 2025-03-08T20:11:53.630Z [DEBUG] plugin.terraform-provider-yandex: setting computed for "labels" from ComputedKeys: timestamp=2025-03-08T20:11:53.630Z
2025-03-08 20:11:53 - module.vpc_components.yandex_vpc_subnet.kube_a[0]: Creating...
2025-03-08 20:11:53 - module.vpc_components.yandex_vpc_subnet.kube_d[0]: Creating...
2025-03-08 20:11:53 - 2025-03-08T20:11:53.632Z [DEBUG] plugin.terraform-provider-yandex: setting computed for "v6_cidr_blocks" from ComputedKeys: timestamp=2025-03-08T20:11:53.631Z
2025-03-08 20:11:53 - 2025-03-08T20:11:53.632Z [DEBUG] plugin.terraform-provider-yandex: setting computed for "labels" from ComputedKeys: timestamp=2025-03-08T20:11:53.632Z
2025-03-08 20:11:53 - 2025/03/08 20:11:53 [WARN] Provider "registry.terraform.io/yandex-cloud/yandex" produced an unexpected new value for module.vpc_components.yandex_vpc_subnet.kube_b[0], but we are tolerating it because it is using the legacy plugin SDK.
2025-03-08 20:11:53 -     The following problems may be the cause of any confusing errors from downstream operations:
2025-03-08 20:11:53 -       - .description: was null, but now cty.StringVal("")
2025-03-08 20:11:53 - module.vpc_components.yandex_vpc_subnet.kube_b[0]: Creation complete after 0s [id=e2labl7jtrq3r1bu2iof]
2025-03-08 20:11:54 - 2025/03/08 20:11:54 [WARN] Provider "registry.terraform.io/yandex-cloud/yandex" produced an unexpected new value for module.vpc_components.yandex_vpc_subnet.kube_a[0], but we are tolerating it because it is using the legacy plugin SDK.
2025-03-08 20:11:54 -     The following problems may be the cause of any confusing errors from downstream operations:
2025-03-08 20:11:54 -       - .description: was null, but now cty.StringVal("")
2025-03-08 20:11:54 - module.vpc_components.yandex_vpc_subnet.kube_a[0]: Creation complete after 0s [id=e9brnsmkg3abh17sq1mt]
2025-03-08 20:11:54 - 2025/03/08 20:11:54 [WARN] Provider "registry.terraform.io/yandex-cloud/yandex" produced an unexpected new value for module.vpc_components.yandex_vpc_subnet.kube_d[0], but we are tolerating it because it is using the legacy plugin SDK.
2025-03-08 20:11:54 -     The following problems may be the cause of any confusing errors from downstream operations:
2025-03-08 20:11:54 -       - .description: was null, but now cty.StringVal("")
2025-03-08 20:11:54 - module.vpc_components.yandex_vpc_subnet.kube_d[0]: Creation complete after 1s [id=fl87oq9r682ikprsv6sh]
2025-03-08 20:11:54 - 2025-03-08T20:11:54.826Z [WARN]  plugin.stdio: received EOF, stopping recv loop: err="rpc error: code = Unavailable desc = transport is closing"
2025-03-08 20:11:54 - 2025-03-08T20:11:54.829Z [DEBUG] plugin: plugin process exited: path=/tmp/dhctl/tf_dhctl/providers/registry.terraform.io/yandex-cloud/yandex/0.83.0/linux_amd64/terraform-provider-yandex pid=252
2025-03-08 20:11:54 - 2025-03-08T20:11:54.829Z [DEBUG] plugin: plugin exited
2025-03-08 20:11:54 - 
2025-03-08 20:11:54 - Apply complete! Resources: 6 added, 0 changed, 0 destroyed.
2025-03-08 20:11:54 - 
2025-03-08 20:11:54 - The state of your infrastructure has been saved to the path
2025-03-08 20:11:54 - below. This state is required to modify and destroy your
2025-03-08 20:11:54 - infrastructure, so keep it safe. To inspect the complete state
2025-03-08 20:11:54 - use the `terraform show` command.
2025-03-08 20:11:54 - 
2025-03-08 20:11:54 - State path: terraform.tfstate
2025-03-08 20:11:54 - 
2025-03-08 20:11:54 - Outputs:
2025-03-08 20:11:54 - 
2025-03-08 20:11:54 - cloud_discovery_data = {
2025-03-08 20:11:54 -   "apiVersion" = "deckhouse.io/v1"
2025-03-08 20:11:54 -   "defaultLbTargetGroupNetworkId" = "enpgtuekh9ifqri6imn4"
2025-03-08 20:11:54 -   "internalNetworkIDs" = [
2025-03-08 20:11:54 -     "enpgtuekh9ifqri6imn4",
2025-03-08 20:11:54 -   ]
2025-03-08 20:11:54 -   "kind" = "YandexCloudDiscoveryData"
2025-03-08 20:11:54 -   "region" = "ru-central1"
2025-03-08 20:11:54 -   "routeTableID" = "enppqpivtrraneih0biq"
2025-03-08 20:11:54 -   "shouldAssignPublicIPAddress" = false
2025-03-08 20:11:54 -   "zoneToSubnetIdMap" = tomap({
2025-03-08 20:11:54 -     "ru-central1-a" = "e9brnsmkg3abh17sq1mt"
2025-03-08 20:11:54 -     "ru-central1-b" = "e2labl7jtrq3r1bu2iof"
2025-03-08 20:11:54 -     "ru-central1-d" = "fl87oq9r682ikprsv6sh"
2025-03-08 20:11:54 -   })
2025-03-08 20:11:54 -   "zones" = tolist([
2025-03-08 20:11:54 -     "ru-central1-a",
2025-03-08 20:11:54 -     "ru-central1-b",
2025-03-08 20:11:54 -     "ru-central1-d",
2025-03-08 20:11:54 -   ])
2025-03-08 20:11:54 - }
2025-03-08 20:11:54 - Terraform runner "base-infrastructure" process exited.
2025-03-08 20:11:54 - End process terraform apply ...2025-03-08 20:11:56 - End process Pipeline base-infrastructure for Kubernetes cluster2025-03-08 20:11:56 - Base infrastructure was created
2025-03-08 20:11:56 - teardown callback 'cloud-demo-master-0' added, callbacks in queue: 10
2025-03-08 20:11:56 - Start process Pipeline master-node for cloud-demo-master-02025-03-08 20:11:56 - Start process terraform init ...2025-03-08 20:11:56 - /bin/terraform init -plugin-dir=/plugins -get-plugins=false -no-color -input=false /deckhouse/candi/cloud-providers/yandex/layouts/standard/master-node
2025-03-08 20:11:57 - 2025/03/08 20:11:57 [WARN] Log levels other than TRACE are currently unreliable, and are supported only for backward compatibility.
2025-03-08 20:11:57 -   Use TF_LOG=TRACE to see Terraform's internal logs.
2025-03-08 20:11:57 -   ----
2025-03-08 20:11:57 - 2025/03/08 20:11:57 [INFO] Terraform version: 0.14.8  
2025-03-08 20:11:57 - 2025/03/08 20:11:57 [INFO] Go runtime version: go1.20.5
2025-03-08 20:11:57 - 2025/03/08 20:11:57 [INFO] CLI args: []string{"/bin/terraform", "init", "-plugin-dir=/plugins", "-get-plugins=false", "-no-color", "-input=false", "/deckhouse/candi/cloud-providers/yandex/layouts/standard/master-node"}
2025-03-08 20:11:57 - 2025/03/08 20:11:57 [DEBUG] Attempting to open CLI config file: /root/.terraformrc
2025-03-08 20:11:57 - 2025/03/08 20:11:57 [DEBUG] File doesn't exist, but doesn't need to. Ignoring.
2025-03-08 20:11:57 - 2025/03/08 20:11:57 [DEBUG] ignoring non-existing provider search directory terraform.d/plugins
2025-03-08 20:11:57 - 2025/03/08 20:11:57 [DEBUG] ignoring non-existing provider search directory /root/.terraform.d/plugins
2025-03-08 20:11:57 - 2025/03/08 20:11:57 [DEBUG] ignoring non-existing provider search directory /root/.local/share/terraform/plugins
2025-03-08 20:11:57 - 2025/03/08 20:11:57 [DEBUG] ignoring non-existing provider search directory /usr/local/share/terraform/plugins
2025-03-08 20:11:57 - 2025/03/08 20:11:57 [DEBUG] ignoring non-existing provider search directory /usr/share/terraform/plugins
2025-03-08 20:11:57 - 2025/03/08 20:11:57 [INFO] CLI command args: []string{"init", "-plugin-dir=/plugins", "-get-plugins=false", "-no-color", "-input=false", "/deckhouse/candi/cloud-providers/yandex/layouts/standard/master-node"}
2025-03-08 20:11:57 - 2025/03/08 20:11:57 [WARN] Log levels other than TRACE are currently unreliable, and are supported only for backward compatibility.
2025-03-08 20:11:57 -   Use TF_LOG=TRACE to see Terraform's internal logs.
2025-03-08 20:11:57 -   ----
2025-03-08 20:11:57 - 
2025-03-08 20:11:57 - Initializing the backend...
2025-03-08 20:11:57 - 2025/03/08 20:11:57 [DEBUG] New state was assigned lineage "f9fa14d2-dcb3-49f7-015c-df1c0d32c0ab"
2025-03-08 20:11:57 - 2025/03/08 20:11:57 [DEBUG] checking for provisioner in "/plugins"
2025-03-08 20:11:57 - 2025/03/08 20:11:57 [INFO] Failed to read plugin lock file /tmp/dhctl/tf_dhctl/plugins/linux_amd64/lock.json: open /tmp/dhctl/tf_dhctl/plugins/linux_amd64/lock.json: no such file or directory
2025-03-08 20:11:57 - 2025/03/08 20:11:57 [DEBUG] init: overriding provider plugin search paths
2025-03-08 20:11:57 - 2025/03/08 20:11:57 [DEBUG] will search for provider plugins in [/plugins]
2025-03-08 20:11:57 - 
2025-03-08 20:11:57 - Initializing provider plugins...
2025-03-08 20:11:57 - - Reusing previous version of yandex-cloud/yandex from the dependency lock file
2025-03-08 20:11:57 - - Using previously-installed yandex-cloud/yandex v0.83.0
2025-03-08 20:11:57 - 
2025-03-08 20:11:57 - 
2025-03-08 20:11:57 - Warning: No-op -get-plugins flag used
2025-03-08 20:11:57 - 
2025-03-08 20:11:57 - As of Terraform 0.13+, the -get-plugins=false command is a no-op flag. If you
2025-03-08 20:11:57 - would like to customize provider installation, use a provider_installation
2025-03-08 20:11:57 - block or other available Terraform settings.
2025-03-08 20:11:57 - 
2025-03-08 20:11:57 - Terraform has been successfully initialized!
2025-03-08 20:11:57 - Terraform runner "master-node" process exited.
2025-03-08 20:11:57 - End process terraform init ...2025-03-08 20:11:57 - Start process terraform plan ...2025-03-08 20:11:57 - /bin/terraform plan -input=false -no-color -detailed-exitcode -var-file=/tmp/dhctl/cluster-config.auto.4246580971.tfvars.json -state=/tmp/dhctl/f9d2387496b3fed4221896d4905e92706cbc7d92fe5de99e88da4cb341759a2a/cloud-demo-master-0.tfstate -out=/tmp/dhctl/master-node-dhctl.2881745642.tfplan /deckhouse/candi/cloud-providers/yandex/layouts/standard/master-node
2025-03-08 20:11:57 - 2025/03/08 20:11:57 [WARN] Log levels other than TRACE are currently unreliable, and are supported only for backward compatibility.
2025-03-08 20:11:57 -   Use TF_LOG=TRACE to see Terraform's internal logs.
2025-03-08 20:11:57 -   ----
2025-03-08 20:11:57 - 2025/03/08 20:11:57 [INFO] Terraform version: 0.14.8  
2025-03-08 20:11:57 - 2025/03/08 20:11:57 [INFO] Go runtime version: go1.20.5
2025-03-08 20:11:57 - 2025/03/08 20:11:57 [INFO] CLI args: []string{"/bin/terraform", "plan", "-input=false", "-no-color", "-detailed-exitcode", "-var-file=/tmp/dhctl/cluster-config.auto.4246580971.tfvars.json", "-state=/tmp/dhctl/f9d2387496b3fed4221896d4905e92706cbc7d92fe5de99e88da4cb341759a2a/cloud-demo-master-0.tfstate", "-out=/tmp/dhctl/master-node-dhctl.2881745642.tfplan", "/deckhouse/candi/cloud-providers/yandex/layouts/standard/master-node"}
2025-03-08 20:11:57 - 2025/03/08 20:11:57 [DEBUG] Attempting to open CLI config file: /root/.terraformrc
2025-03-08 20:11:57 - 2025/03/08 20:11:57 [DEBUG] File doesn't exist, but doesn't need to. Ignoring.
2025-03-08 20:11:57 - 2025/03/08 20:11:57 [DEBUG] ignoring non-existing provider search directory terraform.d/plugins
2025-03-08 20:11:57 - 2025/03/08 20:11:57 [DEBUG] ignoring non-existing provider search directory /root/.terraform.d/plugins
2025-03-08 20:11:57 - 2025/03/08 20:11:57 [DEBUG] ignoring non-existing provider search directory /root/.local/share/terraform/plugins
2025-03-08 20:11:57 - 2025/03/08 20:11:57 [DEBUG] ignoring non-existing provider search directory /usr/local/share/terraform/plugins
2025-03-08 20:11:57 - 2025/03/08 20:11:57 [DEBUG] ignoring non-existing provider search directory /usr/share/terraform/plugins
2025-03-08 20:11:57 - 2025/03/08 20:11:57 [INFO] CLI command args: []string{"plan", "-input=false", "-no-color", "-detailed-exitcode", "-var-file=/tmp/dhctl/cluster-config.auto.4246580971.tfvars.json", "-state=/tmp/dhctl/f9d2387496b3fed4221896d4905e92706cbc7d92fe5de99e88da4cb341759a2a/cloud-demo-master-0.tfstate", "-out=/tmp/dhctl/master-node-dhctl.2881745642.tfplan", "/deckhouse/candi/cloud-providers/yandex/layouts/standard/master-node"}
2025-03-08 20:11:57 - 2025/03/08 20:11:57 [WARN] Log levels other than TRACE are currently unreliable, and are supported only for backward compatibility.
2025-03-08 20:11:57 -   Use TF_LOG=TRACE to see Terraform's internal logs.
2025-03-08 20:11:57 -   ----
2025-03-08 20:11:57 - 2025/03/08 20:11:57 [DEBUG] New state was assigned lineage "3d11142f-fb6f-4dd3-c0d1-a6af322d28ca"
2025-03-08 20:11:58 - 2025/03/08 20:11:58 [DEBUG] checking for provisioner in "/plugins"
2025-03-08 20:11:58 - 2025/03/08 20:11:58 [INFO] Failed to read plugin lock file /tmp/dhctl/tf_dhctl/plugins/linux_amd64/lock.json: open /tmp/dhctl/tf_dhctl/plugins/linux_amd64/lock.json: no such file or directory
2025-03-08 20:11:58 - 2025/03/08 20:11:58 [INFO] backend/local: starting Plan operation
2025-03-08 20:11:58 - 2025/03/08 20:11:58 [DEBUG] backend/local: Skipping interactive prompts for variables because input is disabled
2025-03-08 20:11:58 - 2025-03-08T20:11:58.217Z [INFO]  plugin: configuring client automatic mTLS
2025-03-08 20:11:58 - 2025-03-08T20:11:58.248Z [DEBUG] plugin: starting plugin: path=/tmp/dhctl/tf_dhctl/providers/registry.terraform.io/yandex-cloud/yandex/0.83.0/linux_amd64/terraform-provider-yandex args=[/tmp/dhctl/tf_dhctl/providers/registry.terraform.io/yandex-cloud/yandex/0.83.0/linux_amd64/terraform-provider-yandex]
2025-03-08 20:11:58 - 2025-03-08T20:11:58.251Z [DEBUG] plugin: plugin started: path=/tmp/dhctl/tf_dhctl/providers/registry.terraform.io/yandex-cloud/yandex/0.83.0/linux_amd64/terraform-provider-yandex pid=452
2025-03-08 20:11:58 - 2025-03-08T20:11:58.251Z [DEBUG] plugin: waiting for RPC address: path=/tmp/dhctl/tf_dhctl/providers/registry.terraform.io/yandex-cloud/yandex/0.83.0/linux_amd64/terraform-provider-yandex
2025-03-08 20:11:58 - 2025-03-08T20:11:58.407Z [INFO]  plugin.terraform-provider-yandex: configuring server automatic mTLS: timestamp=2025-03-08T20:11:58.404Z
2025-03-08 20:11:58 - 2025-03-08T20:11:58.441Z [DEBUG] plugin.terraform-provider-yandex: plugin address: address=/tmp/plugin1047368336 network=unix timestamp=2025-03-08T20:11:58.441Z
2025-03-08 20:11:58 - 2025-03-08T20:11:58.441Z [DEBUG] plugin: using plugin: version=5
2025-03-08 20:11:58 - 2025-03-08T20:11:58.516Z [WARN]  plugin.stdio: received EOF, stopping recv loop: err="rpc error: code = Unavailable desc = transport is closing"
2025-03-08 20:11:58 - 2025-03-08T20:11:58.518Z [DEBUG] plugin: plugin process exited: path=/tmp/dhctl/tf_dhctl/providers/registry.terraform.io/yandex-cloud/yandex/0.83.0/linux_amd64/terraform-provider-yandex pid=452
2025-03-08 20:11:58 - 2025-03-08T20:11:58.518Z [DEBUG] plugin: plugin exited
2025-03-08 20:11:58 - 2025/03/08 20:11:58 [INFO] terraform: building graph: GraphTypeValidate
2025-03-08 20:11:58 - 2025/03/08 20:11:58 [DEBUG] ProviderTransformer: "data.yandex_vpc_subnet.existing" (*terraform.NodeValidatableResource) needs provider["registry.terraform.io/yandex-cloud/yandex"]
2025-03-08 20:11:58 - 2025/03/08 20:11:58 [DEBUG] ProviderTransformer: "data.yandex_vpc_subnet.kube_a" (*terraform.NodeValidatableResource) needs provider["registry.terraform.io/yandex-cloud/yandex"]
2025-03-08 20:11:58 - 2025/03/08 20:11:58 [DEBUG] ProviderTransformer: "data.yandex_vpc_subnet.kube_d" (*terraform.NodeValidatableResource) needs provider["registry.terraform.io/yandex-cloud/yandex"]
2025-03-08 20:11:58 - 2025/03/08 20:11:58 [DEBUG] ProviderTransformer: "yandex_compute_disk.kubernetes_data" (*terraform.NodeValidatableResource) needs provider["registry.terraform.io/yandex-cloud/yandex"]
2025-03-08 20:11:58 - 2025/03/08 20:11:58 [DEBUG] ProviderTransformer: "yandex_vpc_address.addr" (*terraform.NodeValidatableResource) needs provider["registry.terraform.io/yandex-cloud/yandex"]
2025-03-08 20:11:58 - 2025/03/08 20:11:58 [DEBUG] ProviderTransformer: "yandex_compute_instance.master" (*terraform.NodeValidatableResource) needs provider["registry.terraform.io/yandex-cloud/yandex"]
2025-03-08 20:11:58 - 2025/03/08 20:11:58 [DEBUG] ProviderTransformer: "data.yandex_vpc_subnet.kube_b" (*terraform.NodeValidatableResource) needs provider["registry.terraform.io/yandex-cloud/yandex"]
2025-03-08 20:11:58 - 2025/03/08 20:11:58 [DEBUG] ReferenceTransformer: "local.image_id (expand)" references: [local.master_instance_class (expand)]
2025-03-08 20:11:58 - 2025/03/08 20:11:58 [DEBUG] ReferenceTransformer: "local.prefix (expand)" references: [var.clusterConfiguration]
2025-03-08 20:11:58 - 2025/03/08 20:11:58 [INFO] ReferenceTransformer: reference not found: "each.value"
2025-03-08 20:11:58 - 2025/03/08 20:11:58 [DEBUG] ReferenceTransformer: "data.yandex_vpc_subnet.existing" references: [local.mapping (expand)]
2025-03-08 20:11:58 - 2025/03/08 20:11:58 [DEBUG] ReferenceTransformer: "var.clusterConfiguration" references: []
2025-03-08 20:11:58 - 2025/03/08 20:11:58 [DEBUG] ReferenceTransformer: "local.mapping (expand)" references: [var.providerClusterConfiguration]
2025-03-08 20:11:58 - 2025/03/08 20:11:58 [DEBUG] ReferenceTransformer: "local.internal_subnet (expand)" references: [local.subnets (expand) var.nodeIndex]
2025-03-08 20:11:58 - 2025/03/08 20:11:58 [DEBUG] ReferenceTransformer: "local.ssh_public_key (expand)" references: [var.providerClusterConfiguration]
2025-03-08 20:11:58 - 2025/03/08 20:11:58 [DEBUG] ReferenceTransformer: "provider[\"registry.terraform.io/yandex-cloud/yandex\"]" references: [var.providerClusterConfiguration var.providerClusterConfiguration var.providerClusterConfiguration]
2025-03-08 20:11:58 - 2025/03/08 20:11:58 [DEBUG] ReferenceTransformer: "var.nodeIndex" references: []
2025-03-08 20:11:58 - 2025/03/08 20:11:58 [DEBUG] ReferenceTransformer: "var.clusterUUID" references: []
2025-03-08 20:11:58 - 2025/03/08 20:11:58 [DEBUG] ReferenceTransformer: "local.additional_labels (expand)" references: [var.providerClusterConfiguration local.master_instance_class (expand)]
2025-03-08 20:11:58 - 2025/03/08 20:11:58 [DEBUG] ReferenceTransformer: "local.assign_external_ip_address (expand)" references: [local.external_subnet_id (expand) local.external_ip_address (expand)]
2025-03-08 20:11:58 - 2025/03/08 20:11:58 [DEBUG] ReferenceTransformer: "local.external_ip_address (expand)" references: [var.nodeIndex local.external_ip_addresses (expand) local.external_ip_addresses (expand) var.nodeIndex yandex_vpc_address.addr local.external_ip_addresses (expand) var.nodeIndex local.external_ip_addresses (expand) yandex_vpc_address.addr]
2025-03-08 20:11:58 - 2025/03/08 20:11:58 [DEBUG] ReferenceTransformer: "data.yandex_vpc_subnet.kube_a" references: [local.mapping (expand) local.prefix (expand)]
2025-03-08 20:11:58 - 2025/03/08 20:11:58 [DEBUG] ReferenceTransformer: "var.providerClusterConfiguration" references: []
2025-03-08 20:11:58 - 2025/03/08 20:11:58 [DEBUG] ReferenceTransformer: "var.network_types" references: []
2025-03-08 20:11:58 - 2025/03/08 20:11:58 [DEBUG] ReferenceTransformer: "local.external_subnet_id (expand)" references: [local.external_subnet_id_from_ids (expand) local.external_subnet_id_deprecated (expand) local.external_subnet_id_from_ids (expand)]
2025-03-08 20:11:58 - 2025/03/08 20:11:58 [DEBUG] ReferenceTransformer: "local.disk_type (expand)" references: [local.master_instance_class (expand)]
2025-03-08 20:11:58 - 2025/03/08 20:11:58 [DEBUG] ReferenceTransformer: "local.mng (expand)" references: [var.providerClusterConfiguration]
2025-03-08 20:11:58 - 2025/03/08 20:11:58 [DEBUG] ReferenceTransformer: "local.network_type (expand)" references: [local.master_instance_class (expand) var.network_types local.master_instance_class (expand)]
2025-03-08 20:11:58 - 2025/03/08 20:11:58 [DEBUG] ReferenceTransformer: "local.master_internal_ip_iface_index (expand)" references: [local.external_subnet_id (expand)]
2025-03-08 20:11:58 - 2025/03/08 20:11:58 [DEBUG] ReferenceTransformer: "local.cores (expand)" references: [local.master_instance_class (expand)]
2025-03-08 20:11:58 - 2025/03/08 20:11:58 [DEBUG] ReferenceTransformer: "output.kubernetes_data_device_path" references: []
2025-03-08 20:11:58 - 2025/03/08 20:11:58 [DEBUG] ReferenceTransformer: "data.yandex_vpc_subnet.kube_d" references: [local.mapping (expand) local.prefix (expand)]
2025-03-08 20:11:58 - 2025/03/08 20:11:58 [DEBUG] ReferenceTransformer: "var.cloudConfig" references: []
2025-03-08 20:11:58 - 2025/03/08 20:11:58 [DEBUG] ReferenceTransformer: "local.zones (expand)" references: [var.providerClusterConfiguration local.actual_zones (expand) var.providerClusterConfiguration local.actual_zones (expand)]
2025-03-08 20:11:58 - 2025/03/08 20:11:58 [DEBUG] ReferenceTransformer: "local.external_ip_addresses (expand)" references: [local.master_instance_class (expand)]
2025-03-08 20:11:58 - 2025/03/08 20:11:58 [DEBUG] ReferenceTransformer: "local.external_subnet_id_deprecated (expand)" references: [local.master_instance_class (expand)]
2025-03-08 20:11:58 - 2025/03/08 20:11:58 [DEBUG] ReferenceTransformer: "yandex_compute_disk.kubernetes_data" references: [local.etcd_disk_size_gb (expand) local.additional_labels (expand) local.prefix (expand) var.nodeIndex local.internal_subnet (expand) local.disk_type (expand)]
2025-03-08 20:11:58 - 2025/03/08 20:11:58 [DEBUG] ReferenceTransformer: "local.platform (expand)" references: [local.master_instance_class (expand)]
2025-03-08 20:11:58 - 2025/03/08 20:11:58 [DEBUG] ReferenceTransformer: "local.etcd_disk_size_gb (expand)" references: [local.master_instance_class (expand)]
2025-03-08 20:11:58 - 2025/03/08 20:11:58 [DEBUG] ReferenceTransformer: "local.master_instance_class (expand)" references: [var.providerClusterConfiguration]
2025-03-08 20:11:58 - 2025/03/08 20:11:58 [DEBUG] ReferenceTransformer: "yandex_vpc_address.addr" references: [var.nodeIndex local.external_ip_addresses (expand) local.external_ip_addresses (expand) var.nodeIndex local.external_ip_addresses (expand) local.prefix (expand) var.nodeIndex local.internal_subnet (expand)]
2025-03-08 20:11:58 - 2025/03/08 20:11:58 [DEBUG] ReferenceTransformer: "local.external_subnet_ids (expand)" references: [local.master_instance_class (expand)]
2025-03-08 20:11:58 - 2025/03/08 20:11:58 [DEBUG] ReferenceTransformer: "local.disk_size_gb (expand)" references: [local.master_instance_class (expand)]
2025-03-08 20:11:58 - 2025/03/08 20:11:58 [DEBUG] ReferenceTransformer: "local.subnets (expand)" references: [local.zones (expand) local.zones (expand) local.zone_to_subnet (expand) local.zone_to_subnet (expand)]
2025-03-08 20:11:58 - 2025/03/08 20:11:58 [DEBUG] ReferenceTransformer: "local.memory (expand)" references: [local.master_instance_class (expand)]
2025-03-08 20:11:58 - 2025/03/08 20:11:58 [DEBUG] ReferenceTransformer: "local.node_network_cidr (expand)" references: [var.providerClusterConfiguration]
2025-03-08 20:11:58 - 2025/03/08 20:11:58 [DEBUG] ReferenceTransformer: "output.master_ip_address_for_ssh" references: [yandex_compute_instance.master yandex_compute_instance.master yandex_compute_instance.master]
2025-03-08 20:11:58 - 2025/03/08 20:11:58 [DEBUG] ReferenceTransformer: "output.node_internal_ip_address" references: [yandex_compute_instance.master local.master_internal_ip_iface_index (expand)]
2025-03-08 20:11:58 - 2025/03/08 20:11:58 [DEBUG] ReferenceTransformer: "yandex_compute_instance.master" references: [local.ssh_public_key (expand) var.cloudConfig local.node_network_cidr (expand) local.internal_subnet (expand) local.platform (expand) local.network_type (expand) local.additional_labels (expand) local.prefix (expand) var.nodeIndex local.prefix (expand) var.nodeIndex local.external_subnet_id (expand) local.external_subnet_id (expand) local.cores (expand) local.memory (expand) local.disk_size_gb (expand) local.disk_type (expand) local.image_id (expand) yandex_compute_disk.kubernetes_data local.assign_external_ip_address (expand) local.assign_external_ip_address (expand) local.external_ip_address (expand) local.internal_subnet (expand)]
2025-03-08 20:11:58 - 2025/03/08 20:11:58 [DEBUG] ReferenceTransformer: "data.yandex_vpc_subnet.kube_b" references: [local.mapping (expand) local.prefix (expand)]
2025-03-08 20:11:58 - 2025/03/08 20:11:58 [DEBUG] ReferenceTransformer: "local.zone_to_subnet (expand)" references: [local.mapping (expand) data.yandex_vpc_subnet.kube_a data.yandex_vpc_subnet.kube_a data.yandex_vpc_subnet.kube_b data.yandex_vpc_subnet.kube_b data.yandex_vpc_subnet.kube_d data.yandex_vpc_subnet.kube_d data.yandex_vpc_subnet.existing]
2025-03-08 20:11:58 - 2025/03/08 20:11:58 [DEBUG] ReferenceTransformer: "local.actual_zones (expand)" references: [var.providerClusterConfiguration local.zone_to_subnet (expand) var.providerClusterConfiguration local.zone_to_subnet (expand)]
2025-03-08 20:11:58 - 2025/03/08 20:11:58 [DEBUG] ReferenceTransformer: "local.external_subnet_id_from_ids (expand)" references: [local.external_subnet_ids (expand) local.external_subnet_ids (expand) var.nodeIndex]
2025-03-08 20:11:58 - 2025/03/08 20:11:58 [DEBUG] Starting graph walk: walkValidate
2025-03-08 20:11:58 - 2025-03-08T20:11:58.536Z [INFO]  plugin: configuring client automatic mTLS
2025-03-08 20:11:58 - 2025-03-08T20:11:58.544Z [DEBUG] plugin: starting plugin: path=/tmp/dhctl/tf_dhctl/providers/registry.terraform.io/yandex-cloud/yandex/0.83.0/linux_amd64/terraform-provider-yandex args=[/tmp/dhctl/tf_dhctl/providers/registry.terraform.io/yandex-cloud/yandex/0.83.0/linux_amd64/terraform-provider-yandex]
2025-03-08 20:11:58 - 2025-03-08T20:11:58.545Z [DEBUG] plugin: plugin started: path=/tmp/dhctl/tf_dhctl/providers/registry.terraform.io/yandex-cloud/yandex/0.83.0/linux_amd64/terraform-provider-yandex pid=469
2025-03-08 20:11:58 - 2025-03-08T20:11:58.545Z [DEBUG] plugin: waiting for RPC address: path=/tmp/dhctl/tf_dhctl/providers/registry.terraform.io/yandex-cloud/yandex/0.83.0/linux_amd64/terraform-provider-yandex
2025-03-08 20:11:58 - 2025-03-08T20:11:58.699Z [INFO]  plugin.terraform-provider-yandex: configuring server automatic mTLS: timestamp=2025-03-08T20:11:58.697Z
2025-03-08 20:11:58 - 2025-03-08T20:11:58.733Z [DEBUG] plugin.terraform-provider-yandex: plugin address: address=/tmp/plugin3339274517 network=unix timestamp=2025-03-08T20:11:58.733Z
2025-03-08 20:11:58 - 2025-03-08T20:11:58.734Z [DEBUG] plugin: using plugin: version=5
2025-03-08 20:11:58 - 2025-03-08T20:11:58.828Z [WARN]  plugin.stdio: received EOF, stopping recv loop: err="rpc error: code = Unavailable desc = transport is closing"
2025-03-08 20:11:58 - 2025-03-08T20:11:58.830Z [DEBUG] plugin: plugin process exited: path=/tmp/dhctl/tf_dhctl/providers/registry.terraform.io/yandex-cloud/yandex/0.83.0/linux_amd64/terraform-provider-yandex pid=469
2025-03-08 20:11:58 - 2025-03-08T20:11:58.830Z [DEBUG] plugin: plugin exited
2025-03-08 20:11:58 - 2025/03/08 20:11:58 [INFO] backend/local: plan calling Plan
2025-03-08 20:11:58 - 2025/03/08 20:11:58 [INFO] terraform: building graph: GraphTypePlan
2025-03-08 20:11:58 - 2025/03/08 20:11:58 [DEBUG] ProviderTransformer: "data.yandex_vpc_subnet.existing (expand)" (*terraform.nodeExpandPlannableResource) needs provider["registry.terraform.io/yandex-cloud/yandex"]
2025-03-08 20:11:58 - 2025/03/08 20:11:58 [DEBUG] ProviderTransformer: "data.yandex_vpc_subnet.kube_d (expand)" (*terraform.nodeExpandPlannableResource) needs provider["registry.terraform.io/yandex-cloud/yandex"]
2025-03-08 20:11:58 - 2025/03/08 20:11:58 [DEBUG] ProviderTransformer: "yandex_compute_disk.kubernetes_data (expand)" (*terraform.nodeExpandPlannableResource) needs provider["registry.terraform.io/yandex-cloud/yandex"]
2025-03-08 20:11:58 - 2025/03/08 20:11:58 [DEBUG] ProviderTransformer: "data.yandex_vpc_subnet.kube_b (expand)" (*terraform.nodeExpandPlannableResource) needs provider["registry.terraform.io/yandex-cloud/yandex"]
2025-03-08 20:11:58 - 2025/03/08 20:11:58 [DEBUG] ProviderTransformer: "data.yandex_vpc_subnet.kube_a (expand)" (*terraform.nodeExpandPlannableResource) needs provider["registry.terraform.io/yandex-cloud/yandex"]
2025-03-08 20:11:58 - 2025/03/08 20:11:58 [DEBUG] ProviderTransformer: "yandex_vpc_address.addr (expand)" (*terraform.nodeExpandPlannableResource) needs provider["registry.terraform.io/yandex-cloud/yandex"]
2025-03-08 20:11:58 - 2025/03/08 20:11:58 [DEBUG] ProviderTransformer: "yandex_compute_instance.master (expand)" (*terraform.nodeExpandPlannableResource) needs provider["registry.terraform.io/yandex-cloud/yandex"]
2025-03-08 20:11:58 - 2025/03/08 20:11:58 [DEBUG] ReferenceTransformer: "data.yandex_vpc_subnet.kube_a (expand)" references: [local.mapping (expand) local.prefix (expand)]
2025-03-08 20:11:58 - 2025/03/08 20:11:58 [DEBUG] ReferenceTransformer: "var.providerClusterConfiguration" references: []
2025-03-08 20:11:58 - 2025/03/08 20:11:58 [DEBUG] ReferenceTransformer: "local.mapping (expand)" references: [var.providerClusterConfiguration]
2025-03-08 20:11:58 - 2025/03/08 20:11:58 [DEBUG] ReferenceTransformer: "local.actual_zones (expand)" references: [var.providerClusterConfiguration local.zone_to_subnet (expand) var.providerClusterConfiguration local.zone_to_subnet (expand)]
2025-03-08 20:11:58 - 2025/03/08 20:11:58 [DEBUG] ReferenceTransformer: "local.internal_subnet (expand)" references: [local.subnets (expand) var.nodeIndex]
2025-03-08 20:11:58 - 2025/03/08 20:11:58 [DEBUG] ReferenceTransformer: "yandex_vpc_address.addr (expand)" references: [var.nodeIndex local.external_ip_addresses (expand) local.external_ip_addresses (expand) var.nodeIndex local.external_ip_addresses (expand) local.prefix (expand) var.nodeIndex local.internal_subnet (expand)]
2025-03-08 20:11:58 - 2025/03/08 20:11:58 [DEBUG] ReferenceTransformer: "local.mng (expand)" references: [var.providerClusterConfiguration]
2025-03-08 20:11:58 - 2025/03/08 20:11:58 [DEBUG] ReferenceTransformer: "local.external_ip_address (expand)" references: [var.nodeIndex local.external_ip_addresses (expand) local.external_ip_addresses (expand) var.nodeIndex yandex_vpc_address.addr (expand) local.external_ip_addresses (expand) var.nodeIndex local.external_ip_addresses (expand) yandex_vpc_address.addr (expand)]
2025-03-08 20:11:58 - 2025/03/08 20:11:58 [DEBUG] ReferenceTransformer: "local.assign_external_ip_address (expand)" references: [local.external_subnet_id (expand) local.external_ip_address (expand)]
2025-03-08 20:11:58 - 2025/03/08 20:11:58 [DEBUG] ReferenceTransformer: "local.zone_to_subnet (expand)" references: [local.mapping (expand) data.yandex_vpc_subnet.kube_a (expand) data.yandex_vpc_subnet.kube_a (expand) data.yandex_vpc_subnet.kube_b (expand) data.yandex_vpc_subnet.kube_b (expand) data.yandex_vpc_subnet.kube_d (expand) data.yandex_vpc_subnet.kube_d (expand) data.yandex_vpc_subnet.existing (expand)]
2025-03-08 20:11:58 - 2025/03/08 20:11:58 [DEBUG] ReferenceTransformer: "yandex_compute_instance.master (expand)" references: [local.network_type (expand) local.additional_labels (expand) local.prefix (expand) var.nodeIndex local.prefix (expand) var.nodeIndex local.ssh_public_key (expand) var.cloudConfig local.node_network_cidr (expand) local.platform (expand) local.internal_subnet (expand) local.external_subnet_id (expand) local.external_subnet_id (expand) local.memory (expand) local.cores (expand) local.image_id (expand) local.disk_size_gb (expand) local.disk_type (expand) yandex_compute_disk.kubernetes_data (expand) local.internal_subnet (expand) local.assign_external_ip_address (expand) local.assign_external_ip_address (expand) local.external_ip_address (expand)]
2025-03-08 20:11:58 - 2025/03/08 20:11:58 [DEBUG] ReferenceTransformer: "local.external_subnet_id_from_ids (expand)" references: [local.external_subnet_ids (expand) local.external_subnet_ids (expand) var.nodeIndex]
2025-03-08 20:11:58 - 2025/03/08 20:11:58 [DEBUG] ReferenceTransformer: "local.additional_labels (expand)" references: [var.providerClusterConfiguration local.master_instance_class (expand)]
2025-03-08 20:11:58 - 2025/03/08 20:11:58 [DEBUG] ReferenceTransformer: "local.external_subnet_id (expand)" references: [local.external_subnet_id_from_ids (expand) local.external_subnet_id_deprecated (expand) local.external_subnet_id_from_ids (expand)]
2025-03-08 20:11:58 - 2025/03/08 20:11:58 [DEBUG] ReferenceTransformer: "local.cores (expand)" references: [local.master_instance_class (expand)]
2025-03-08 20:11:58 - 2025/03/08 20:11:58 [DEBUG] ReferenceTransformer: "local.prefix (expand)" references: [var.clusterConfiguration]
2025-03-08 20:11:58 - 2025/03/08 20:11:58 [DEBUG] ReferenceTransformer: "local.external_subnet_ids (expand)" references: [local.master_instance_class (expand)]
2025-03-08 20:11:58 - 2025/03/08 20:11:58 [DEBUG] ReferenceTransformer: "var.nodeIndex" references: []
2025-03-08 20:11:58 - 2025/03/08 20:11:58 [DEBUG] ReferenceTransformer: "local.memory (expand)" references: [local.master_instance_class (expand)]
2025-03-08 20:11:58 - 2025/03/08 20:11:58 [DEBUG] ReferenceTransformer: "local.external_ip_addresses (expand)" references: [local.master_instance_class (expand)]
2025-03-08 20:11:58 - 2025/03/08 20:11:58 [DEBUG] ReferenceTransformer: "local.etcd_disk_size_gb (expand)" references: [local.master_instance_class (expand)]
2025-03-08 20:11:58 - 2025/03/08 20:11:58 [DEBUG] ReferenceTransformer: "output.master_ip_address_for_ssh" references: [yandex_compute_instance.master (expand) yandex_compute_instance.master (expand) yandex_compute_instance.master (expand)]
2025-03-08 20:11:58 - 2025/03/08 20:11:58 [DEBUG] ReferenceTransformer: "var.cloudConfig" references: []
2025-03-08 20:11:58 - 2025/03/08 20:11:58 [DEBUG] ReferenceTransformer: "var.clusterUUID" references: []
2025-03-08 20:11:58 - 2025/03/08 20:11:58 [DEBUG] ReferenceTransformer: "var.network_types" references: []
2025-03-08 20:11:58 - 2025/03/08 20:11:58 [DEBUG] ReferenceTransformer: "local.network_type (expand)" references: [local.master_instance_class (expand) var.network_types local.master_instance_class (expand)]
2025-03-08 20:11:58 - 2025/03/08 20:11:58 [DEBUG] ReferenceTransformer: "local.subnets (expand)" references: [local.zones (expand) local.zones (expand) local.zone_to_subnet (expand) local.zone_to_subnet (expand)]
2025-03-08 20:11:58 - 2025/03/08 20:11:58 [DEBUG] ReferenceTransformer: "local.master_internal_ip_iface_index (expand)" references: [local.external_subnet_id (expand)]
2025-03-08 20:11:58 - 2025/03/08 20:11:58 [INFO] ReferenceTransformer: reference not found: "each.value"
2025-03-08 20:11:58 - 2025/03/08 20:11:58 [DEBUG] ReferenceTransformer: "data.yandex_vpc_subnet.existing (expand)" references: [local.mapping (expand)]
2025-03-08 20:11:58 - 2025/03/08 20:11:58 [DEBUG] ReferenceTransformer: "data.yandex_vpc_subnet.kube_d (expand)" references: [local.mapping (expand) local.prefix (expand)]
2025-03-08 20:11:58 - 2025/03/08 20:11:58 [DEBUG] ReferenceTransformer: "var.clusterConfiguration" references: []
2025-03-08 20:11:58 - 2025/03/08 20:11:58 [DEBUG] ReferenceTransformer: "local.disk_size_gb (expand)" references: [local.master_instance_class (expand)]
2025-03-08 20:11:58 - 2025/03/08 20:11:58 [DEBUG] ReferenceTransformer: "output.kubernetes_data_device_path" references: []
2025-03-08 20:11:58 - 2025/03/08 20:11:58 [DEBUG] ReferenceTransformer: "output.node_internal_ip_address" references: [yandex_compute_instance.master (expand) local.master_internal_ip_iface_index (expand)]
2025-03-08 20:11:58 - 2025/03/08 20:11:58 [DEBUG] ReferenceTransformer: "local.zones (expand)" references: [var.providerClusterConfiguration local.actual_zones (expand) var.providerClusterConfiguration local.actual_zones (expand)]
2025-03-08 20:11:58 - 2025/03/08 20:11:58 [DEBUG] ReferenceTransformer: "local.ssh_public_key (expand)" references: [var.providerClusterConfiguration]
2025-03-08 20:11:58 - 2025/03/08 20:11:58 [DEBUG] ReferenceTransformer: "local.external_subnet_id_deprecated (expand)" references: [local.master_instance_class (expand)]
2025-03-08 20:11:58 - 2025/03/08 20:11:58 [DEBUG] ReferenceTransformer: "local.platform (expand)" references: [local.master_instance_class (expand)]
2025-03-08 20:11:58 - 2025/03/08 20:11:58 [DEBUG] ReferenceTransformer: "local.disk_type (expand)" references: [local.master_instance_class (expand)]
2025-03-08 20:11:58 - 2025/03/08 20:11:58 [DEBUG] ReferenceTransformer: "local.master_instance_class (expand)" references: [var.providerClusterConfiguration]
2025-03-08 20:11:58 - 2025/03/08 20:11:58 [DEBUG] ReferenceTransformer: "yandex_compute_disk.kubernetes_data (expand)" references: [local.prefix (expand) var.nodeIndex local.additional_labels (expand) local.internal_subnet (expand) local.disk_type (expand) local.etcd_disk_size_gb (expand)]
2025-03-08 20:11:58 - 2025/03/08 20:11:58 [DEBUG] ReferenceTransformer: "data.yandex_vpc_subnet.kube_b (expand)" references: [local.mapping (expand) local.prefix (expand)]
2025-03-08 20:11:58 - 2025/03/08 20:11:58 [DEBUG] ReferenceTransformer: "local.node_network_cidr (expand)" references: [var.providerClusterConfiguration]
2025-03-08 20:11:58 - 2025/03/08 20:11:58 [DEBUG] ReferenceTransformer: "local.image_id (expand)" references: [local.master_instance_class (expand)]
2025-03-08 20:11:58 - 2025/03/08 20:11:58 [DEBUG] ReferenceTransformer: "provider[\"registry.terraform.io/yandex-cloud/yandex\"]" references: [var.providerClusterConfiguration var.providerClusterConfiguration var.providerClusterConfiguration]
2025-03-08 20:11:58 - 2025/03/08 20:11:58 [DEBUG] Starting graph walk: walkPlan
2025-03-08 20:11:58 - 2025-03-08T20:11:58.836Z [INFO]  plugin: configuring client automatic mTLS
2025-03-08 20:11:58 - 2025-03-08T20:11:58.842Z [DEBUG] plugin: starting plugin: path=/tmp/dhctl/tf_dhctl/providers/registry.terraform.io/yandex-cloud/yandex/0.83.0/linux_amd64/terraform-provider-yandex args=[/tmp/dhctl/tf_dhctl/providers/registry.terraform.io/yandex-cloud/yandex/0.83.0/linux_amd64/terraform-provider-yandex]
2025-03-08 20:11:58 - 2025-03-08T20:11:58.843Z [DEBUG] plugin: plugin started: path=/tmp/dhctl/tf_dhctl/providers/registry.terraform.io/yandex-cloud/yandex/0.83.0/linux_amd64/terraform-provider-yandex pid=486
2025-03-08 20:11:58 - 2025-03-08T20:11:58.843Z [DEBUG] plugin: waiting for RPC address: path=/tmp/dhctl/tf_dhctl/providers/registry.terraform.io/yandex-cloud/yandex/0.83.0/linux_amd64/terraform-provider-yandex
2025-03-08 20:11:59 - 2025-03-08T20:11:59.091Z [INFO]  plugin.terraform-provider-yandex: configuring server automatic mTLS: timestamp=2025-03-08T20:11:59.089Z
2025-03-08 20:11:59 - 2025-03-08T20:11:59.160Z [DEBUG] plugin: using plugin: version=5
2025-03-08 20:11:59 - 2025-03-08T20:11:59.160Z [DEBUG] plugin.terraform-provider-yandex: plugin address: network=unix address=/tmp/plugin398644744 timestamp=2025-03-08T20:11:59.159Z
2025-03-08 20:11:59 - 2025/03/08 20:11:59 [DEBUG] Resource instance state not found for node "data.yandex_vpc_subnet.kube_b[0]", instance data.yandex_vpc_subnet.kube_b[0]
2025-03-08 20:11:59 - 2025/03/08 20:11:59 [INFO] ReferenceTransformer: reference not found: "local.mapping"
2025-03-08 20:11:59 - 2025/03/08 20:11:59 [INFO] ReferenceTransformer: reference not found: "local.prefix"
2025-03-08 20:11:59 - 2025/03/08 20:11:59 [DEBUG] ReferenceTransformer: "data.yandex_vpc_subnet.kube_b[0]" references: []
2025-03-08 20:11:59 - 2025/03/08 20:11:59 [DEBUG] Resource instance state not found for node "data.yandex_vpc_subnet.kube_a[0]", instance data.yandex_vpc_subnet.kube_a[0]
2025-03-08 20:11:59 - 2025/03/08 20:11:59 [INFO] ReferenceTransformer: reference not found: "local.mapping"
2025-03-08 20:11:59 - 2025/03/08 20:11:59 [INFO] ReferenceTransformer: reference not found: "local.prefix"
2025-03-08 20:11:59 - 2025/03/08 20:11:59 [DEBUG] ReferenceTransformer: "data.yandex_vpc_subnet.kube_a[0]" references: []
2025-03-08 20:11:59 - 2025/03/08 20:11:59 [DEBUG] Resource instance state not found for node "data.yandex_vpc_subnet.kube_d[0]", instance data.yandex_vpc_subnet.kube_d[0]
2025-03-08 20:11:59 - 2025/03/08 20:11:59 [INFO] ReferenceTransformer: reference not found: "local.mapping"
2025-03-08 20:11:59 - 2025/03/08 20:11:59 [INFO] ReferenceTransformer: reference not found: "local.prefix"
2025-03-08 20:11:59 - 2025/03/08 20:11:59 [DEBUG] ReferenceTransformer: "data.yandex_vpc_subnet.kube_d[0]" references: []
2025-03-08 20:11:59 - 2025/03/08 20:11:59 [DEBUG] Resource instance state not found for node "yandex_vpc_address.addr[0]", instance yandex_vpc_address.addr[0]
2025-03-08 20:11:59 - 2025/03/08 20:11:59 [INFO] ReferenceTransformer: reference not found: "var.nodeIndex"
2025-03-08 20:11:59 - 2025/03/08 20:11:59 [INFO] ReferenceTransformer: reference not found: "local.external_ip_addresses"
2025-03-08 20:11:59 - 2025/03/08 20:11:59 [INFO] ReferenceTransformer: reference not found: "local.external_ip_addresses"
2025-03-08 20:11:59 - 2025/03/08 20:11:59 [INFO] ReferenceTransformer: reference not found: "var.nodeIndex"
2025-03-08 20:11:59 - 2025/03/08 20:11:59 [INFO] ReferenceTransformer: reference not found: "local.external_ip_addresses"
2025-03-08 20:11:59 - 2025/03/08 20:11:59 [INFO] ReferenceTransformer: reference not found: "local.prefix"
2025-03-08 20:11:59 - 2025/03/08 20:11:59 [INFO] ReferenceTransformer: reference not found: "var.nodeIndex"
2025-03-08 20:11:59 - 2025/03/08 20:11:59 [INFO] ReferenceTransformer: reference not found: "local.internal_subnet"
2025-03-08 20:11:59 - 2025/03/08 20:11:59 [DEBUG] ReferenceTransformer: "yandex_vpc_address.addr[0]" references: []
2025-03-08 20:11:59 - 2025/03/08 20:11:59 [DEBUG] refresh: yandex_vpc_address.addr[0]: no state, so not refreshing
2025-03-08 20:11:59 - 2025/03/08 20:11:59 [DEBUG] Resource instance state not found for node "yandex_compute_disk.kubernetes_data", instance yandex_compute_disk.kubernetes_data
2025-03-08 20:11:59 - 2025/03/08 20:11:59 [INFO] ReferenceTransformer: reference not found: "local.disk_type"
2025-03-08 20:11:59 - 2025/03/08 20:11:59 [INFO] ReferenceTransformer: reference not found: "local.etcd_disk_size_gb"
2025-03-08 20:11:59 - 2025/03/08 20:11:59 [INFO] ReferenceTransformer: reference not found: "local.additional_labels"
2025-03-08 20:11:59 - 2025/03/08 20:11:59 [INFO] ReferenceTransformer: reference not found: "local.prefix"
2025-03-08 20:11:59 - 2025/03/08 20:11:59 [INFO] ReferenceTransformer: reference not found: "var.nodeIndex"
2025-03-08 20:11:59 - 2025/03/08 20:11:59 [INFO] ReferenceTransformer: reference not found: "local.internal_subnet"
2025-03-08 20:11:59 - 2025/03/08 20:11:59 [DEBUG] ReferenceTransformer: "yandex_compute_disk.kubernetes_data" references: []
2025-03-08 20:11:59 - 2025/03/08 20:11:59 [DEBUG] refresh: yandex_compute_disk.kubernetes_data: no state, so not refreshing
2025-03-08 20:11:59 - 2025/03/08 20:11:59 [WARN] Provider "registry.terraform.io/yandex-cloud/yandex" produced an invalid plan for yandex_compute_disk.kubernetes_data, but we are tolerating it because it is using the legacy plugin SDK.
2025-03-08 20:11:59 -     The following problems may be the cause of any confusing errors from downstream operations:
2025-03-08 20:11:59 -       - .block_size: planned value cty.NumberIntVal(4096) does not match config value cty.NullVal(cty.Number)
2025-03-08 20:11:59 -       - .labels: planned value cty.NullVal(cty.Map(cty.String)) does not match config value cty.MapValEmpty(cty.String)
2025-03-08 20:11:59 -       - .disk_placement_policy: attribute representing nested block must not be unknown itself; set nested attribute values to unknown instead
2025-03-08 20:11:59 - 2025/03/08 20:11:59 [DEBUG] Resource instance state not found for node "yandex_compute_instance.master", instance yandex_compute_instance.master
2025-03-08 20:11:59 - 2025/03/08 20:11:59 [INFO] ReferenceTransformer: reference not found: "local.prefix"
2025-03-08 20:11:59 - 2025/03/08 20:11:59 [INFO] ReferenceTransformer: reference not found: "var.nodeIndex"
2025-03-08 20:11:59 - 2025/03/08 20:11:59 [INFO] ReferenceTransformer: reference not found: "local.prefix"
2025-03-08 20:11:59 - 2025/03/08 20:11:59 [INFO] ReferenceTransformer: reference not found: "var.nodeIndex"
2025-03-08 20:11:59 - 2025/03/08 20:11:59 [INFO] ReferenceTransformer: reference not found: "local.ssh_public_key"
2025-03-08 20:11:59 - 2025/03/08 20:11:59 [INFO] ReferenceTransformer: reference not found: "var.cloudConfig"
2025-03-08 20:11:59 - 2025/03/08 20:11:59 [INFO] ReferenceTransformer: reference not found: "local.node_network_cidr"
2025-03-08 20:11:59 - 2025/03/08 20:11:59 [INFO] ReferenceTransformer: reference not found: "local.platform"
2025-03-08 20:11:59 - 2025/03/08 20:11:59 [INFO] ReferenceTransformer: reference not found: "local.internal_subnet"
2025-03-08 20:11:59 - 2025/03/08 20:11:59 [INFO] ReferenceTransformer: reference not found: "local.additional_labels"
2025-03-08 20:11:59 - 2025/03/08 20:11:59 [INFO] ReferenceTransformer: reference not found: "local.network_type"
2025-03-08 20:11:59 - 2025/03/08 20:11:59 [INFO] ReferenceTransformer: reference not found: "local.external_subnet_id"
2025-03-08 20:11:59 - 2025/03/08 20:11:59 [INFO] ReferenceTransformer: reference not found: "local.external_subnet_id"
2025-03-08 20:11:59 - 2025/03/08 20:11:59 [INFO] ReferenceTransformer: reference not found: "local.cores"
2025-03-08 20:11:59 - 2025/03/08 20:11:59 [INFO] ReferenceTransformer: reference not found: "local.memory"
2025-03-08 20:11:59 - 2025/03/08 20:11:59 [INFO] ReferenceTransformer: reference not found: "local.disk_size_gb"
2025-03-08 20:11:59 - 2025/03/08 20:11:59 [INFO] ReferenceTransformer: reference not found: "local.disk_type"
2025-03-08 20:11:59 - 2025/03/08 20:11:59 [INFO] ReferenceTransformer: reference not found: "local.image_id"
2025-03-08 20:11:59 - 2025/03/08 20:11:59 [INFO] ReferenceTransformer: reference not found: "local.internal_subnet"
2025-03-08 20:11:59 - 2025/03/08 20:11:59 [INFO] ReferenceTransformer: reference not found: "local.assign_external_ip_address"
2025-03-08 20:11:59 - 2025/03/08 20:11:59 [INFO] ReferenceTransformer: reference not found: "local.assign_external_ip_address"
2025-03-08 20:11:59 - 2025/03/08 20:11:59 [INFO] ReferenceTransformer: reference not found: "local.external_ip_address"
2025-03-08 20:11:59 - 2025/03/08 20:11:59 [DEBUG] ReferenceTransformer: "yandex_compute_instance.master" references: []
2025-03-08 20:11:59 - 2025/03/08 20:11:59 [DEBUG] refresh: yandex_compute_instance.master: no state, so not refreshing
2025-03-08 20:11:59 - 2025/03/08 20:11:59 [WARN] Provider "registry.terraform.io/yandex-cloud/yandex" produced an invalid plan for yandex_compute_instance.master, but we are tolerating it because it is using the legacy plugin SDK.
2025-03-08 20:11:59 -     The following problems may be the cause of any confusing errors from downstream operations:
2025-03-08 20:11:59 -       - .network_acceleration_type: planned value cty.StringVal("standard") does not match config value cty.NullVal(cty.String)
2025-03-08 20:11:59 -       - .labels: planned value cty.NullVal(cty.Map(cty.String)) does not match config value cty.MapValEmpty(cty.String)
2025-03-08 20:11:59 -       - .resources[0].core_fraction: planned value cty.NumberIntVal(100) does not match config value cty.NullVal(cty.Number)
2025-03-08 20:11:59 -       - .scheduling_policy: attribute representing nested block must not be unknown itself; set nested attribute values to unknown instead
2025-03-08 20:11:59 -       - .secondary_disk[0].mode: planned value cty.StringVal("READ_WRITE") does not match config value cty.NullVal(cty.String)
2025-03-08 20:11:59 -       - .boot_disk[0].auto_delete: planned value cty.True does not match config value cty.NullVal(cty.Bool)
2025-03-08 20:11:59 -       - .network_interface[0].ipv4: planned value cty.True does not match config value cty.NullVal(cty.Bool)
2025-03-08 20:11:59 -       - .placement_policy: attribute representing nested block must not be unknown itself; set nested attribute values to unknown instead
2025-03-08 20:11:59 - 2025-03-08T20:11:59.966Z [WARN]  plugin.stdio: received EOF, stopping recv loop: err="rpc error: code = Unavailable desc = transport is closing"
2025-03-08 20:11:59 - 2025-03-08T20:11:59.968Z [DEBUG] plugin: plugin process exited: path=/tmp/dhctl/tf_dhctl/providers/registry.terraform.io/yandex-cloud/yandex/0.83.0/linux_amd64/terraform-provider-yandex pid=486
2025-03-08 20:11:59 - 2025-03-08T20:11:59.968Z [DEBUG] plugin: plugin exited
2025-03-08 20:11:59 - 2025/03/08 20:11:59 [INFO] backend/local: plan operation completed
2025-03-08 20:11:59 - 2025/03/08 20:11:59 [INFO] backend/local: writing plan output to: /tmp/dhctl/master-node-dhctl.2881745642.tfplan
2025-03-08 20:11:59 - 
2025-03-08 20:11:59 - An execution plan has been generated and is shown below.
2025-03-08 20:11:59 - Resource actions are indicated with the following symbols:
2025-03-08 20:11:59 -   + create
2025-03-08 20:11:59 - 
2025-03-08 20:11:59 - Terraform will perform the following actions:
2025-03-08 20:11:59 - 
2025-03-08 20:11:59 -   # yandex_compute_disk.kubernetes_data will be created
2025-03-08 20:11:59 -   + resource "yandex_compute_disk" "kubernetes_data" {
2025-03-08 20:11:59 -       + block_size  = 4096
2025-03-08 20:11:59 -       + created_at  = (known after apply)
2025-03-08 20:11:59 -       + description = "volume for etcd and kubernetes certs"
2025-03-08 20:11:59 -       + folder_id   = (known after apply)
2025-03-08 20:11:59 -       + id          = (known after apply)
2025-03-08 20:11:59 -       + name        = "cloud-demo-kubernetes-data-0"
2025-03-08 20:11:59 -       + product_ids = (known after apply)
2025-03-08 20:11:59 -       + size        = 10
2025-03-08 20:11:59 -       + status      = (known after apply)
2025-03-08 20:11:59 -       + type        = "network-ssd"
2025-03-08 20:11:59 -       + zone        = "ru-central1-a"
2025-03-08 20:11:59 - 
2025-03-08 20:11:59 -       + disk_placement_policy {
2025-03-08 20:11:59 -           + disk_placement_group_id = (known after apply)
2025-03-08 20:11:59 -         }
2025-03-08 20:11:59 -     }
2025-03-08 20:11:59 - 
2025-03-08 20:11:59 -   # yandex_compute_instance.master will be created
2025-03-08 20:11:59 -   + resource "yandex_compute_instance" "master" {
2025-03-08 20:11:59 -       + allow_stopping_for_update = true
2025-03-08 20:11:59 -       + created_at                = (known after apply)
2025-03-08 20:11:59 -       + folder_id                 = (known after apply)
2025-03-08 20:11:59 -       + fqdn                      = (known after apply)
2025-03-08 20:11:59 -       + hostname                  = "cloud-demo-master-0"
2025-03-08 20:11:59 -       + id                        = (known after apply)
2025-03-08 20:11:59 -       + metadata                  = {
2025-03-08 20:11:59 -           + "node-network-cidr" = "10.241.32.0/20"
2025-03-08 20:11:59 -           + "ssh-keys"          = "user:ssh-rsa AAAAB3NzaC1yc2EAAAADAQABAAACAQDBQqieqEKuhV5kDZn5SlsR6pVkMmQcJmM8TYScKi+j7brhGStzZowo2Cgj5FXHT+a2FgrTbSrqstEOd6ot6O41ccYCu7QoZtS35MeEjcqmpUI2HUUZI3ykWgtMkr/xk9MN8E+X0YjMrfgLk5uI7/b2KmPQOvxZ4WDFWKbn41zYgLowdAg0sECifvkKtzvnfUln7vUzO0wRTCXDkeX63VmyQe2hNjysizzzK1A1dORbS6HmqZKoGcH6KQwtbOS5NalkIg4tDyrx6SnWLIpiHCazwWBTBxr380r3c3FN21MmA1mCR+wlgXz5NoLPoojXOR9jvHHEuW7cLrORUfd+PLtszbZZARBlOc7yOsuIoEwbbX+RAmDMPWFjSipLlnbr/ao8f8s7hz6seTfnXD62sOtGiPKs12FzVcvGjfTsOFQJxXrYj8LjFW2iySkXNaWguCtCkNyPWAvOYpL7FZbPa05SiC3/hkoRTmVK7qgxvO8KhD7VTJ9NU61ACTIPPqYLJTwHj8dO7EIrvS9rYiixxmLTemPffYSeXmED67yuGbmnTveNFoyzUDYIoy6hlQtSuDEv3YUqdXusucQzZQ2Xf7VvVx6QMPaPzDzWwZzYZW6rWgQ4khQ6pHS0D2yeG1YnkIfJ1HGOGHh16pPKjChrFOof3DLWjcTj/TV9+jRZZ22yEw== deniskeksel@Deniss-MacBook-Pro.local"
2025-03-08 20:11:59 -           + "user-data"         = ""
2025-03-08 20:11:59 -         }
2025-03-08 20:11:59 -       + name                      = "cloud-demo-master-0"
2025-03-08 20:11:59 -       + network_acceleration_type = "standard"
2025-03-08 20:11:59 -       + platform_id               = "standard-v2"
2025-03-08 20:11:59 -       + service_account_id        = (known after apply)
2025-03-08 20:11:59 -       + status                    = (known after apply)
2025-03-08 20:11:59 -       + zone                      = "ru-central1-a"
2025-03-08 20:11:59 - 
2025-03-08 20:11:59 -       + boot_disk {
2025-03-08 20:11:59 -           + auto_delete = true
2025-03-08 20:11:59 -           + device_name = (known after apply)
2025-03-08 20:11:59 -           + disk_id     = (known after apply)
2025-03-08 20:11:59 -           + mode        = (known after apply)
2025-03-08 20:11:59 - 
2025-03-08 20:11:59 -           + initialize_params {
2025-03-08 20:11:59 -               + block_size  = (known after apply)
2025-03-08 20:11:59 -               + description = (known after apply)
2025-03-08 20:11:59 -               + image_id    = "fd864gbboths76r8gm5f"
2025-03-08 20:11:59 -               + name        = (known after apply)
2025-03-08 20:11:59 -               + size        = 50
2025-03-08 20:11:59 -               + snapshot_id = (known after apply)
2025-03-08 20:11:59 -               + type        = "network-ssd"
2025-03-08 20:11:59 -             }
2025-03-08 20:11:59 -         }
2025-03-08 20:11:59 - 
2025-03-08 20:11:59 -       + network_interface {
2025-03-08 20:11:59 -           + index              = (known after apply)
2025-03-08 20:11:59 -           + ip_address         = (known after apply)
2025-03-08 20:11:59 -           + ipv4               = true
2025-03-08 20:11:59 -           + ipv6               = (known after apply)
2025-03-08 20:11:59 -           + ipv6_address       = (known after apply)
2025-03-08 20:11:59 -           + mac_address        = (known after apply)
2025-03-08 20:11:59 -           + nat                = (known after apply)
2025-03-08 20:11:59 -           + nat_ip_address     = (known after apply)
2025-03-08 20:11:59 -           + nat_ip_version     = (known after apply)
2025-03-08 20:11:59 -           + security_group_ids = (known after apply)
2025-03-08 20:11:59 -           + subnet_id          = "e9brnsmkg3abh17sq1mt"
2025-03-08 20:11:59 -         }
2025-03-08 20:11:59 - 
2025-03-08 20:11:59 -       + placement_policy {
2025-03-08 20:11:59 -           + host_affinity_rules = (known after apply)
2025-03-08 20:11:59 -           + placement_group_id  = (known after apply)
2025-03-08 20:11:59 -         }
2025-03-08 20:11:59 - 
2025-03-08 20:11:59 -       + resources {
2025-03-08 20:11:59 -           + core_fraction = 100
2025-03-08 20:11:59 -           + cores         = 4
2025-03-08 20:11:59 -           + memory        = 8
2025-03-08 20:11:59 -         }
2025-03-08 20:11:59 - 
2025-03-08 20:11:59 -       + scheduling_policy {
2025-03-08 20:11:59 -           + preemptible = (known after apply)
2025-03-08 20:11:59 -         }
2025-03-08 20:11:59 - 
2025-03-08 20:11:59 -       + secondary_disk {
2025-03-08 20:11:59 -           + auto_delete = false
2025-03-08 20:11:59 -           + device_name = "kubernetes-data"
2025-03-08 20:11:59 -           + disk_id     = (known after apply)
2025-03-08 20:11:59 -           + mode        = "READ_WRITE"
2025-03-08 20:11:59 -         }
2025-03-08 20:11:59 -     }
2025-03-08 20:11:59 - 
2025-03-08 20:11:59 -   # yandex_vpc_address.addr[0] will be created
2025-03-08 20:11:59 -   + resource "yandex_vpc_address" "addr" {
2025-03-08 20:11:59 -       + created_at = (known after apply)
2025-03-08 20:11:59 -       + folder_id  = (known after apply)
2025-03-08 20:11:59 -       + id         = (known after apply)
2025-03-08 20:11:59 -       + labels     = (known after apply)
2025-03-08 20:11:59 -       + name       = "cloud-demo-master-0"
2025-03-08 20:11:59 -       + reserved   = (known after apply)
2025-03-08 20:11:59 -       + used       = (known after apply)
2025-03-08 20:11:59 - 
2025-03-08 20:11:59 -       + external_ipv4_address {
2025-03-08 20:11:59 -           + address                  = (known after apply)
2025-03-08 20:11:59 -           + ddos_protection_provider = (known after apply)
2025-03-08 20:11:59 -           + outgoing_smtp_capability = (known after apply)
2025-03-08 20:11:59 -           + zone_id                  = "ru-central1-a"
2025-03-08 20:11:59 -         }
2025-03-08 20:11:59 -     }
2025-03-08 20:11:59 - 
2025-03-08 20:11:59 - Plan: 3 to add, 0 to change, 0 to destroy.
2025-03-08 20:11:59 - 
2025-03-08 20:11:59 - Changes to Outputs:
2025-03-08 20:11:59 -   + kubernetes_data_device_path = "/dev/disk/by-id/virtio-kubernetes-data"
2025-03-08 20:11:59 -   + master_ip_address_for_ssh   = (known after apply)
2025-03-08 20:11:59 -   + node_internal_ip_address    = (known after apply)
2025-03-08 20:11:59 - Terraform runner "master-node" process exited.
2025-03-08 20:12:00 - End process terraform plan ...2025-03-08 20:12:00 - Start process terraform apply ...2025-03-08 20:12:00 - /bin/terraform apply -input=false -no-color -auto-approve -state=/tmp/dhctl/f9d2387496b3fed4221896d4905e92706cbc7d92fe5de99e88da4cb341759a2a/cloud-demo-master-0.tfstate -state-out=/tmp/dhctl/f9d2387496b3fed4221896d4905e92706cbc7d92fe5de99e88da4cb341759a2a/cloud-demo-master-0.tfstate /tmp/dhctl/master-node-dhctl.2881745642.tfplan
2025-03-08 20:12:00 - 2025/03/08 20:12:00 [WARN] Log levels other than TRACE are currently unreliable, and are supported only for backward compatibility.
2025-03-08 20:12:00 -   Use TF_LOG=TRACE to see Terraform's internal logs.
2025-03-08 20:12:00 -   ----
2025-03-08 20:12:01 - 2025/03/08 20:12:01 [INFO] Terraform version: 0.14.8  
2025-03-08 20:12:01 - 2025/03/08 20:12:01 [INFO] Go runtime version: go1.20.5
2025-03-08 20:12:01 - 2025/03/08 20:12:01 [INFO] CLI args: []string{"/bin/terraform", "apply", "-input=false", "-no-color", "-auto-approve", "-state=/tmp/dhctl/f9d2387496b3fed4221896d4905e92706cbc7d92fe5de99e88da4cb341759a2a/cloud-demo-master-0.tfstate", "-state-out=/tmp/dhctl/f9d2387496b3fed4221896d4905e92706cbc7d92fe5de99e88da4cb341759a2a/cloud-demo-master-0.tfstate", "/tmp/dhctl/master-node-dhctl.2881745642.tfplan"}
2025-03-08 20:12:01 - 2025/03/08 20:12:01 [DEBUG] Attempting to open CLI config file: /root/.terraformrc
2025-03-08 20:12:01 - 2025/03/08 20:12:01 [DEBUG] File doesn't exist, but doesn't need to. Ignoring.
2025-03-08 20:12:01 - 2025/03/08 20:12:01 [DEBUG] ignoring non-existing provider search directory terraform.d/plugins
2025-03-08 20:12:01 - 2025/03/08 20:12:01 [DEBUG] ignoring non-existing provider search directory /root/.terraform.d/plugins
2025-03-08 20:12:01 - 2025/03/08 20:12:01 [DEBUG] ignoring non-existing provider search directory /root/.local/share/terraform/plugins
2025-03-08 20:12:01 - 2025/03/08 20:12:01 [DEBUG] ignoring non-existing provider search directory /usr/local/share/terraform/plugins
2025-03-08 20:12:01 - 2025/03/08 20:12:01 [DEBUG] ignoring non-existing provider search directory /usr/share/terraform/plugins
2025-03-08 20:12:01 - 2025/03/08 20:12:01 [INFO] CLI command args: []string{"apply", "-input=false", "-no-color", "-auto-approve", "-state=/tmp/dhctl/f9d2387496b3fed4221896d4905e92706cbc7d92fe5de99e88da4cb341759a2a/cloud-demo-master-0.tfstate", "-state-out=/tmp/dhctl/f9d2387496b3fed4221896d4905e92706cbc7d92fe5de99e88da4cb341759a2a/cloud-demo-master-0.tfstate", "/tmp/dhctl/master-node-dhctl.2881745642.tfplan"}
2025-03-08 20:12:01 - 2025/03/08 20:12:01 [DEBUG] checking for provisioner in "/plugins"
2025-03-08 20:12:01 - 2025/03/08 20:12:01 [INFO] Failed to read plugin lock file /tmp/dhctl/tf_dhctl/plugins/linux_amd64/lock.json: open /tmp/dhctl/tf_dhctl/plugins/linux_amd64/lock.json: no such file or directory
2025-03-08 20:12:01 - 2025/03/08 20:12:01 [WARN] Log levels other than TRACE are currently unreliable, and are supported only for backward compatibility.
2025-03-08 20:12:01 -   Use TF_LOG=TRACE to see Terraform's internal logs.
2025-03-08 20:12:01 -   ----
2025-03-08 20:12:01 - 2025/03/08 20:12:01 [INFO] backend/local: starting Apply operation
2025-03-08 20:12:01 - 2025-03-08T20:12:01.387Z [INFO]  plugin: configuring client automatic mTLS
2025-03-08 20:12:01 - 2025-03-08T20:12:01.419Z [DEBUG] plugin: starting plugin: path=/tmp/dhctl/tf_dhctl/providers/registry.terraform.io/yandex-cloud/yandex/0.83.0/linux_amd64/terraform-provider-yandex args=[/tmp/dhctl/tf_dhctl/providers/registry.terraform.io/yandex-cloud/yandex/0.83.0/linux_amd64/terraform-provider-yandex]
2025-03-08 20:12:01 - 2025-03-08T20:12:01.422Z [DEBUG] plugin: plugin started: path=/tmp/dhctl/tf_dhctl/providers/registry.terraform.io/yandex-cloud/yandex/0.83.0/linux_amd64/terraform-provider-yandex pid=580
2025-03-08 20:12:01 - 2025-03-08T20:12:01.422Z [DEBUG] plugin: waiting for RPC address: path=/tmp/dhctl/tf_dhctl/providers/registry.terraform.io/yandex-cloud/yandex/0.83.0/linux_amd64/terraform-provider-yandex
2025-03-08 20:12:01 - 2025-03-08T20:12:01.578Z [INFO]  plugin.terraform-provider-yandex: configuring server automatic mTLS: timestamp=2025-03-08T20:12:01.576Z
2025-03-08 20:12:01 - 2025-03-08T20:12:01.613Z [DEBUG] plugin.terraform-provider-yandex: plugin address: network=unix address=/tmp/plugin3563107713 timestamp=2025-03-08T20:12:01.613Z
2025-03-08 20:12:01 - 2025-03-08T20:12:01.613Z [DEBUG] plugin: using plugin: version=5
2025-03-08 20:12:01 - 2025-03-08T20:12:01.688Z [DEBUG] plugin: plugin process exited: path=/tmp/dhctl/tf_dhctl/providers/registry.terraform.io/yandex-cloud/yandex/0.83.0/linux_amd64/terraform-provider-yandex pid=580
2025-03-08 20:12:01 - 2025-03-08T20:12:01.688Z [DEBUG] plugin: plugin exited
2025-03-08 20:12:01 - 2025-03-08T20:12:01.689Z [WARN]  plugin.stdio: received EOF, stopping recv loop: err="rpc error: code = Unavailable desc = transport is closing"
2025-03-08 20:12:01 - 2025/03/08 20:12:01 [INFO] backend/local: apply calling Apply
2025-03-08 20:12:01 - 2025/03/08 20:12:01 [INFO] terraform: building graph: GraphTypeApply
2025-03-08 20:12:01 - 2025/03/08 20:12:01 [DEBUG] Resource state not found for node "yandex_vpc_address.addr[0]", instance yandex_vpc_address.addr[0]
2025-03-08 20:12:01 - 2025/03/08 20:12:01 [DEBUG] Resource state not found for node "yandex_compute_instance.master", instance yandex_compute_instance.master
2025-03-08 20:12:01 - 2025/03/08 20:12:01 [DEBUG] Resource state not found for node "yandex_compute_disk.kubernetes_data", instance yandex_compute_disk.kubernetes_data
2025-03-08 20:12:01 - 2025/03/08 20:12:01 [DEBUG] ProviderTransformer: "data.yandex_vpc_subnet.kube_d (expand)" (*terraform.nodeExpandApplyableResource) needs provider["registry.terraform.io/yandex-cloud/yandex"]
2025-03-08 20:12:01 - 2025/03/08 20:12:01 [DEBUG] ProviderTransformer: "yandex_compute_disk.kubernetes_data" (*terraform.NodeApplyableResourceInstance) needs provider["registry.terraform.io/yandex-cloud/yandex"]
2025-03-08 20:12:01 - 2025/03/08 20:12:01 [DEBUG] ProviderTransformer: "yandex_compute_instance.master (expand)" (*terraform.nodeExpandApplyableResource) needs provider["registry.terraform.io/yandex-cloud/yandex"]
2025-03-08 20:12:01 - 2025/03/08 20:12:01 [DEBUG] ProviderTransformer: "data.yandex_vpc_subnet.kube_a (expand)" (*terraform.nodeExpandApplyableResource) needs provider["registry.terraform.io/yandex-cloud/yandex"]
2025-03-08 20:12:01 - 2025/03/08 20:12:01 [DEBUG] ProviderTransformer: "yandex_vpc_address.addr[0]" (*terraform.NodeApplyableResourceInstance) needs provider["registry.terraform.io/yandex-cloud/yandex"]
2025-03-08 20:12:01 - 2025/03/08 20:12:01 [DEBUG] ProviderTransformer: "data.yandex_vpc_subnet.kube_b (expand)" (*terraform.nodeExpandApplyableResource) needs provider["registry.terraform.io/yandex-cloud/yandex"]
2025-03-08 20:12:01 - 2025/03/08 20:12:01 [DEBUG] ProviderTransformer: "yandex_vpc_address.addr (expand)" (*terraform.nodeExpandApplyableResource) needs provider["registry.terraform.io/yandex-cloud/yandex"]
2025-03-08 20:12:01 - 2025/03/08 20:12:01 [DEBUG] ProviderTransformer: "yandex_compute_disk.kubernetes_data (expand)" (*terraform.nodeExpandApplyableResource) needs provider["registry.terraform.io/yandex-cloud/yandex"]
2025-03-08 20:12:01 - 2025/03/08 20:12:01 [DEBUG] ProviderTransformer: "data.yandex_vpc_subnet.existing (expand)" (*terraform.nodeExpandApplyableResource) needs provider["registry.terraform.io/yandex-cloud/yandex"]
2025-03-08 20:12:01 - 2025/03/08 20:12:01 [DEBUG] ProviderTransformer: "yandex_compute_instance.master" (*terraform.NodeApplyableResourceInstance) needs provider["registry.terraform.io/yandex-cloud/yandex"]
2025-03-08 20:12:01 - 2025/03/08 20:12:01 [DEBUG] ReferenceTransformer: "local.assign_external_ip_address (expand)" references: [local.external_subnet_id (expand) local.external_ip_address (expand)]
2025-03-08 20:12:01 - 2025/03/08 20:12:01 [DEBUG] ReferenceTransformer: "local.zone_to_subnet (expand)" references: [local.mapping (expand) data.yandex_vpc_subnet.kube_a (expand) data.yandex_vpc_subnet.kube_a (expand) data.yandex_vpc_subnet.kube_b (expand) data.yandex_vpc_subnet.kube_b (expand) data.yandex_vpc_subnet.kube_d (expand) data.yandex_vpc_subnet.kube_d (expand) data.yandex_vpc_subnet.existing (expand)]
2025-03-08 20:12:01 - 2025/03/08 20:12:01 [DEBUG] ReferenceTransformer: "local.mng (expand)" references: [var.providerClusterConfiguration]
2025-03-08 20:12:01 - 2025/03/08 20:12:01 [DEBUG] ReferenceTransformer: "var.clusterConfiguration" references: []
2025-03-08 20:12:01 - 2025/03/08 20:12:01 [DEBUG] ReferenceTransformer: "local.etcd_disk_size_gb (expand)" references: [local.master_instance_class (expand)]
2025-03-08 20:12:01 - 2025/03/08 20:12:01 [DEBUG] ReferenceTransformer: "local.disk_size_gb (expand)" references: [local.master_instance_class (expand)]
2025-03-08 20:12:01 - 2025/03/08 20:12:01 [DEBUG] ReferenceTransformer: "local.external_ip_address (expand)" references: [var.nodeIndex local.external_ip_addresses (expand) local.external_ip_addresses (expand) var.nodeIndex yandex_vpc_address.addr[0] local.external_ip_addresses (expand) var.nodeIndex local.external_ip_addresses (expand) yandex_vpc_address.addr[0]]
2025-03-08 20:12:01 - 2025/03/08 20:12:01 [DEBUG] ReferenceTransformer: "output.node_internal_ip_address" references: [yandex_compute_instance.master yandex_compute_instance.master yandex_compute_instance.master (expand) local.master_internal_ip_iface_index (expand)]
2025-03-08 20:12:01 - 2025/03/08 20:12:01 [DEBUG] ReferenceTransformer: "yandex_vpc_address.addr[0]" references: [var.nodeIndex local.external_ip_addresses (expand) local.external_ip_addresses (expand) var.nodeIndex local.external_ip_addresses (expand) local.prefix (expand) var.nodeIndex local.internal_subnet (expand)]
2025-03-08 20:12:01 - 2025/03/08 20:12:01 [DEBUG] ReferenceTransformer: "data.yandex_vpc_subnet.existing (expand)" references: [local.mapping (expand)]
2025-03-08 20:12:01 - 2025/03/08 20:12:01 [DEBUG] ReferenceTransformer: "data.yandex_vpc_subnet.kube_b (expand)" references: [local.mapping (expand)]
2025-03-08 20:12:01 - 2025/03/08 20:12:01 [DEBUG] ReferenceTransformer: "yandex_compute_instance.master" references: [local.ssh_public_key (expand) var.cloudConfig local.node_network_cidr (expand) local.network_type (expand) local.platform (expand) local.prefix (expand) var.nodeIndex local.prefix (expand) var.nodeIndex local.internal_subnet (expand) local.additional_labels (expand) local.external_subnet_id (expand) local.external_subnet_id (expand) local.cores (expand) local.memory (expand) local.disk_size_gb (expand) local.disk_type (expand) local.image_id (expand) yandex_compute_disk.kubernetes_data yandex_compute_disk.kubernetes_data yandex_compute_disk.kubernetes_data (expand) local.internal_subnet (expand) local.assign_external_ip_address (expand) local.assign_external_ip_address (expand) local.external_ip_address (expand)]
2025-03-08 20:12:01 - 2025/03/08 20:12:01 [DEBUG] ReferenceTransformer: "local.disk_type (expand)" references: [local.master_instance_class (expand)]
2025-03-08 20:12:01 - 2025/03/08 20:12:01 [DEBUG] ReferenceTransformer: "local.additional_labels (expand)" references: [var.providerClusterConfiguration local.master_instance_class (expand)]
2025-03-08 20:12:01 - 2025/03/08 20:12:01 [DEBUG] ReferenceTransformer: "output.kubernetes_data_device_path" references: []
2025-03-08 20:12:01 - 2025/03/08 20:12:01 [DEBUG] ReferenceTransformer: "local.internal_subnet (expand)" references: [local.subnets (expand) var.nodeIndex]
2025-03-08 20:12:01 - 2025/03/08 20:12:01 [DEBUG] ReferenceTransformer: "local.node_network_cidr (expand)" references: [var.providerClusterConfiguration]
2025-03-08 20:12:01 - 2025/03/08 20:12:01 [DEBUG] ReferenceTransformer: "local.actual_zones (expand)" references: [var.providerClusterConfiguration local.zone_to_subnet (expand) var.providerClusterConfiguration local.zone_to_subnet (expand)]
2025-03-08 20:12:01 - 2025/03/08 20:12:01 [DEBUG] ReferenceTransformer: "local.external_subnet_id_deprecated (expand)" references: [local.master_instance_class (expand)]
2025-03-08 20:12:01 - 2025/03/08 20:12:01 [DEBUG] ReferenceTransformer: "local.zones (expand)" references: [var.providerClusterConfiguration local.actual_zones (expand) var.providerClusterConfiguration local.actual_zones (expand)]
2025-03-08 20:12:01 - 2025/03/08 20:12:01 [DEBUG] ReferenceTransformer: "local.external_subnet_id (expand)" references: [local.external_subnet_id_from_ids (expand) local.external_subnet_id_deprecated (expand) local.external_subnet_id_from_ids (expand)]
2025-03-08 20:12:01 - 2025/03/08 20:12:01 [DEBUG] ReferenceTransformer: "local.external_subnet_ids (expand)" references: [local.master_instance_class (expand)]
2025-03-08 20:12:01 - 2025/03/08 20:12:01 [DEBUG] ReferenceTransformer: "data.yandex_vpc_subnet.kube_d (expand)" references: [local.mapping (expand)]
2025-03-08 20:12:01 - 2025/03/08 20:12:01 [DEBUG] ReferenceTransformer: "var.nodeIndex" references: []
2025-03-08 20:12:01 - 2025/03/08 20:12:01 [DEBUG] ReferenceTransformer: "local.mapping (expand)" references: [var.providerClusterConfiguration]
2025-03-08 20:12:01 - 2025/03/08 20:12:01 [DEBUG] ReferenceTransformer: "local.external_ip_addresses (expand)" references: [local.master_instance_class (expand)]
2025-03-08 20:12:01 - 2025/03/08 20:12:01 [DEBUG] ReferenceTransformer: "local.ssh_public_key (expand)" references: [var.providerClusterConfiguration]
2025-03-08 20:12:01 - 2025/03/08 20:12:01 [DEBUG] ReferenceTransformer: "local.image_id (expand)" references: [local.master_instance_class (expand)]
2025-03-08 20:12:01 - 2025/03/08 20:12:01 [DEBUG] ReferenceTransformer: "local.memory (expand)" references: [local.master_instance_class (expand)]
2025-03-08 20:12:01 - 2025/03/08 20:12:01 [DEBUG] ReferenceTransformer: "local.platform (expand)" references: [local.master_instance_class (expand)]
2025-03-08 20:12:01 - 2025/03/08 20:12:01 [DEBUG] ReferenceTransformer: "var.network_types" references: []
2025-03-08 20:12:01 - 2025/03/08 20:12:01 [DEBUG] ReferenceTransformer: "local.master_internal_ip_iface_index (expand)" references: [local.external_subnet_id (expand)]
2025-03-08 20:12:01 - 2025/03/08 20:12:01 [DEBUG] ReferenceTransformer: "yandex_compute_disk.kubernetes_data" references: [local.internal_subnet (expand) local.prefix (expand) var.nodeIndex local.etcd_disk_size_gb (expand) local.additional_labels (expand) local.disk_type (expand)]
2025-03-08 20:12:01 - 2025/03/08 20:12:01 [DEBUG] ReferenceTransformer: "local.cores (expand)" references: [local.master_instance_class (expand)]
2025-03-08 20:12:01 - 2025/03/08 20:12:01 [DEBUG] ReferenceTransformer: "local.external_subnet_id_from_ids (expand)" references: [local.external_subnet_ids (expand) local.external_subnet_ids (expand) var.nodeIndex]
2025-03-08 20:12:01 - 2025/03/08 20:12:01 [DEBUG] ReferenceTransformer: "provider[\"registry.terraform.io/yandex-cloud/yandex\"]" references: [var.providerClusterConfiguration var.providerClusterConfiguration var.providerClusterConfiguration]
2025-03-08 20:12:01 - 2025/03/08 20:12:01 [DEBUG] ReferenceTransformer: "yandex_vpc_address.addr (expand)" references: [var.nodeIndex local.external_ip_addresses (expand) local.external_ip_addresses (expand) var.nodeIndex local.external_ip_addresses (expand)]
2025-03-08 20:12:01 - 2025/03/08 20:12:01 [DEBUG] ReferenceTransformer: "local.subnets (expand)" references: [local.zones (expand) local.zones (expand) local.zone_to_subnet (expand) local.zone_to_subnet (expand)]
2025-03-08 20:12:01 - 2025/03/08 20:12:01 [DEBUG] ReferenceTransformer: "data.yandex_vpc_subnet.kube_a (expand)" references: [local.mapping (expand)]
2025-03-08 20:12:01 - 2025/03/08 20:12:01 [DEBUG] ReferenceTransformer: "var.cloudConfig" references: []
2025-03-08 20:12:01 - 2025/03/08 20:12:01 [DEBUG] ReferenceTransformer: "var.clusterUUID" references: []
2025-03-08 20:12:01 - 2025/03/08 20:12:01 [DEBUG] ReferenceTransformer: "var.providerClusterConfiguration" references: []
2025-03-08 20:12:01 - 2025/03/08 20:12:01 [DEBUG] ReferenceTransformer: "local.network_type (expand)" references: [local.master_instance_class (expand) var.network_types local.master_instance_class (expand)]
2025-03-08 20:12:01 - 2025/03/08 20:12:01 [DEBUG] ReferenceTransformer: "local.master_instance_class (expand)" references: [var.providerClusterConfiguration]
2025-03-08 20:12:01 - 2025/03/08 20:12:01 [DEBUG] ReferenceTransformer: "yandex_compute_instance.master (expand)" references: []
2025-03-08 20:12:01 - 2025/03/08 20:12:01 [DEBUG] ReferenceTransformer: "yandex_compute_disk.kubernetes_data (expand)" references: []
2025-03-08 20:12:01 - 2025/03/08 20:12:01 [DEBUG] ReferenceTransformer: "local.prefix (expand)" references: [var.clusterConfiguration]
2025-03-08 20:12:01 - 2025/03/08 20:12:01 [DEBUG] ReferenceTransformer: "output.master_ip_address_for_ssh" references: [yandex_compute_instance.master yandex_compute_instance.master yandex_compute_instance.master (expand) yandex_compute_instance.master yandex_compute_instance.master yandex_compute_instance.master (expand) yandex_compute_instance.master yandex_compute_instance.master yandex_compute_instance.master (expand)]
2025-03-08 20:12:01 - 2025/03/08 20:12:01 [DEBUG] pruneUnusedNodes: local.mng (expand) is no longer needed, removing
2025-03-08 20:12:01 - 2025/03/08 20:12:01 [DEBUG] Starting graph walk: walkApply
2025-03-08 20:12:01 - 2025-03-08T20:12:01.707Z [INFO]  plugin: configuring client automatic mTLS
2025-03-08 20:12:01 - 2025-03-08T20:12:01.714Z [DEBUG] plugin: starting plugin: path=/tmp/dhctl/tf_dhctl/providers/registry.terraform.io/yandex-cloud/yandex/0.83.0/linux_amd64/terraform-provider-yandex args=[/tmp/dhctl/tf_dhctl/providers/registry.terraform.io/yandex-cloud/yandex/0.83.0/linux_amd64/terraform-provider-yandex]
2025-03-08 20:12:01 - 2025-03-08T20:12:01.716Z [DEBUG] plugin: plugin started: path=/tmp/dhctl/tf_dhctl/providers/registry.terraform.io/yandex-cloud/yandex/0.83.0/linux_amd64/terraform-provider-yandex pid=595
2025-03-08 20:12:01 - 2025-03-08T20:12:01.716Z [DEBUG] plugin: waiting for RPC address: path=/tmp/dhctl/tf_dhctl/providers/registry.terraform.io/yandex-cloud/yandex/0.83.0/linux_amd64/terraform-provider-yandex
2025-03-08 20:12:01 - 2025-03-08T20:12:01.875Z [INFO]  plugin.terraform-provider-yandex: configuring server automatic mTLS: timestamp=2025-03-08T20:12:01.873Z
2025-03-08 20:12:01 - 2025-03-08T20:12:01.910Z [DEBUG] plugin.terraform-provider-yandex: plugin address: address=/tmp/plugin3324608649 network=unix timestamp=2025-03-08T20:12:01.910Z
2025-03-08 20:12:01 - 2025-03-08T20:12:01.910Z [DEBUG] plugin: using plugin: version=5
2025-03-08 20:12:02 - 2025/03/08 20:12:02 [WARN] Provider "registry.terraform.io/yandex-cloud/yandex" produced an invalid plan for yandex_compute_disk.kubernetes_data, but we are tolerating it because it is using the legacy plugin SDK.
2025-03-08 20:12:02 -     The following problems may be the cause of any confusing errors from downstream operations:
2025-03-08 20:12:02 -       - .labels: planned value cty.NullVal(cty.Map(cty.String)) does not match config value cty.MapValEmpty(cty.String)
2025-03-08 20:12:02 -       - .block_size: planned value cty.NumberIntVal(4096) does not match config value cty.NullVal(cty.Number)
2025-03-08 20:12:02 -       - .disk_placement_policy: attribute representing nested block must not be unknown itself; set nested attribute values to unknown instead
2025-03-08 20:12:02 - yandex_compute_disk.kubernetes_data: Creating...
2025-03-08 20:12:02 - yandex_vpc_address.addr[0]: Creating...
2025-03-08 20:12:02 - 2025/03/08 20:12:02 [DEBUG] EvalApply: ProviderMeta config value set
2025-03-08 20:12:02 - 2025/03/08 20:12:02 [DEBUG] yandex_compute_disk.kubernetes_data: applying the planned Create change
2025-03-08 20:12:02 - 2025/03/08 20:12:02 [DEBUG] EvalApply: ProviderMeta config value set
2025-03-08 20:12:02 - 2025/03/08 20:12:02 [DEBUG] yandex_vpc_address.addr[0]: applying the planned Create change
2025-03-08 20:12:02 - 2025-03-08T20:12:02.016Z [DEBUG] plugin.terraform-provider-yandex: setting computed for "product_ids" from ComputedKeys: timestamp=2025-03-08T20:12:02.015Z
2025-03-08 20:12:02 - 2025-03-08T20:12:02.016Z [DEBUG] plugin.terraform-provider-yandex: setting computed for "disk_placement_policy" from ComputedKeys: timestamp=2025-03-08T20:12:02.016Z
2025-03-08 20:12:02 - 2025-03-08T20:12:02.016Z [DEBUG] plugin.terraform-provider-yandex: setting computed for "labels" from ComputedKeys: timestamp=2025-03-08T20:12:02.016Z
2025-03-08 20:12:03 - 2025/03/08 20:12:03 [WARN] Provider "registry.terraform.io/yandex-cloud/yandex" produced an unexpected new value for yandex_vpc_address.addr[0], but we are tolerating it because it is using the legacy plugin SDK.
2025-03-08 20:12:03 -     The following problems may be the cause of any confusing errors from downstream operations:
2025-03-08 20:12:03 -       - .description: was null, but now cty.StringVal("")
2025-03-08 20:12:03 - yandex_vpc_address.addr[0]: Creation complete after 1s [id=e9bahogvopcscvulsf9o]
2025-03-08 20:12:10 - 2025/03/08 20:12:10 [WARN] Provider "registry.terraform.io/yandex-cloud/yandex" produced an unexpected new value for yandex_compute_disk.kubernetes_data, but we are tolerating it because it is using the legacy plugin SDK.
2025-03-08 20:12:10 -     The following problems may be the cause of any confusing errors from downstream operations:
2025-03-08 20:12:10 -       - .image_id: was null, but now cty.StringVal("")
2025-03-08 20:12:10 -       - .snapshot_id: was null, but now cty.StringVal("")
2025-03-08 20:12:10 - yandex_compute_disk.kubernetes_data: Creation complete after 8s [id=fhm3s14fiq9j3tfim0hu]
2025-03-08 20:12:10 - 2025/03/08 20:12:10 [WARN] Provider "registry.terraform.io/yandex-cloud/yandex" produced an invalid plan for yandex_compute_instance.master, but we are tolerating it because it is using the legacy plugin SDK.
2025-03-08 20:12:10 -     The following problems may be the cause of any confusing errors from downstream operations:
2025-03-08 20:12:10 -       - .labels: planned value cty.NullVal(cty.Map(cty.String)) does not match config value cty.MapValEmpty(cty.String)
2025-03-08 20:12:10 -       - .network_acceleration_type: planned value cty.StringVal("standard") does not match config value cty.NullVal(cty.String)
2025-03-08 20:12:10 -       - .boot_disk[0].auto_delete: planned value cty.True does not match config value cty.NullVal(cty.Bool)
2025-03-08 20:12:10 -       - .network_interface[0].ipv4: planned value cty.True does not match config value cty.NullVal(cty.Bool)
2025-03-08 20:12:10 -       - .placement_policy: attribute representing nested block must not be unknown itself; set nested attribute values to unknown instead
2025-03-08 20:12:10 -       - .resources[0].core_fraction: planned value cty.NumberIntVal(100) does not match config value cty.NullVal(cty.Number)
2025-03-08 20:12:10 -       - .scheduling_policy: attribute representing nested block must not be unknown itself; set nested attribute values to unknown instead
2025-03-08 20:12:10 -       - .secondary_disk[0].mode: planned value cty.StringVal("READ_WRITE") does not match config value cty.NullVal(cty.String)
2025-03-08 20:12:10 - yandex_compute_instance.master: Creating...
2025-03-08 20:12:10 - 2025/03/08 20:12:10 [DEBUG] EvalApply: ProviderMeta config value set
2025-03-08 20:12:10 - 2025/03/08 20:12:10 [DEBUG] yandex_compute_instance.master: applying the planned Create change
2025-03-08 20:12:10 - 2025-03-08T20:12:10.497Z [DEBUG] plugin.terraform-provider-yandex: setting computed for "scheduling_policy" from ComputedKeys: timestamp=2025-03-08T20:12:10.497Z
2025-03-08 20:12:10 - 2025-03-08T20:12:10.497Z [DEBUG] plugin.terraform-provider-yandex: setting computed for "placement_policy" from ComputedKeys: timestamp=2025-03-08T20:12:10.497Z
2025-03-08 20:12:10 - 2025-03-08T20:12:10.497Z [DEBUG] plugin.terraform-provider-yandex: setting computed for "network_interface.0.security_group_ids" from ComputedKeys: timestamp=2025-03-08T20:12:10.497Z
2025-03-08 20:12:10 - 2025-03-08T20:12:10.497Z [DEBUG] plugin.terraform-provider-yandex: setting computed for "network_interface.0.security_group_ids" from ComputedKeys: timestamp=2025-03-08T20:12:10.497Z
2025-03-08 20:12:20 - yandex_compute_instance.master: Still creating... [11s elapsed]
2025-03-08 20:12:30 - yandex_compute_instance.master: Still creating... [21s elapsed]
2025-03-08 20:12:40 - yandex_compute_instance.master: Still creating... [31s elapsed]
2025-03-08 20:12:50 - yandex_compute_instance.master: Still creating... [41s elapsed]
2025-03-08 20:12:56 - 2025/03/08 20:12:56 [WARN] Provider "registry.terraform.io/yandex-cloud/yandex" produced an unexpected new value for yandex_compute_instance.master, but we are tolerating it because it is using the legacy plugin SDK.
2025-03-08 20:12:56 -     The following problems may be the cause of any confusing errors from downstream operations:
2025-03-08 20:12:56 -       - .description: was null, but now cty.StringVal("")
2025-03-08 20:12:56 -       - .resources[0].gpus: was null, but now cty.NumberIntVal(0)
2025-03-08 20:12:56 - yandex_compute_instance.master: Creation complete after 47s [id=fhmoq3iffb7n7b85547v]
2025-03-08 20:12:56 - 2025-03-08T20:12:56.791Z [WARN]  plugin.stdio: received EOF, stopping recv loop: err="rpc error: code = Unavailable desc = transport is closing"
2025-03-08 20:12:56 - 2025-03-08T20:12:56.792Z [DEBUG] plugin: plugin process exited: path=/tmp/dhctl/tf_dhctl/providers/registry.terraform.io/yandex-cloud/yandex/0.83.0/linux_amd64/terraform-provider-yandex pid=595
2025-03-08 20:12:56 - 2025-03-08T20:12:56.793Z [DEBUG] plugin: plugin exited
2025-03-08 20:12:56 - 
2025-03-08 20:12:56 - Apply complete! Resources: 3 added, 0 changed, 0 destroyed.
2025-03-08 20:12:56 - 
2025-03-08 20:12:56 - The state of your infrastructure has been saved to the path
2025-03-08 20:12:56 - below. This state is required to modify and destroy your
2025-03-08 20:12:56 - infrastructure, so keep it safe. To inspect the complete state
2025-03-08 20:12:56 - use the `terraform show` command.
2025-03-08 20:12:56 - 
2025-03-08 20:12:56 - State path: terraform.tfstate
2025-03-08 20:12:56 - 
2025-03-08 20:12:56 - Outputs:
2025-03-08 20:12:56 - 
2025-03-08 20:12:56 - kubernetes_data_device_path = "/dev/disk/by-id/virtio-kubernetes-data"
2025-03-08 20:12:56 - master_ip_address_for_ssh = "51.250.67.240"
2025-03-08 20:12:56 - node_internal_ip_address = "10.241.32.4"
2025-03-08 20:12:56 - Terraform runner "master-node" process exited.
2025-03-08 20:12:56 - End process terraform apply ...2025-03-08 20:13:00 - End process Pipeline master-node for cloud-demo-master-02025-03-08 20:13:00 - First control-plane node was created
2025-03-08 20:13:00 - End process Cloud infrastructure2025-03-08 20:13:00 - Start process Wait for SSH on Master become Ready2025-03-08 20:13:00 - Start process Connection string2025-03-08 20:13:00 - ssh ubuntu@51.250.67.240
2025-03-08 20:13:00 - End process Connection string2025-03-08 20:13:01 - Start process Waiting for SSH connection2025-03-08 20:13:01 - Try to connect to 51.250.67.240 host
2025-03-08 20:13:01 - SSH arguments [-C -o ControlMaster=auto -o ControlPersist=600s -o StrictHostKeyChecking=no -o UserKnownHostsFile=/dev/null -o GlobalKnownHostsFile=/dev/null -o ServerAliveInterval=10 -o ServerAliveCountMax=3 -o ConnectTimeout=15 -o PasswordAuthentication=no -l ubuntu 51.250.67.240 -- echo SUCCESS]
2025-03-08 20:13:01 - SSH arguments [-C -o ControlMaster=auto -o ControlPersist=600s -o StrictHostKeyChecking=no -o UserKnownHostsFile=/dev/null -o GlobalKnownHostsFile=/dev/null -o ServerAliveInterval=10 -o ServerAliveCountMax=3 -o ConnectTimeout=15 -o PasswordAuthentication=no -l ubuntu 51.250.67.240 -- echo SUCCESS]
2025-03-08 20:13:01 - SSH arguments [-C -o ControlMaster=auto -o ControlPersist=600s -o StrictHostKeyChecking=no -o UserKnownHostsFile=/dev/null -o GlobalKnownHostsFile=/dev/null -o ServerAliveInterval=10 -o ServerAliveCountMax=3 -o ConnectTimeout=15 -o PasswordAuthentication=no -l ubuntu 51.250.67.240 -- echo SUCCESS]
2025-03-08 20:13:16 - ssh: connect to host 51.250.67.240 port 22: Operation timed out
2025-03-08 20:13:16 - Attempt #1 of 50 |
	Waiting for SSH connection failed, next attempt will be in 5s"
2025-03-08 20:13:16 - 	Error: host '51.250.67.240' is not available

2025-03-08 20:13:21 - Try to connect to 51.250.67.240 host
2025-03-08 20:13:21 - SSH arguments [-C -o ControlMaster=auto -o ControlPersist=600s -o StrictHostKeyChecking=no -o UserKnownHostsFile=/dev/null -o GlobalKnownHostsFile=/dev/null -o ServerAliveInterval=10 -o ServerAliveCountMax=3 -o ConnectTimeout=15 -o PasswordAuthentication=no -l ubuntu 51.250.67.240 -- echo SUCCESS]
2025-03-08 20:13:21 - SSH arguments [-C -o ControlMaster=auto -o ControlPersist=600s -o StrictHostKeyChecking=no -o UserKnownHostsFile=/dev/null -o GlobalKnownHostsFile=/dev/null -o ServerAliveInterval=10 -o ServerAliveCountMax=3 -o ConnectTimeout=15 -o PasswordAuthentication=no -l ubuntu 51.250.67.240 -- echo SUCCESS]
2025-03-08 20:13:21 - SSH arguments [-C -o ControlMaster=auto -o ControlPersist=600s -o StrictHostKeyChecking=no -o UserKnownHostsFile=/dev/null -o GlobalKnownHostsFile=/dev/null -o ServerAliveInterval=10 -o ServerAliveCountMax=3 -o ConnectTimeout=15 -o PasswordAuthentication=no -l ubuntu 51.250.67.240 -- echo SUCCESS]
2025-03-08 20:13:21 - ssh: connect to host 51.250.67.240 port 22: Connection refused
2025-03-08 20:13:21 - Attempt #2 of 50 |
	Waiting for SSH connection failed, next attempt will be in 5s"
2025-03-08 20:13:21 - 	Error: host '51.250.67.240' is not available

2025-03-08 20:13:26 - Try to connect to 51.250.67.240 host
2025-03-08 20:13:26 - SSH arguments [-C -o ControlMaster=auto -o ControlPersist=600s -o StrictHostKeyChecking=no -o UserKnownHostsFile=/dev/null -o GlobalKnownHostsFile=/dev/null -o ServerAliveInterval=10 -o ServerAliveCountMax=3 -o ConnectTimeout=15 -o PasswordAuthentication=no -l ubuntu 51.250.67.240 -- echo SUCCESS]
2025-03-08 20:13:26 - SSH arguments [-C -o ControlMaster=auto -o ControlPersist=600s -o StrictHostKeyChecking=no -o UserKnownHostsFile=/dev/null -o GlobalKnownHostsFile=/dev/null -o ServerAliveInterval=10 -o ServerAliveCountMax=3 -o ConnectTimeout=15 -o PasswordAuthentication=no -l ubuntu 51.250.67.240 -- echo SUCCESS]
2025-03-08 20:13:26 - SSH arguments [-C -o ControlMaster=auto -o ControlPersist=600s -o StrictHostKeyChecking=no -o UserKnownHostsFile=/dev/null -o GlobalKnownHostsFile=/dev/null -o ServerAliveInterval=10 -o ServerAliveCountMax=3 -o ConnectTimeout=15 -o PasswordAuthentication=no -l ubuntu 51.250.67.240 -- echo SUCCESS]
2025-03-08 20:13:30 - Succeeded!
2025-03-08 20:13:30 - End process Waiting for SSH connection2025-03-08 20:13:30 - End process Wait for SSH on Master become Ready2025-03-08 20:13:30 - Start process Cloud deployment preflight checks2025-03-08 20:13:30 - Start process Checking access to cloud api from master host2025-03-08 20:13:30 - Checking if Cloud API is accessible from first master host
2025-03-08 20:13:30 - [Skip] Checking if Cloud API is accessible from first master host. Unsupported provider: yandex2025-03-08 20:13:30 - Succeeded!
2025-03-08 20:13:30 - End process Checking access to cloud api from master host2025-03-08 20:13:30 - End process Cloud deployment preflight checks2025-03-08 20:13:30 - Got cluster domain: cluster.local2025-03-08 20:13:30 - Starting registry packages proxy
2025-03-08 20:13:30 - parse registry data: dockerCfg after base64 decode = {"auths": { "registry.deckhouse.io": {}}}
2025-03-08 20:13:30 - auth or username with password not found in dockerCfg {"auths": { "registry.deckhouse.io": {}}} for registry.deckhouse.io. Use empty string2025-03-08 20:13:30 - Start process Check DHCTL Dependencies2025-03-08 20:13:30 - Check 'sudo' dependency
2025-03-08 20:13:30 - Check 'rm' dependency
2025-03-08 20:13:30 - Check 'tar' dependency
2025-03-08 20:13:30 - Check 'mount' dependency
2025-03-08 20:13:30 - Check 'awk' dependency
2025-03-08 20:13:30 - Starting NodeInterfaceWrapper.command
2025-03-08 20:13:30 - Starting NodeInterfaceWrapper.command
2025-03-08 20:13:30 - Starting NodeInterfaceWrapper.command
2025-03-08 20:13:30 - SSH arguments [-C -o ControlMaster=auto -o ControlPersist=600s -o StrictHostKeyChecking=no -o UserKnownHostsFile=/dev/null -o GlobalKnownHostsFile=/dev/null -o ServerAliveInterval=10 -o ServerAliveCountMax=3 -o ConnectTimeout=15 -o PasswordAuthentication=no -l ubuntu 51.250.67.240 -- command -v awk]
2025-03-08 20:13:30 - SSH arguments [-C -o ControlMaster=auto -o ControlPersist=600s -o StrictHostKeyChecking=no -o UserKnownHostsFile=/dev/null -o GlobalKnownHostsFile=/dev/null -o ServerAliveInterval=10 -o ServerAliveCountMax=3 -o ConnectTimeout=15 -o PasswordAuthentication=no -l ubuntu 51.250.67.240 -- command -v mount]
2025-03-08 20:13:30 - SSH arguments [-C -o ControlMaster=auto -o ControlPersist=600s -o StrictHostKeyChecking=no -o UserKnownHostsFile=/dev/null -o GlobalKnownHostsFile=/dev/null -o ServerAliveInterval=10 -o ServerAliveCountMax=3 -o ConnectTimeout=15 -o PasswordAuthentication=no -l ubuntu 51.250.67.240 -- command -v sudo]
2025-03-08 20:13:30 - Starting NodeInterfaceWrapper.command
2025-03-08 20:13:30 - Starting NodeInterfaceWrapper.command
2025-03-08 20:13:30 - SSH arguments [-C -o ControlMaster=auto -o ControlPersist=600s -o StrictHostKeyChecking=no -o UserKnownHostsFile=/dev/null -o GlobalKnownHostsFile=/dev/null -o ServerAliveInterval=10 -o ServerAliveCountMax=3 -o ConnectTimeout=15 -o PasswordAuthentication=no -l ubuntu 51.250.67.240 -- command -v tar]
2025-03-08 20:13:30 - Starting packages proxy listener: 127.0.0.1:5444
2025-03-08 20:13:30 - Stop NodeInterfaceWrapper.command
2025-03-08 20:13:30 - SSH arguments [-C -o ControlMaster=auto -o ControlPersist=600s -o StrictHostKeyChecking=no -o UserKnownHostsFile=/dev/null -o GlobalKnownHostsFile=/dev/null -o ServerAliveInterval=10 -o ServerAliveCountMax=3 -o ConnectTimeout=15 -o PasswordAuthentication=no -l ubuntu 51.250.67.240 -- command -v awk]
2025-03-08 20:13:30 - Stop NodeInterfaceWrapper.command
2025-03-08 20:13:30 - SSH arguments [-C -o ControlMaster=auto -o ControlPersist=600s -o StrictHostKeyChecking=no -o UserKnownHostsFile=/dev/null -o GlobalKnownHostsFile=/dev/null -o ServerAliveInterval=10 -o ServerAliveCountMax=3 -o ConnectTimeout=15 -o PasswordAuthentication=no -l ubuntu 51.250.67.240 -- command -v tar]
2025-03-08 20:13:30 - Stop NodeInterfaceWrapper.command
2025-03-08 20:13:30 - SSH arguments [-C -o ControlMaster=auto -o ControlPersist=600s -o StrictHostKeyChecking=no -o UserKnownHostsFile=/dev/null -o GlobalKnownHostsFile=/dev/null -o ServerAliveInterval=10 -o ServerAliveCountMax=3 -o ConnectTimeout=15 -o PasswordAuthentication=no -l ubuntu 51.250.67.240 -- command -v rm]
2025-03-08 20:13:30 - SSH arguments [-C -o ControlMaster=auto -o ControlPersist=600s -o StrictHostKeyChecking=no -o UserKnownHostsFile=/dev/null -o GlobalKnownHostsFile=/dev/null -o ServerAliveInterval=10 -o ServerAliveCountMax=3 -o ConnectTimeout=15 -o PasswordAuthentication=no -l ubuntu 51.250.67.240 -- command -v mount]
2025-03-08 20:13:30 - Stop NodeInterfaceWrapper.command
2025-03-08 20:13:30 - SSH arguments [-C -o ControlMaster=auto -o ControlPersist=600s -o StrictHostKeyChecking=no -o UserKnownHostsFile=/dev/null -o GlobalKnownHostsFile=/dev/null -o ServerAliveInterval=10 -o ServerAliveCountMax=3 -o ConnectTimeout=15 -o PasswordAuthentication=no -l ubuntu 51.250.67.240 -- command -v rm]
2025-03-08 20:13:30 - Stop NodeInterfaceWrapper.command
2025-03-08 20:13:30 - SSH arguments [-C -o ControlMaster=auto -o ControlPersist=600s -o StrictHostKeyChecking=no -o UserKnownHostsFile=/dev/null -o GlobalKnownHostsFile=/dev/null -o ServerAliveInterval=10 -o ServerAliveCountMax=3 -o ConnectTimeout=15 -o PasswordAuthentication=no -l ubuntu 51.250.67.240 -- command -v sudo]
2025-03-08 20:13:31 - Dependency 'sudo' check success
2025-03-08 20:13:31 - Dependency 'mount' check success
2025-03-08 20:13:31 - Dependency 'awk' check success
2025-03-08 20:13:31 - Dependency 'tar' check success
2025-03-08 20:13:31 - Dependency 'rm' check success
2025-03-08 20:13:31 - Check 'grep' dependency
2025-03-08 20:13:31 - Starting NodeInterfaceWrapper.command
2025-03-08 20:13:31 - SSH arguments [-C -o ControlMaster=auto -o ControlPersist=600s -o StrictHostKeyChecking=no -o UserKnownHostsFile=/dev/null -o GlobalKnownHostsFile=/dev/null -o ServerAliveInterval=10 -o ServerAliveCountMax=3 -o ConnectTimeout=15 -o PasswordAuthentication=no -l ubuntu 51.250.67.240 -- command -v grep]
2025-03-08 20:13:31 - Check 'cut' dependency
2025-03-08 20:13:31 - Check 'sed' dependency
2025-03-08 20:13:31 - Check 'shopt' dependency
2025-03-08 20:13:31 - Check 'mkdir' dependency
2025-03-08 20:13:31 - Starting NodeInterfaceWrapper.command
2025-03-08 20:13:31 - SSH arguments [-C -o ControlMaster=auto -o ControlPersist=600s -o StrictHostKeyChecking=no -o UserKnownHostsFile=/dev/null -o GlobalKnownHostsFile=/dev/null -o ServerAliveInterval=10 -o ServerAliveCountMax=3 -o ConnectTimeout=15 -o PasswordAuthentication=no -l ubuntu 51.250.67.240 -- command -v mkdir]
2025-03-08 20:13:31 - Starting NodeInterfaceWrapper.command
2025-03-08 20:13:31 - Stop NodeInterfaceWrapper.command
2025-03-08 20:13:31 - SSH arguments [-C -o ControlMaster=auto -o ControlPersist=600s -o StrictHostKeyChecking=no -o UserKnownHostsFile=/dev/null -o GlobalKnownHostsFile=/dev/null -o ServerAliveInterval=10 -o ServerAliveCountMax=3 -o ConnectTimeout=15 -o PasswordAuthentication=no -l ubuntu 51.250.67.240 -- command -v mkdir]
2025-03-08 20:13:31 - Starting NodeInterfaceWrapper.command
2025-03-08 20:13:31 - SSH arguments [-C -o ControlMaster=auto -o ControlPersist=600s -o StrictHostKeyChecking=no -o UserKnownHostsFile=/dev/null -o GlobalKnownHostsFile=/dev/null -o ServerAliveInterval=10 -o ServerAliveCountMax=3 -o ConnectTimeout=15 -o PasswordAuthentication=no -l ubuntu 51.250.67.240 -- command -v cut]
2025-03-08 20:13:31 - Stop NodeInterfaceWrapper.command
2025-03-08 20:13:31 - SSH arguments [-C -o ControlMaster=auto -o ControlPersist=600s -o StrictHostKeyChecking=no -o UserKnownHostsFile=/dev/null -o GlobalKnownHostsFile=/dev/null -o ServerAliveInterval=10 -o ServerAliveCountMax=3 -o ConnectTimeout=15 -o PasswordAuthentication=no -l ubuntu 51.250.67.240 -- command -v cut]
2025-03-08 20:13:31 - Stop NodeInterfaceWrapper.command
2025-03-08 20:13:31 - Starting NodeInterfaceWrapper.command
2025-03-08 20:13:31 - SSH arguments [-C -o ControlMaster=auto -o ControlPersist=600s -o StrictHostKeyChecking=no -o UserKnownHostsFile=/dev/null -o GlobalKnownHostsFile=/dev/null -o ServerAliveInterval=10 -o ServerAliveCountMax=3 -o ConnectTimeout=15 -o PasswordAuthentication=no -l ubuntu 51.250.67.240 -- command -v shopt]
2025-03-08 20:13:31 - Stop NodeInterfaceWrapper.command
2025-03-08 20:13:31 - SSH arguments [-C -o ControlMaster=auto -o ControlPersist=600s -o StrictHostKeyChecking=no -o UserKnownHostsFile=/dev/null -o GlobalKnownHostsFile=/dev/null -o ServerAliveInterval=10 -o ServerAliveCountMax=3 -o ConnectTimeout=15 -o PasswordAuthentication=no -l ubuntu 51.250.67.240 -- command -v shopt]
2025-03-08 20:13:31 - SSH arguments [-C -o ControlMaster=auto -o ControlPersist=600s -o StrictHostKeyChecking=no -o UserKnownHostsFile=/dev/null -o GlobalKnownHostsFile=/dev/null -o ServerAliveInterval=10 -o ServerAliveCountMax=3 -o ConnectTimeout=15 -o PasswordAuthentication=no -l ubuntu 51.250.67.240 -- command -v grep]
2025-03-08 20:13:31 - SSH arguments [-C -o ControlMaster=auto -o ControlPersist=600s -o StrictHostKeyChecking=no -o UserKnownHostsFile=/dev/null -o GlobalKnownHostsFile=/dev/null -o ServerAliveInterval=10 -o ServerAliveCountMax=3 -o ConnectTimeout=15 -o PasswordAuthentication=no -l ubuntu 51.250.67.240 -- command -v sed]
2025-03-08 20:13:31 - Stop NodeInterfaceWrapper.command
2025-03-08 20:13:31 - SSH arguments [-C -o ControlMaster=auto -o ControlPersist=600s -o StrictHostKeyChecking=no -o UserKnownHostsFile=/dev/null -o GlobalKnownHostsFile=/dev/null -o ServerAliveInterval=10 -o ServerAliveCountMax=3 -o ConnectTimeout=15 -o PasswordAuthentication=no -l ubuntu 51.250.67.240 -- command -v sed]
2025-03-08 20:13:31 - Dependency 'grep' check success
2025-03-08 20:13:32 - Dependency 'cut' check success
2025-03-08 20:13:32 - Dependency 'mkdir' check success
2025-03-08 20:13:32 - Dependency 'shopt' check success
2025-03-08 20:13:32 - Dependency 'sed' check success
2025-03-08 20:13:32 - Check 'cp' dependency
2025-03-08 20:13:32 - Check 'join' dependency
2025-03-08 20:13:32 - Starting NodeInterfaceWrapper.command
2025-03-08 20:13:32 - Check 'cat' dependency
2025-03-08 20:13:32 - Check 'ps' dependency
2025-03-08 20:13:32 - SSH arguments [-C -o ControlMaster=auto -o ControlPersist=600s -o StrictHostKeyChecking=no -o UserKnownHostsFile=/dev/null -o GlobalKnownHostsFile=/dev/null -o ServerAliveInterval=10 -o ServerAliveCountMax=3 -o ConnectTimeout=15 -o PasswordAuthentication=no -l ubuntu 51.250.67.240 -- command -v cp]
2025-03-08 20:13:32 - Check 'kill' dependency
2025-03-08 20:13:32 - Stop NodeInterfaceWrapper.command
2025-03-08 20:13:32 - Starting NodeInterfaceWrapper.command
2025-03-08 20:13:32 - SSH arguments [-C -o ControlMaster=auto -o ControlPersist=600s -o StrictHostKeyChecking=no -o UserKnownHostsFile=/dev/null -o GlobalKnownHostsFile=/dev/null -o ServerAliveInterval=10 -o ServerAliveCountMax=3 -o ConnectTimeout=15 -o PasswordAuthentication=no -l ubuntu 51.250.67.240 -- command -v cp]
2025-03-08 20:13:32 - SSH arguments [-C -o ControlMaster=auto -o ControlPersist=600s -o StrictHostKeyChecking=no -o UserKnownHostsFile=/dev/null -o GlobalKnownHostsFile=/dev/null -o ServerAliveInterval=10 -o ServerAliveCountMax=3 -o ConnectTimeout=15 -o PasswordAuthentication=no -l ubuntu 51.250.67.240 -- command -v kill]
2025-03-08 20:13:32 - Starting NodeInterfaceWrapper.command
2025-03-08 20:13:32 - Stop NodeInterfaceWrapper.command
2025-03-08 20:13:32 - SSH arguments [-C -o ControlMaster=auto -o ControlPersist=600s -o StrictHostKeyChecking=no -o UserKnownHostsFile=/dev/null -o GlobalKnownHostsFile=/dev/null -o ServerAliveInterval=10 -o ServerAliveCountMax=3 -o ConnectTimeout=15 -o PasswordAuthentication=no -l ubuntu 51.250.67.240 -- command -v kill]
2025-03-08 20:13:32 - SSH arguments [-C -o ControlMaster=auto -o ControlPersist=600s -o StrictHostKeyChecking=no -o UserKnownHostsFile=/dev/null -o GlobalKnownHostsFile=/dev/null -o ServerAliveInterval=10 -o ServerAliveCountMax=3 -o ConnectTimeout=15 -o PasswordAuthentication=no -l ubuntu 51.250.67.240 -- command -v join]
2025-03-08 20:13:32 - Starting NodeInterfaceWrapper.command
2025-03-08 20:13:32 - Starting NodeInterfaceWrapper.command
2025-03-08 20:13:32 - SSH arguments [-C -o ControlMaster=auto -o ControlPersist=600s -o StrictHostKeyChecking=no -o UserKnownHostsFile=/dev/null -o GlobalKnownHostsFile=/dev/null -o ServerAliveInterval=10 -o ServerAliveCountMax=3 -o ConnectTimeout=15 -o PasswordAuthentication=no -l ubuntu 51.250.67.240 -- command -v ps]
2025-03-08 20:13:32 - Stop NodeInterfaceWrapper.command
2025-03-08 20:13:32 - SSH arguments [-C -o ControlMaster=auto -o ControlPersist=600s -o StrictHostKeyChecking=no -o UserKnownHostsFile=/dev/null -o GlobalKnownHostsFile=/dev/null -o ServerAliveInterval=10 -o ServerAliveCountMax=3 -o ConnectTimeout=15 -o PasswordAuthentication=no -l ubuntu 51.250.67.240 -- command -v cat]
2025-03-08 20:13:32 - Stop NodeInterfaceWrapper.command
2025-03-08 20:13:32 - SSH arguments [-C -o ControlMaster=auto -o ControlPersist=600s -o StrictHostKeyChecking=no -o UserKnownHostsFile=/dev/null -o GlobalKnownHostsFile=/dev/null -o ServerAliveInterval=10 -o ServerAliveCountMax=3 -o ConnectTimeout=15 -o PasswordAuthentication=no -l ubuntu 51.250.67.240 -- command -v cat]
2025-03-08 20:13:32 - Stop NodeInterfaceWrapper.command
2025-03-08 20:13:32 - SSH arguments [-C -o ControlMaster=auto -o ControlPersist=600s -o StrictHostKeyChecking=no -o UserKnownHostsFile=/dev/null -o GlobalKnownHostsFile=/dev/null -o ServerAliveInterval=10 -o ServerAliveCountMax=3 -o ConnectTimeout=15 -o PasswordAuthentication=no -l ubuntu 51.250.67.240 -- command -v ps]
2025-03-08 20:13:32 - SSH arguments [-C -o ControlMaster=auto -o ControlPersist=600s -o StrictHostKeyChecking=no -o UserKnownHostsFile=/dev/null -o GlobalKnownHostsFile=/dev/null -o ServerAliveInterval=10 -o ServerAliveCountMax=3 -o ConnectTimeout=15 -o PasswordAuthentication=no -l ubuntu 51.250.67.240 -- command -v join]
2025-03-08 20:13:33 - Dependency 'cp' check success
2025-03-08 20:13:33 - Dependency 'kill' check success
2025-03-08 20:13:33 - Dependency 'ps' check success
2025-03-08 20:13:33 - Dependency 'join' check success
2025-03-08 20:13:33 - Dependency 'cat' check success
2025-03-08 20:13:33 - Wait all dependency checks successful
2025-03-08 20:13:33 - Close result chan
2025-03-08 20:13:33 - OK!
2025-03-08 20:13:33 - End process Check DHCTL Dependencies2025-03-08 20:13:33 - Start process Detect Bashible Bundle2025-03-08 20:13:33 - Start render detect bundle script
2025-03-08 20:13:33 - Render and save template content:
#!/bin/bash

# Copyright 2021 Flant JSC
#
# Licensed under the Apache License, Version 2.0 (the "License");
# you may not use this file except in compliance with the License.
# You may obtain a copy of the License at
#
#     http://www.apache.org/licenses/LICENSE-2.0
#
# Unless required by applicable law or agreed to in writing, software
# distributed under the License is distributed on an "AS IS" BASIS,
# WITHOUT WARRANTIES OR CONDITIONS OF ANY KIND, either express or implied.
# See the License for the specific language governing permissions and
# limitations under the License.

function name_is_not_supported() {
    >&2 echo "ERROR: ${PRETTY_NAME} is not supported."
    exit 1
}

function try_bundle(){
  >&2 echo "WARNING: Trying to use ${1} bundle as default for: ${PRETTY_NAME}"
  echo "${1}"
  exit 0
}

if [ ! -e /etc/os-release ]; then
  >&2 echo "ERROR: Can't determine OS! /etc/os-release is not found."
  exit 1
fi

. /etc/os-release
case "$ID" in
  centos|rocky|almalinux|rhel)
    case "$VERSION_ID" in 7|7.*|8|8.*|9|9.*)
      echo "centos" && exit 0 ;;
    esac
    name_is_not_supported
  ;;
  ubuntu)
    case "$VERSION_ID" in 18.04|20.04|22.04|24.04)
      echo "ubuntu-lts" && exit 0 ;;
    esac
    name_is_not_supported
  ;;
  debian)
    case "$VERSION_ID" in 10|11|12)
      echo "debian" && exit 0 ;;
    esac
    name_is_not_supported
  ;;
  opensuse-leap)
    case "$VERSION" in 15.*)
        echo "opensuse" && exit 0 ;;
    esac
    name_is_not_supported
  ;;
  "")
    >&2 echo "ERROR: Can't determine OS! No ID in /etc/os-release."
    exit 1
  ;;
esac

# try to determine os by ID_LIKE
for ID in $ID_LIKE; do
  case "$ID" in
    centos|rhel)
      try_bundle "centos"
    ;;
    debian)
      try_bundle "debian"
    ;;
  esac
done

# try to determine os by packet manager

bundle="debian"
if yum -q --version >/dev/null 2>/dev/null; then
  bundle="centos"
fi
if zypper --version >/dev/null 2>/dev/null; then
  bundle="opensuse"
fi
try_bundle "${bundle}"
2025-03-08 20:13:33 - Starting NodeInterfaceWrapper.UploadScript
2025-03-08 20:13:33 - Stop NodeInterfaceWrapper.UploadScript
2025-03-08 20:13:33 - executor: run '/bin/scp -S //bin/ssh -C -o ControlMaster=auto -o ControlPersist=600s -o StrictHostKeyChecking=no -o UserKnownHostsFile=/dev/null -o GlobalKnownHostsFile=/dev/null -o PasswordAuthentication=no -o ServerAliveInterval=10 -o ServerAliveCountMax=3 -o ConnectTimeout=15 -p /tmp/592611429-detect_bundle.sh ubuntu@51.250.67.240:.'
2025-03-08 20:13:33 - executor: start '/bin/scp -S //bin/ssh -C -o ControlMaster=auto -o ControlPersist=600s -o StrictHostKeyChecking=no -o UserKnownHostsFile=/dev/null -o GlobalKnownHostsFile=/dev/null -o PasswordAuthentication=no -o ServerAliveInterval=10 -o ServerAliveCountMax=3 -o ConnectTimeout=15 -p /tmp/592611429-detect_bundle.sh ubuntu@51.250.67.240:.'
2025-03-08 20:13:33 - Start read from streams for command:  /bin/scp -S //bin/ssh -C -o ControlMaster=auto -o ControlPersist=600s -o StrictHostKeyChecking=no -o UserKnownHostsFile=/dev/null -o GlobalKnownHostsFile=/dev/null -o PasswordAuthentication=no -o ServerAliveInterval=10 -o ServerAliveCountMax=3 -o ConnectTimeout=15 -p /tmp/592611429-detect_bundle.sh ubuntu@51.250.67.240:.
2025-03-08 20:13:33 - Start reading from stderr pipe
2025-03-08 20:13:33 - Register stoppable: '/bin/scp -S //bin/ssh -C -o ControlMaster=auto -o ControlPersist=600s -o StrictHostKeyChecking=no -o UserKnownHostsFile=/dev/null -o GlobalKnownHostsFile=/dev/null -o PasswordAuthentication=no -o ServerAliveInterval=10 -o ServerAliveCountMax=3 -o ConnectTimeout=15 -p /tmp/592611429-detect_bundle.sh ubuntu@51.250.67.240:.'
2025-03-08 20:13:34 - Starting close piped
2025-03-08 20:13:34 - Stop close piped
2025-03-08 20:13:34 - Stop reading from stderr pipe
2025-03-08 20:13:34 - readFromStreams: EOF
2025-03-08 20:13:34 - stop readFromStreams
2025-03-08 20:13:34 - SSH arguments [-C -o ControlMaster=auto -o ControlPersist=600s -o StrictHostKeyChecking=no -o UserKnownHostsFile=/dev/null -o GlobalKnownHostsFile=/dev/null -o ServerAliveInterval=10 -o ServerAliveCountMax=3 -o ConnectTimeout=15 -o PasswordAuthentication=no -l ubuntu 51.250.67.240 -- ./592611429-detect_bundle.sh]
2025-03-08 20:13:34 - SSH arguments [-C -o ControlMaster=auto -o ControlPersist=600s -o StrictHostKeyChecking=no -o UserKnownHostsFile=/dev/null -o GlobalKnownHostsFile=/dev/null -o ServerAliveInterval=10 -o ServerAliveCountMax=3 -o ConnectTimeout=15 -o PasswordAuthentication=no -l ubuntu 51.250.67.240 -- ./592611429-detect_bundle.sh]
2025-03-08 20:13:34 - executor: run '/bin/ssh -C -o ControlMaster=auto -o ControlPersist=600s -o StrictHostKeyChecking=no -o UserKnownHostsFile=/dev/null -o GlobalKnownHostsFile=/dev/null -o ServerAliveInterval=10 -o ServerAliveCountMax=3 -o ConnectTimeout=15 -o PasswordAuthentication=no -l ubuntu 51.250.67.240 -- ./592611429-detect_bundle.sh'
2025-03-08 20:13:34 - executor: start '/bin/ssh -C -o ControlMaster=auto -o ControlPersist=600s -o StrictHostKeyChecking=no -o UserKnownHostsFile=/dev/null -o GlobalKnownHostsFile=/dev/null -o ServerAliveInterval=10 -o ServerAliveCountMax=3 -o ConnectTimeout=15 -o PasswordAuthentication=no -l ubuntu 51.250.67.240 -- ./592611429-detect_bundle.sh'
2025-03-08 20:13:34 - Start read from streams for command:  /bin/ssh -C -o ControlMaster=auto -o ControlPersist=600s -o StrictHostKeyChecking=no -o UserKnownHostsFile=/dev/null -o GlobalKnownHostsFile=/dev/null -o ServerAliveInterval=10 -o ServerAliveCountMax=3 -o ConnectTimeout=15 -o PasswordAuthentication=no -l ubuntu 51.250.67.240 -- ./592611429-detect_bundle.sh
2025-03-08 20:13:34 - Start reading from stderr pipe
2025-03-08 20:13:34 - Register stoppable: '/bin/ssh -C -o ControlMaster=auto -o ControlPersist=600s -o StrictHostKeyChecking=no -o UserKnownHostsFile=/dev/null -o GlobalKnownHostsFile=/dev/null -o ServerAliveInterval=10 -o ServerAliveCountMax=3 -o ConnectTimeout=15 -o PasswordAuthentication=no -l ubuntu 51.250.67.240 -- ./592611429-detect_bundle.sh'
2025-03-08 20:13:35 - Starting close piped
2025-03-08 20:13:35 - Stop close piped
2025-03-08 20:13:35 - Stop reading from stderr pipe
2025-03-08 20:13:35 - readFromStreams: EOF
2025-03-08 20:13:35 - stop readFromStreams
2025-03-08 20:13:35 - SSH arguments [-C -o ControlMaster=auto -o ControlPersist=600s -o StrictHostKeyChecking=no -o UserKnownHostsFile=/dev/null -o GlobalKnownHostsFile=/dev/null -o ServerAliveInterval=10 -o ServerAliveCountMax=3 -o ConnectTimeout=15 -o PasswordAuthentication=no -l ubuntu 51.250.67.240 -- rm -f ./592611429-detect_bundle.sh]
2025-03-08 20:13:35 - executor: run '/bin/ssh -C -o ControlMaster=auto -o ControlPersist=600s -o StrictHostKeyChecking=no -o UserKnownHostsFile=/dev/null -o GlobalKnownHostsFile=/dev/null -o ServerAliveInterval=10 -o ServerAliveCountMax=3 -o ConnectTimeout=15 -o PasswordAuthentication=no -l ubuntu 51.250.67.240 -- rm -f ./592611429-detect_bundle.sh'
2025-03-08 20:13:35 - executor: start '/bin/ssh -C -o ControlMaster=auto -o ControlPersist=600s -o StrictHostKeyChecking=no -o UserKnownHostsFile=/dev/null -o GlobalKnownHostsFile=/dev/null -o ServerAliveInterval=10 -o ServerAliveCountMax=3 -o ConnectTimeout=15 -o PasswordAuthentication=no -l ubuntu 51.250.67.240 -- rm -f ./592611429-detect_bundle.sh'
2025-03-08 20:13:35 - stop readFromStreams
2025-03-08 20:13:35 - Register stoppable: '/bin/ssh -C -o ControlMaster=auto -o ControlPersist=600s -o StrictHostKeyChecking=no -o UserKnownHostsFile=/dev/null -o GlobalKnownHostsFile=/dev/null -o ServerAliveInterval=10 -o ServerAliveCountMax=3 -o ConnectTimeout=15 -o PasswordAuthentication=no -l ubuntu 51.250.67.240 -- rm -f ./592611429-detect_bundle.sh'
2025-03-08 20:13:35 - Starting close piped
2025-03-08 20:13:35 - Stop close piped
2025-03-08 20:13:35 - Detected bundle: ubuntu-lts
2025-03-08 20:13:35 - End process Detect Bashible Bundle2025-03-08 20:13:35 - Rendered templates directory /tmp/candi-bundle-3810097741
2025-03-08 20:13:35 - Start process Preparing bootstrap2025-03-08 20:13:35 - registry data: {registry.deckhouse.io /deckhouse/ce https  eyJhdXRocyI6IHsgInJlZ2lzdHJ5LmRlY2tob3VzZS5pbyI6IHt9fX0=}
2025-03-08 20:13:35 - parse registry data: dockerCfg after base64 decode = {"auths": { "registry.deckhouse.io": {}}}
2025-03-08 20:13:35 - auth or username with password not found in dockerCfg {"auths": { "registry.deckhouse.io": {}}} for registry.deckhouse.io. Use empty string2025-03-08 20:13:35 - Start process Render bootstrap templates2025-03-08 20:13:35 - From "/deckhouse/candi/bashible/bootstrap" to "/bootstrap"
2025-03-08 20:13:35 - From "/deckhouse/candi/cloud-providers/yandex/bashible/common-steps" to "/bootstrap"
2025-03-08 20:13:35 - End process Render bootstrap templates2025-03-08 20:13:35 - Start process Prepare /opt/deckhouse2025-03-08 20:13:35 - Starting NodeInterfaceWrapper.command
2025-03-08 20:13:35 - SSH arguments [-C -o ControlMaster=auto -o ControlPersist=600s -o StrictHostKeyChecking=no -o UserKnownHostsFile=/dev/null -o GlobalKnownHostsFile=/dev/null -o ServerAliveInterval=10 -o ServerAliveCountMax=3 -o ConnectTimeout=15 -o PasswordAuthentication=no -l ubuntu 51.250.67.240 -- sh -c "umask 0022 ; mkdir -p -m 0755 /opt/deckhouse/bin"]
2025-03-08 20:13:35 - Stop NodeInterfaceWrapper.command
2025-03-08 20:13:35 - SSH arguments [-C -o ControlMaster=auto -o ControlPersist=600s -o StrictHostKeyChecking=no -o UserKnownHostsFile=/dev/null -o GlobalKnownHostsFile=/dev/null -o ServerAliveInterval=10 -o ServerAliveCountMax=3 -o ConnectTimeout=15 -o PasswordAuthentication=no -t -t -l ubuntu 51.250.67.240 -- sudo -p SudoPassword -H -S -i bash -c 'echo SUDO-SUCCESS && sh -c "umask 0022 ; mkdir -p -m 0755 /opt/deckhouse/bin"']
2025-03-08 20:13:35 - executor: run '/bin/ssh -C -o ControlMaster=auto -o ControlPersist=600s -o StrictHostKeyChecking=no -o UserKnownHostsFile=/dev/null -o GlobalKnownHostsFile=/dev/null -o ServerAliveInterval=10 -o ServerAliveCountMax=3 -o ConnectTimeout=15 -o PasswordAuthentication=no -t -t -l ubuntu 51.250.67.240 -- sudo -p SudoPassword -H -S -i bash -c 'echo SUDO-SUCCESS && sh -c "umask 0022 ; mkdir -p -m 0755 /opt/deckhouse/bin"''
2025-03-08 20:13:35 - executor: start '/bin/ssh -C -o ControlMaster=auto -o ControlPersist=600s -o StrictHostKeyChecking=no -o UserKnownHostsFile=/dev/null -o GlobalKnownHostsFile=/dev/null -o ServerAliveInterval=10 -o ServerAliveCountMax=3 -o ConnectTimeout=15 -o PasswordAuthentication=no -t -t -l ubuntu 51.250.67.240 -- sudo -p SudoPassword -H -S -i bash -c 'echo SUDO-SUCCESS && sh -c "umask 0022 ; mkdir -p -m 0755 /opt/deckhouse/bin"''
2025-03-08 20:13:35 - Start read from streams for command:  /bin/ssh -C -o ControlMaster=auto -o ControlPersist=600s -o StrictHostKeyChecking=no -o UserKnownHostsFile=/dev/null -o GlobalKnownHostsFile=/dev/null -o ServerAliveInterval=10 -o ServerAliveCountMax=3 -o ConnectTimeout=15 -o PasswordAuthentication=no -t -t -l ubuntu 51.250.67.240 -- sudo -p SudoPassword -H -S -i bash -c 'echo SUDO-SUCCESS && sh -c "umask 0022 ; mkdir -p -m 0755 /opt/deckhouse/bin"'
2025-03-08 20:13:35 - Register stoppable: '/bin/ssh -C -o ControlMaster=auto -o ControlPersist=600s -o StrictHostKeyChecking=no -o UserKnownHostsFile=/dev/null -o GlobalKnownHostsFile=/dev/null -o ServerAliveInterval=10 -o ServerAliveCountMax=3 -o ConnectTimeout=15 -o PasswordAuthentication=no -t -t -l ubuntu 51.250.67.240 -- sudo -p SudoPassword -H -S -i bash -c 'echo SUDO-SUCCESS && sh -c "umask 0022 ; mkdir -p -m 0755 /opt/deckhouse/bin"''
2025-03-08 20:13:39 - Starting close piped
2025-03-08 20:13:39 - Stop close piped
2025-03-08 20:13:39 - readFromStreams: EOF
2025-03-08 20:13:39 - stop readFromStreams
2025-03-08 20:13:39 - Succeeded!
2025-03-08 20:13:39 - End process Prepare /opt/deckhouse2025-03-08 20:13:39 - Start process Prepare /opt/deckhouse/tmp2025-03-08 20:13:39 - Starting NodeInterfaceWrapper.command
2025-03-08 20:13:39 - SSH arguments [-C -o ControlMaster=auto -o ControlPersist=600s -o StrictHostKeyChecking=no -o UserKnownHostsFile=/dev/null -o GlobalKnownHostsFile=/dev/null -o ServerAliveInterval=10 -o ServerAliveCountMax=3 -o ConnectTimeout=15 -o PasswordAuthentication=no -l ubuntu 51.250.67.240 -- sh -c "umask 0022 ; mkdir -p -m 1777 /opt/deckhouse/tmp"]
2025-03-08 20:13:39 - Stop NodeInterfaceWrapper.command
2025-03-08 20:13:39 - SSH arguments [-C -o ControlMaster=auto -o ControlPersist=600s -o StrictHostKeyChecking=no -o UserKnownHostsFile=/dev/null -o GlobalKnownHostsFile=/dev/null -o ServerAliveInterval=10 -o ServerAliveCountMax=3 -o ConnectTimeout=15 -o PasswordAuthentication=no -t -t -l ubuntu 51.250.67.240 -- sudo -p SudoPassword -H -S -i bash -c 'echo SUDO-SUCCESS && sh -c "umask 0022 ; mkdir -p -m 1777 /opt/deckhouse/tmp"']
2025-03-08 20:13:39 - executor: run '/bin/ssh -C -o ControlMaster=auto -o ControlPersist=600s -o StrictHostKeyChecking=no -o UserKnownHostsFile=/dev/null -o GlobalKnownHostsFile=/dev/null -o ServerAliveInterval=10 -o ServerAliveCountMax=3 -o ConnectTimeout=15 -o PasswordAuthentication=no -t -t -l ubuntu 51.250.67.240 -- sudo -p SudoPassword -H -S -i bash -c 'echo SUDO-SUCCESS && sh -c "umask 0022 ; mkdir -p -m 1777 /opt/deckhouse/tmp"''
2025-03-08 20:13:39 - executor: start '/bin/ssh -C -o ControlMaster=auto -o ControlPersist=600s -o StrictHostKeyChecking=no -o UserKnownHostsFile=/dev/null -o GlobalKnownHostsFile=/dev/null -o ServerAliveInterval=10 -o ServerAliveCountMax=3 -o ConnectTimeout=15 -o PasswordAuthentication=no -t -t -l ubuntu 51.250.67.240 -- sudo -p SudoPassword -H -S -i bash -c 'echo SUDO-SUCCESS && sh -c "umask 0022 ; mkdir -p -m 1777 /opt/deckhouse/tmp"''
2025-03-08 20:13:39 - Start read from streams for command:  /bin/ssh -C -o ControlMaster=auto -o ControlPersist=600s -o StrictHostKeyChecking=no -o UserKnownHostsFile=/dev/null -o GlobalKnownHostsFile=/dev/null -o ServerAliveInterval=10 -o ServerAliveCountMax=3 -o ConnectTimeout=15 -o PasswordAuthentication=no -t -t -l ubuntu 51.250.67.240 -- sudo -p SudoPassword -H -S -i bash -c 'echo SUDO-SUCCESS && sh -c "umask 0022 ; mkdir -p -m 1777 /opt/deckhouse/tmp"'
2025-03-08 20:13:39 - Register stoppable: '/bin/ssh -C -o ControlMaster=auto -o ControlPersist=600s -o StrictHostKeyChecking=no -o UserKnownHostsFile=/dev/null -o GlobalKnownHostsFile=/dev/null -o ServerAliveInterval=10 -o ServerAliveCountMax=3 -o ConnectTimeout=15 -o PasswordAuthentication=no -t -t -l ubuntu 51.250.67.240 -- sudo -p SudoPassword -H -S -i bash -c 'echo SUDO-SUCCESS && sh -c "umask 0022 ; mkdir -p -m 1777 /opt/deckhouse/tmp"''
2025-03-08 20:13:40 - Starting close piped
2025-03-08 20:13:40 - Stop close piped
2025-03-08 20:13:40 - readFromStreams: EOF
2025-03-08 20:13:40 - stop readFromStreams
2025-03-08 20:13:40 - Succeeded!
2025-03-08 20:13:40 - End process Prepare /opt/deckhouse/tmp2025-03-08 20:13:40 - Start process Prepare /opt/deckhouse/first-control-plane-bashible-ran2025-03-08 20:13:40 - Starting NodeInterfaceWrapper.command
2025-03-08 20:13:40 - SSH arguments [-C -o ControlMaster=auto -o ControlPersist=600s -o StrictHostKeyChecking=no -o UserKnownHostsFile=/dev/null -o GlobalKnownHostsFile=/dev/null -o ServerAliveInterval=10 -o ServerAliveCountMax=3 -o ConnectTimeout=15 -o PasswordAuthentication=no -l ubuntu 51.250.67.240 -- touch /opt/deckhouse/first-control-plane-bashible-ran]
2025-03-08 20:13:40 - Stop NodeInterfaceWrapper.command
2025-03-08 20:13:40 - SSH arguments [-C -o ControlMaster=auto -o ControlPersist=600s -o StrictHostKeyChecking=no -o UserKnownHostsFile=/dev/null -o GlobalKnownHostsFile=/dev/null -o ServerAliveInterval=10 -o ServerAliveCountMax=3 -o ConnectTimeout=15 -o PasswordAuthentication=no -t -t -l ubuntu 51.250.67.240 -- sudo -p SudoPassword -H -S -i bash -c 'echo SUDO-SUCCESS && touch /opt/deckhouse/first-control-plane-bashible-ran']
2025-03-08 20:13:40 - executor: run '/bin/ssh -C -o ControlMaster=auto -o ControlPersist=600s -o StrictHostKeyChecking=no -o UserKnownHostsFile=/dev/null -o GlobalKnownHostsFile=/dev/null -o ServerAliveInterval=10 -o ServerAliveCountMax=3 -o ConnectTimeout=15 -o PasswordAuthentication=no -t -t -l ubuntu 51.250.67.240 -- sudo -p SudoPassword -H -S -i bash -c 'echo SUDO-SUCCESS && touch /opt/deckhouse/first-control-plane-bashible-ran''
2025-03-08 20:13:40 - executor: start '/bin/ssh -C -o ControlMaster=auto -o ControlPersist=600s -o StrictHostKeyChecking=no -o UserKnownHostsFile=/dev/null -o GlobalKnownHostsFile=/dev/null -o ServerAliveInterval=10 -o ServerAliveCountMax=3 -o ConnectTimeout=15 -o PasswordAuthentication=no -t -t -l ubuntu 51.250.67.240 -- sudo -p SudoPassword -H -S -i bash -c 'echo SUDO-SUCCESS && touch /opt/deckhouse/first-control-plane-bashible-ran''
2025-03-08 20:13:40 - Start read from streams for command:  /bin/ssh -C -o ControlMaster=auto -o ControlPersist=600s -o StrictHostKeyChecking=no -o UserKnownHostsFile=/dev/null -o GlobalKnownHostsFile=/dev/null -o ServerAliveInterval=10 -o ServerAliveCountMax=3 -o ConnectTimeout=15 -o PasswordAuthentication=no -t -t -l ubuntu 51.250.67.240 -- sudo -p SudoPassword -H -S -i bash -c 'echo SUDO-SUCCESS && touch /opt/deckhouse/first-control-plane-bashible-ran'
2025-03-08 20:13:40 - Register stoppable: '/bin/ssh -C -o ControlMaster=auto -o ControlPersist=600s -o StrictHostKeyChecking=no -o UserKnownHostsFile=/dev/null -o GlobalKnownHostsFile=/dev/null -o ServerAliveInterval=10 -o ServerAliveCountMax=3 -o ConnectTimeout=15 -o PasswordAuthentication=no -t -t -l ubuntu 51.250.67.240 -- sudo -p SudoPassword -H -S -i bash -c 'echo SUDO-SUCCESS && touch /opt/deckhouse/first-control-plane-bashible-ran''
2025-03-08 20:13:40 - Starting close piped
2025-03-08 20:13:40 - Stop close piped
2025-03-08 20:13:40 - Succeeded!
2025-03-08 20:13:40 - readFromStreams: EOF
2025-03-08 20:13:40 - stop readFromStreams
2025-03-08 20:13:40 - End process Prepare /opt/deckhouse/first-control-plane-bashible-ran2025-03-08 20:13:40 - End process Preparing bootstrap2025-03-08 20:13:40 - Starting reverse tunnel routine
2025-03-08 20:13:40 - Start render proxy reverse tunnel open script
2025-03-08 20:13:40 - Render and save template content:
#!/usr/bin/env bash


function check_python() {
  for pybin in python3 python2 python; do
    if command -v "$pybin" >/dev/null 2>&1; then
      python_binary="$pybin"
      return 0
    fi
  done
  echo "Python not found, exiting..."
  return 1
}


cat - <<EOF | $python_binary
import ssl
try:
    from urllib.request import urlopen, Request
except ImportError as e:
    from urllib2 import urlopen, Request

ssl._create_default_https_context = ssl._create_unverified_context
request = Request('https://localhost:5444/healthz')
res = False
try:
    response = urlopen(request, timeout=5)
    res = True if response else False
except Exception as err:
    res = False

exit(0) if res else exit(1)

EOF


2025-03-08 20:13:40 - Start render kill reverse tunnel script
2025-03-08 20:13:40 - Render and save template content:
#!/usr/bin/env bash


function check_python() {
  for pybin in python3 python2 python; do
    if command -v "$pybin" >/dev/null 2>&1; then
      python_binary="$pybin"
      return 0
    fi
  done
  echo "Python not found, exiting..."
  return 1
}


cat - <<EOF | $python_binary
import pwd
import os
import re
import glob
import signal

PROC_TCP = "/proc/net/tcp"
STATE = {
        '01':'ESTABLISHED',
        '02':'SYN_SENT',
        '03':'SYN_RECV',
        '04':'FIN_WAIT1',
        '05':'FIN_WAIT2',
        '06':'TIME_WAIT',
        '07':'CLOSE',
        '08':'CLOSE_WAIT',
        '09':'LAST_ACK',
        '0A':'LISTEN',
        '0B':'CLOSING'
        }

def _load():
    with open(PROC_TCP,'r') as f:
        content = f.readlines()
        content.pop(0)
    return content

def _hex2dec(s):
    return str(int(s,16))

def _ip(s):
    ip = [(_hex2dec(s[6:8])),(_hex2dec(s[4:6])),(_hex2dec(s[2:4])),(_hex2dec(s[0:2]))]
    return '.'.join(ip)

def _remove_empty(array):
    return [x for x in array if x !='']

def _convert_ip_port(array):
    host,port = array.split(':')
    return _ip(host),_hex2dec(port)

def get_pid_for_listen_port(host, port):
    content=_load()
    for line in content:
        line_array = _remove_empty(line.split(' '))
        l_host,l_port = _convert_ip_port(line_array[1])
        if l_host != host or l_port != port:
            continue
        state = STATE[line_array[3]]
        if state != 'LISTEN':
            continue
        inode = line_array[9]
        pid = _get_pid_of_inode(inode)

        return pid
    return ''

def _get_pid_of_inode(inode):
    for item in glob.glob('/proc/[0-9]*/fd/[0-9]*'):
        try:
            if re.search(inode,os.readlink(item)):
                return item.split('/')[2]
        except:
            pass
    return ''

if __name__ == '__main__':
    pid = get_pid_for_listen_port('127.0.0.1', '5444')
    print(pid)
    if pid == '':
        print('Port not fount')
        exit(0)
    try:
        os.kill(int(pid), signal.SIGKILL)
    except Exeption as e:
        print(e)

    exit(0)

EOF


2025-03-08 20:13:40 - [8061704579838230123] Start reverse tunnel
2025-03-08 20:13:40 - SSH arguments [-C -o ControlMaster=auto -o ControlPersist=600s -o StrictHostKeyChecking=no -o UserKnownHostsFile=/dev/null -o GlobalKnownHostsFile=/dev/null -o ServerAliveInterval=10 -o ServerAliveCountMax=3 -o ConnectTimeout=15 -o PasswordAuthentication=no -N -n -R 127.0.0.1:5444:127.0.0.1:5444 -o ExitOnForwardFailure=yes -l ubuntu 51.250.67.240]
2025-03-08 20:13:40 - Start process Prepare Bashible Bundle2025-03-08 20:13:40 - registry data: {registry.deckhouse.io /deckhouse/ce https  eyJhdXRocyI6IHsgInJlZ2lzdHJ5LmRlY2tob3VzZS5pbyI6IHt9fX0=}
2025-03-08 20:13:40 - parse registry data: dockerCfg after base64 decode = {"auths": { "registry.deckhouse.io": {}}}
2025-03-08 20:13:40 - auth or username with password not found in dockerCfg {"auths": { "registry.deckhouse.io": {}}} for registry.deckhouse.io. Use empty string2025-03-08 20:13:40 - [8061704579838230123] Reverse tunnel started. Wait stop tunnel...
2025-03-08 20:13:40 - Start health monitor
2025-03-08 20:13:40 - [-1] Start Check reverse tunnel
2025-03-08 20:13:40 - executor: run '/bin/scp -S //bin/ssh -C -o ControlMaster=auto -o ControlPersist=600s -o StrictHostKeyChecking=no -o UserKnownHostsFile=/dev/null -o GlobalKnownHostsFile=/dev/null -o PasswordAuthentication=no -o ServerAliveInterval=10 -o ServerAliveCountMax=3 -o ConnectTimeout=15 -p /tmp/1750834742-check_reverse_tunnel_open.sh ubuntu@51.250.67.240:/opt/deckhouse/tmp/1750834742-check_reverse_tunnel_open.sh'
2025-03-08 20:13:40 - executor: start '/bin/scp -S //bin/ssh -C -o ControlMaster=auto -o ControlPersist=600s -o StrictHostKeyChecking=no -o UserKnownHostsFile=/dev/null -o GlobalKnownHostsFile=/dev/null -o PasswordAuthentication=no -o ServerAliveInterval=10 -o ServerAliveCountMax=3 -o ConnectTimeout=15 -p /tmp/1750834742-check_reverse_tunnel_open.sh ubuntu@51.250.67.240:/opt/deckhouse/tmp/1750834742-check_reverse_tunnel_open.sh'
2025-03-08 20:13:40 - Start read from streams for command:  /bin/scp -S //bin/ssh -C -o ControlMaster=auto -o ControlPersist=600s -o StrictHostKeyChecking=no -o UserKnownHostsFile=/dev/null -o GlobalKnownHostsFile=/dev/null -o PasswordAuthentication=no -o ServerAliveInterval=10 -o ServerAliveCountMax=3 -o ConnectTimeout=15 -p /tmp/1750834742-check_reverse_tunnel_open.sh ubuntu@51.250.67.240:/opt/deckhouse/tmp/1750834742-check_reverse_tunnel_open.sh
2025-03-08 20:13:40 - Start reading from stderr pipe
2025-03-08 20:13:40 - Register stoppable: '/bin/scp -S //bin/ssh -C -o ControlMaster=auto -o ControlPersist=600s -o StrictHostKeyChecking=no -o UserKnownHostsFile=/dev/null -o GlobalKnownHostsFile=/dev/null -o PasswordAuthentication=no -o ServerAliveInterval=10 -o ServerAliveCountMax=3 -o ConnectTimeout=15 -p /tmp/1750834742-check_reverse_tunnel_open.sh ubuntu@51.250.67.240:/opt/deckhouse/tmp/1750834742-check_reverse_tunnel_open.sh'
2025-03-08 20:13:40 - Data kubeadm
bashible: <hidden>
clusterConfiguration:
  apiVersion: deckhouse.io/v1
  cloud:
    prefix: cloud-demo
    provider: Yandex
  clusterDomain: cluster.local
  clusterType: Cloud
  defaultCRI: Containerd
  kind: ClusterConfiguration
  kubernetesVersion: "1.29"
  podSubnetCIDR: 10.111.0.0/16
  podSubnetNodeCIDRPrefix: "24"
  serviceSubnetCIDR: 10.222.0.0/16
d8:
  d8CliVersion: v0.8.0
extraArgs: {}
images: <hidden>
k8s: <hidden>
nodeIP: $MY_IP
registry:
  address: registry.deckhouse.io
  auth: ""
  ca: ""
  dockerCfg: eyJhdXRocyI6IHsgInJlZ2lzdHJ5LmRlY2tob3VzZS5pbyI6IHt9fX0=
  path: /deckhouse/ce
  scheme: https
runType: ClusterBootstrap
2025-03-08 20:13:40 - registry data: {registry.deckhouse.io /deckhouse/ce https  eyJhdXRocyI6IHsgInJlZ2lzdHJ5LmRlY2tob3VzZS5pbyI6IHt9fX0=}
2025-03-08 20:13:40 - parse registry data: dockerCfg after base64 decode = {"auths": { "registry.deckhouse.io": {}}}
2025-03-08 20:13:40 - auth or username with password not found in dockerCfg {"auths": { "registry.deckhouse.io": {}}} for registry.deckhouse.io. Use empty string2025-03-08 20:13:40 - Data bashible
bashible: <hidden>
bundle: ubuntu-lts
clusterBootstrap:
  cloud:
    nodeIP: 10.241.32.4
  clusterDNSAddress: 10.222.0.10
  clusterDomain: cluster.local
cri: Containerd
d8:
  d8CliVersion: v0.8.0
images: <hidden>
k8s: <hidden>
kubernetesVersion: "1.29"
nodeGroup:
  cloudInstances:
    classReference:
      name: master
  name: master
  nodeType: CloudPermanent
packagesProxy:
  addresses:
  - 127.0.0.1:5444
provider: yandex
proxy: {}
registry:
  address: registry.deckhouse.io
  auth: ""
  ca: ""
  dockerCfg: eyJhdXRocyI6IHsgInJlZ2lzdHJ5LmRlY2tob3VzZS5pbyI6IHt9fX0=
  path: /deckhouse/ce
  scheme: https
runType: ClusterBootstrap
2025-03-08 20:13:40 - From "/deckhouse/candi/bashible" to "/var/lib/bashible"
2025-03-08 20:13:40 - From "/deckhouse/candi/bashible/common-steps/all" to "/var/lib/bashible/bundle_steps"
2025-03-08 20:13:40 - From "/deckhouse/candi/bashible/common-steps/cluster-bootstrap" to "/var/lib/bashible/bundle_steps"
2025-03-08 20:13:40 - From "/deckhouse/candi/cloud-providers/yandex/bashible/common-steps/all" to "/var/lib/bashible/bundle_steps"
2025-03-08 20:13:40 - From "/deckhouse/candi/cloud-providers/yandex/bashible/common-steps/cluster-bootstrap" to "/var/lib/bashible/bundle_steps"
2025-03-08 20:13:40 - Templates directory "/deckhouse/candi/cloud-providers/yandex/bashible/common-steps/cluster-bootstrap" does not exist. Skipping...
2025-03-08 20:13:40 - Create "/tmp/candi-bundle-3810097741/var/lib/bashible/first_run"
2025-03-08 20:13:40 - Create "/tmp/candi-bundle-3810097741/var/lib/bashible/kubernetes_data_device_path"
2025-03-08 20:13:40 - From "/deckhouse/candi/control-plane-kubeadm" to "/var/lib/bashible/kubeadm"
2025-03-08 20:13:40 - From "/deckhouse/candi/control-plane-kubeadm/patches" to "/var/lib/bashible/kubeadm/patches"
2025-03-08 20:13:40 - From "/deckhouse/candi/bashible/bashbooster" to "/var/lib/bashible"
2025-03-08 20:13:40 - End process Prepare Bashible Bundle2025-03-08 20:13:40 - teardown callback 'Delete templates temporary directory' added, callbacks in queue: 11
2025-03-08 20:13:40 - Start process Initial bootstrap2025-03-08 20:13:40 - Start process Execute 01-network-scripts.sh2025-03-08 20:13:40 - Starting NodeInterfaceWrapper.UploadScript
2025-03-08 20:13:40 - Stop NodeInterfaceWrapper.UploadScript
2025-03-08 20:13:40 - executor: run '/bin/scp -S //bin/ssh -C -o ControlMaster=auto -o ControlPersist=600s -o StrictHostKeyChecking=no -o UserKnownHostsFile=/dev/null -o GlobalKnownHostsFile=/dev/null -o PasswordAuthentication=no -o ServerAliveInterval=10 -o ServerAliveCountMax=3 -o ConnectTimeout=15 -p /tmp/candi-bundle-3810097741/bootstrap/01-network-scripts.sh ubuntu@51.250.67.240:/opt/deckhouse/tmp/01-network-scripts.sh'
2025-03-08 20:13:40 - executor: start '/bin/scp -S //bin/ssh -C -o ControlMaster=auto -o ControlPersist=600s -o StrictHostKeyChecking=no -o UserKnownHostsFile=/dev/null -o GlobalKnownHostsFile=/dev/null -o PasswordAuthentication=no -o ServerAliveInterval=10 -o ServerAliveCountMax=3 -o ConnectTimeout=15 -p /tmp/candi-bundle-3810097741/bootstrap/01-network-scripts.sh ubuntu@51.250.67.240:/opt/deckhouse/tmp/01-network-scripts.sh'
2025-03-08 20:13:40 - Start read from streams for command:  /bin/scp -S //bin/ssh -C -o ControlMaster=auto -o ControlPersist=600s -o StrictHostKeyChecking=no -o UserKnownHostsFile=/dev/null -o GlobalKnownHostsFile=/dev/null -o PasswordAuthentication=no -o ServerAliveInterval=10 -o ServerAliveCountMax=3 -o ConnectTimeout=15 -p /tmp/candi-bundle-3810097741/bootstrap/01-network-scripts.sh ubuntu@51.250.67.240:/opt/deckhouse/tmp/01-network-scripts.sh
2025-03-08 20:13:40 - Start reading from stderr pipe
2025-03-08 20:13:40 - Register stoppable: '/bin/scp -S //bin/ssh -C -o ControlMaster=auto -o ControlPersist=600s -o StrictHostKeyChecking=no -o UserKnownHostsFile=/dev/null -o GlobalKnownHostsFile=/dev/null -o PasswordAuthentication=no -o ServerAliveInterval=10 -o ServerAliveCountMax=3 -o ConnectTimeout=15 -p /tmp/candi-bundle-3810097741/bootstrap/01-network-scripts.sh ubuntu@51.250.67.240:/opt/deckhouse/tmp/01-network-scripts.sh'
2025-03-08 20:13:41 - Starting close piped
2025-03-08 20:13:41 - Stop close piped
2025-03-08 20:13:41 - readFromStreams: EOF
2025-03-08 20:13:41 - stop readFromStreams
2025-03-08 20:13:41 - Stop reading from stderr pipe
2025-03-08 20:13:41 - SSH arguments [-C -o ControlMaster=auto -o ControlPersist=600s -o StrictHostKeyChecking=no -o UserKnownHostsFile=/dev/null -o GlobalKnownHostsFile=/dev/null -o ServerAliveInterval=10 -o ServerAliveCountMax=3 -o ConnectTimeout=15 -o PasswordAuthentication=no -l ubuntu 51.250.67.240 -- /opt/deckhouse/tmp/1750834742-check_reverse_tunnel_open.sh]
2025-03-08 20:13:41 - SSH arguments [-C -o ControlMaster=auto -o ControlPersist=600s -o StrictHostKeyChecking=no -o UserKnownHostsFile=/dev/null -o GlobalKnownHostsFile=/dev/null -o ServerAliveInterval=10 -o ServerAliveCountMax=3 -o ConnectTimeout=15 -o PasswordAuthentication=no -t -t -l ubuntu 51.250.67.240 -- sudo -p SudoPassword -H -S -i bash -c 'echo SUDO-SUCCESS && /opt/deckhouse/tmp/1750834742-check_reverse_tunnel_open.sh ']
2025-03-08 20:13:41 - executor: run '/bin/ssh -C -o ControlMaster=auto -o ControlPersist=600s -o StrictHostKeyChecking=no -o UserKnownHostsFile=/dev/null -o GlobalKnownHostsFile=/dev/null -o ServerAliveInterval=10 -o ServerAliveCountMax=3 -o ConnectTimeout=15 -o PasswordAuthentication=no -t -t -l ubuntu 51.250.67.240 -- sudo -p SudoPassword -H -S -i bash -c 'echo SUDO-SUCCESS && /opt/deckhouse/tmp/1750834742-check_reverse_tunnel_open.sh ''
2025-03-08 20:13:41 - executor: start '/bin/ssh -C -o ControlMaster=auto -o ControlPersist=600s -o StrictHostKeyChecking=no -o UserKnownHostsFile=/dev/null -o GlobalKnownHostsFile=/dev/null -o ServerAliveInterval=10 -o ServerAliveCountMax=3 -o ConnectTimeout=15 -o PasswordAuthentication=no -t -t -l ubuntu 51.250.67.240 -- sudo -p SudoPassword -H -S -i bash -c 'echo SUDO-SUCCESS && /opt/deckhouse/tmp/1750834742-check_reverse_tunnel_open.sh ''
2025-03-08 20:13:41 - Start read from streams for command:  /bin/ssh -C -o ControlMaster=auto -o ControlPersist=600s -o StrictHostKeyChecking=no -o UserKnownHostsFile=/dev/null -o GlobalKnownHostsFile=/dev/null -o ServerAliveInterval=10 -o ServerAliveCountMax=3 -o ConnectTimeout=15 -o PasswordAuthentication=no -t -t -l ubuntu 51.250.67.240 -- sudo -p SudoPassword -H -S -i bash -c 'echo SUDO-SUCCESS && /opt/deckhouse/tmp/1750834742-check_reverse_tunnel_open.sh '
2025-03-08 20:13:41 - Start reading from stderr pipe
2025-03-08 20:13:41 - Register stoppable: '/bin/ssh -C -o ControlMaster=auto -o ControlPersist=600s -o StrictHostKeyChecking=no -o UserKnownHostsFile=/dev/null -o GlobalKnownHostsFile=/dev/null -o ServerAliveInterval=10 -o ServerAliveCountMax=3 -o ConnectTimeout=15 -o PasswordAuthentication=no -t -t -l ubuntu 51.250.67.240 -- sudo -p SudoPassword -H -S -i bash -c 'echo SUDO-SUCCESS && /opt/deckhouse/tmp/1750834742-check_reverse_tunnel_open.sh ''
2025-03-08 20:13:41 - Starting close piped
2025-03-08 20:13:41 - Stop close piped
2025-03-08 20:13:41 - Stop reading from stderr pipe
2025-03-08 20:13:41 - SSH arguments [-C -o ControlMaster=auto -o ControlPersist=600s -o StrictHostKeyChecking=no -o UserKnownHostsFile=/dev/null -o GlobalKnownHostsFile=/dev/null -o ServerAliveInterval=10 -o ServerAliveCountMax=3 -o ConnectTimeout=15 -o PasswordAuthentication=no -l ubuntu 51.250.67.240 -- /opt/deckhouse/tmp/01-network-scripts.sh]
2025-03-08 20:13:41 - SSH arguments [-C -o ControlMaster=auto -o ControlPersist=600s -o StrictHostKeyChecking=no -o UserKnownHostsFile=/dev/null -o GlobalKnownHostsFile=/dev/null -o ServerAliveInterval=10 -o ServerAliveCountMax=3 -o ConnectTimeout=15 -o PasswordAuthentication=no -t -t -l ubuntu 51.250.67.240 -- sudo -p SudoPassword -H -S -i bash -c 'echo SUDO-SUCCESS && /opt/deckhouse/tmp/01-network-scripts.sh ']
2025-03-08 20:13:41 - executor: run '/bin/ssh -C -o ControlMaster=auto -o ControlPersist=600s -o StrictHostKeyChecking=no -o UserKnownHostsFile=/dev/null -o GlobalKnownHostsFile=/dev/null -o ServerAliveInterval=10 -o ServerAliveCountMax=3 -o ConnectTimeout=15 -o PasswordAuthentication=no -t -t -l ubuntu 51.250.67.240 -- sudo -p SudoPassword -H -S -i bash -c 'echo SUDO-SUCCESS && /opt/deckhouse/tmp/01-network-scripts.sh ''
2025-03-08 20:13:41 - executor: start '/bin/ssh -C -o ControlMaster=auto -o ControlPersist=600s -o StrictHostKeyChecking=no -o UserKnownHostsFile=/dev/null -o GlobalKnownHostsFile=/dev/null -o ServerAliveInterval=10 -o ServerAliveCountMax=3 -o ConnectTimeout=15 -o PasswordAuthentication=no -t -t -l ubuntu 51.250.67.240 -- sudo -p SudoPassword -H -S -i bash -c 'echo SUDO-SUCCESS && /opt/deckhouse/tmp/01-network-scripts.sh ''
2025-03-08 20:13:41 - readFromStreams: EOF
2025-03-08 20:13:41 - stop readFromStreams
2025-03-08 20:13:41 - Start read from streams for command:  /bin/ssh -C -o ControlMaster=auto -o ControlPersist=600s -o StrictHostKeyChecking=no -o UserKnownHostsFile=/dev/null -o GlobalKnownHostsFile=/dev/null -o ServerAliveInterval=10 -o ServerAliveCountMax=3 -o ConnectTimeout=15 -o PasswordAuthentication=no -t -t -l ubuntu 51.250.67.240 -- sudo -p SudoPassword -H -S -i bash -c 'echo SUDO-SUCCESS && /opt/deckhouse/tmp/01-network-scripts.sh '
2025-03-08 20:13:41 - Start reading from stderr pipe
2025-03-08 20:13:41 - Register stoppable: '/bin/ssh -C -o ControlMaster=auto -o ControlPersist=600s -o StrictHostKeyChecking=no -o UserKnownHostsFile=/dev/null -o GlobalKnownHostsFile=/dev/null -o ServerAliveInterval=10 -o ServerAliveCountMax=3 -o ConnectTimeout=15 -o PasswordAuthentication=no -t -t -l ubuntu 51.250.67.240 -- sudo -p SudoPassword -H -S -i bash -c 'echo SUDO-SUCCESS && /opt/deckhouse/tmp/01-network-scripts.sh ''
2025-03-08 20:13:42 - Starting close piped
2025-03-08 20:13:42 - Stop close piped
2025-03-08 20:13:42 - Stop reading from stderr pipe
2025-03-08 20:13:42 - readFromStreams: EOF
2025-03-08 20:13:42 - stop readFromStreams
2025-03-08 20:13:42 - SSH arguments [-C -o ControlMaster=auto -o ControlPersist=600s -o StrictHostKeyChecking=no -o UserKnownHostsFile=/dev/null -o GlobalKnownHostsFile=/dev/null -o ServerAliveInterval=10 -o ServerAliveCountMax=3 -o ConnectTimeout=15 -o PasswordAuthentication=no -l ubuntu 51.250.67.240 -- rm -f /opt/deckhouse/tmp/1750834742-check_reverse_tunnel_open.sh]
2025-03-08 20:13:42 - executor: run '/bin/ssh -C -o ControlMaster=auto -o ControlPersist=600s -o StrictHostKeyChecking=no -o UserKnownHostsFile=/dev/null -o GlobalKnownHostsFile=/dev/null -o ServerAliveInterval=10 -o ServerAliveCountMax=3 -o ConnectTimeout=15 -o PasswordAuthentication=no -l ubuntu 51.250.67.240 -- rm -f /opt/deckhouse/tmp/1750834742-check_reverse_tunnel_open.sh'
2025-03-08 20:13:42 - executor: start '/bin/ssh -C -o ControlMaster=auto -o ControlPersist=600s -o StrictHostKeyChecking=no -o UserKnownHostsFile=/dev/null -o GlobalKnownHostsFile=/dev/null -o ServerAliveInterval=10 -o ServerAliveCountMax=3 -o ConnectTimeout=15 -o PasswordAuthentication=no -l ubuntu 51.250.67.240 -- rm -f /opt/deckhouse/tmp/1750834742-check_reverse_tunnel_open.sh'
2025-03-08 20:13:42 - stop readFromStreams
2025-03-08 20:13:42 - Register stoppable: '/bin/ssh -C -o ControlMaster=auto -o ControlPersist=600s -o StrictHostKeyChecking=no -o UserKnownHostsFile=/dev/null -o GlobalKnownHostsFile=/dev/null -o ServerAliveInterval=10 -o ServerAliveCountMax=3 -o ConnectTimeout=15 -o PasswordAuthentication=no -l ubuntu 51.250.67.240 -- rm -f /opt/deckhouse/tmp/1750834742-check_reverse_tunnel_open.sh'
2025-03-08 20:13:43 - Starting close piped
2025-03-08 20:13:43 - Stop close piped
2025-03-08 20:13:43 - [-1] Tunnel check successful!
2025-03-08 20:13:43 - Starting close piped
2025-03-08 20:13:43 - Stop close piped
2025-03-08 20:13:43 - Stop reading from stderr pipe
2025-03-08 20:13:43 - SSH arguments [-C -o ControlMaster=auto -o ControlPersist=600s -o StrictHostKeyChecking=no -o UserKnownHostsFile=/dev/null -o GlobalKnownHostsFile=/dev/null -o ServerAliveInterval=10 -o ServerAliveCountMax=3 -o ConnectTimeout=15 -o PasswordAuthentication=no -l ubuntu 51.250.67.240 -- rm -f /opt/deckhouse/tmp/01-network-scripts.sh]
2025-03-08 20:13:43 - readFromStreams: EOF
2025-03-08 20:13:43 - stop readFromStreams
2025-03-08 20:13:43 - executor: run '/bin/ssh -C -o ControlMaster=auto -o ControlPersist=600s -o StrictHostKeyChecking=no -o UserKnownHostsFile=/dev/null -o GlobalKnownHostsFile=/dev/null -o ServerAliveInterval=10 -o ServerAliveCountMax=3 -o ConnectTimeout=15 -o PasswordAuthentication=no -l ubuntu 51.250.67.240 -- rm -f /opt/deckhouse/tmp/01-network-scripts.sh'
2025-03-08 20:13:43 - executor: start '/bin/ssh -C -o ControlMaster=auto -o ControlPersist=600s -o StrictHostKeyChecking=no -o UserKnownHostsFile=/dev/null -o GlobalKnownHostsFile=/dev/null -o ServerAliveInterval=10 -o ServerAliveCountMax=3 -o ConnectTimeout=15 -o PasswordAuthentication=no -l ubuntu 51.250.67.240 -- rm -f /opt/deckhouse/tmp/01-network-scripts.sh'
2025-03-08 20:13:43 - stop readFromStreams
2025-03-08 20:13:43 - Register stoppable: '/bin/ssh -C -o ControlMaster=auto -o ControlPersist=600s -o StrictHostKeyChecking=no -o UserKnownHostsFile=/dev/null -o GlobalKnownHostsFile=/dev/null -o ServerAliveInterval=10 -o ServerAliveCountMax=3 -o ConnectTimeout=15 -o PasswordAuthentication=no -l ubuntu 51.250.67.240 -- rm -f /opt/deckhouse/tmp/01-network-scripts.sh'
2025-03-08 20:13:44 - Starting close piped
2025-03-08 20:13:44 - Stop close piped
2025-03-08 20:13:44 - Succeeded!
2025-03-08 20:13:44 - End process Execute 01-network-scripts.sh2025-03-08 20:13:44 - Start process Execute 02-base-pkgs.sh2025-03-08 20:13:44 - Starting NodeInterfaceWrapper.UploadScript
2025-03-08 20:13:44 - Stop NodeInterfaceWrapper.UploadScript
2025-03-08 20:13:44 - executor: run '/bin/scp -S //bin/ssh -C -o ControlMaster=auto -o ControlPersist=600s -o StrictHostKeyChecking=no -o UserKnownHostsFile=/dev/null -o GlobalKnownHostsFile=/dev/null -o PasswordAuthentication=no -o ServerAliveInterval=10 -o ServerAliveCountMax=3 -o ConnectTimeout=15 -p /tmp/candi-bundle-3810097741/bootstrap/02-base-pkgs.sh ubuntu@51.250.67.240:/opt/deckhouse/tmp/02-base-pkgs.sh'
2025-03-08 20:13:44 - executor: start '/bin/scp -S //bin/ssh -C -o ControlMaster=auto -o ControlPersist=600s -o StrictHostKeyChecking=no -o UserKnownHostsFile=/dev/null -o GlobalKnownHostsFile=/dev/null -o PasswordAuthentication=no -o ServerAliveInterval=10 -o ServerAliveCountMax=3 -o ConnectTimeout=15 -p /tmp/candi-bundle-3810097741/bootstrap/02-base-pkgs.sh ubuntu@51.250.67.240:/opt/deckhouse/tmp/02-base-pkgs.sh'
2025-03-08 20:13:44 - Start read from streams for command:  /bin/scp -S //bin/ssh -C -o ControlMaster=auto -o ControlPersist=600s -o StrictHostKeyChecking=no -o UserKnownHostsFile=/dev/null -o GlobalKnownHostsFile=/dev/null -o PasswordAuthentication=no -o ServerAliveInterval=10 -o ServerAliveCountMax=3 -o ConnectTimeout=15 -p /tmp/candi-bundle-3810097741/bootstrap/02-base-pkgs.sh ubuntu@51.250.67.240:/opt/deckhouse/tmp/02-base-pkgs.sh
2025-03-08 20:13:44 - Start reading from stderr pipe
2025-03-08 20:13:44 - Register stoppable: '/bin/scp -S //bin/ssh -C -o ControlMaster=auto -o ControlPersist=600s -o StrictHostKeyChecking=no -o UserKnownHostsFile=/dev/null -o GlobalKnownHostsFile=/dev/null -o PasswordAuthentication=no -o ServerAliveInterval=10 -o ServerAliveCountMax=3 -o ConnectTimeout=15 -p /tmp/candi-bundle-3810097741/bootstrap/02-base-pkgs.sh ubuntu@51.250.67.240:/opt/deckhouse/tmp/02-base-pkgs.sh'
2025-03-08 20:13:45 - Starting close piped
2025-03-08 20:13:45 - Stop close piped
2025-03-08 20:13:45 - SSH arguments [-C -o ControlMaster=auto -o ControlPersist=600s -o StrictHostKeyChecking=no -o UserKnownHostsFile=/dev/null -o GlobalKnownHostsFile=/dev/null -o ServerAliveInterval=10 -o ServerAliveCountMax=3 -o ConnectTimeout=15 -o PasswordAuthentication=no -l ubuntu 51.250.67.240 -- /opt/deckhouse/tmp/02-base-pkgs.sh]
2025-03-08 20:13:45 - Stop reading from stderr pipe
2025-03-08 20:13:45 - readFromStreams: EOF
2025-03-08 20:13:45 - stop readFromStreams
2025-03-08 20:13:45 - SSH arguments [-C -o ControlMaster=auto -o ControlPersist=600s -o StrictHostKeyChecking=no -o UserKnownHostsFile=/dev/null -o GlobalKnownHostsFile=/dev/null -o ServerAliveInterval=10 -o ServerAliveCountMax=3 -o ConnectTimeout=15 -o PasswordAuthentication=no -t -t -l ubuntu 51.250.67.240 -- sudo -p SudoPassword -H -S -i bash -c 'echo SUDO-SUCCESS && /opt/deckhouse/tmp/02-base-pkgs.sh ']
2025-03-08 20:13:45 - executor: run '/bin/ssh -C -o ControlMaster=auto -o ControlPersist=600s -o StrictHostKeyChecking=no -o UserKnownHostsFile=/dev/null -o GlobalKnownHostsFile=/dev/null -o ServerAliveInterval=10 -o ServerAliveCountMax=3 -o ConnectTimeout=15 -o PasswordAuthentication=no -t -t -l ubuntu 51.250.67.240 -- sudo -p SudoPassword -H -S -i bash -c 'echo SUDO-SUCCESS && /opt/deckhouse/tmp/02-base-pkgs.sh ''
2025-03-08 20:13:45 - executor: start '/bin/ssh -C -o ControlMaster=auto -o ControlPersist=600s -o StrictHostKeyChecking=no -o UserKnownHostsFile=/dev/null -o GlobalKnownHostsFile=/dev/null -o ServerAliveInterval=10 -o ServerAliveCountMax=3 -o ConnectTimeout=15 -o PasswordAuthentication=no -t -t -l ubuntu 51.250.67.240 -- sudo -p SudoPassword -H -S -i bash -c 'echo SUDO-SUCCESS && /opt/deckhouse/tmp/02-base-pkgs.sh ''
2025-03-08 20:13:45 - Start read from streams for command:  /bin/ssh -C -o ControlMaster=auto -o ControlPersist=600s -o StrictHostKeyChecking=no -o UserKnownHostsFile=/dev/null -o GlobalKnownHostsFile=/dev/null -o ServerAliveInterval=10 -o ServerAliveCountMax=3 -o ConnectTimeout=15 -o PasswordAuthentication=no -t -t -l ubuntu 51.250.67.240 -- sudo -p SudoPassword -H -S -i bash -c 'echo SUDO-SUCCESS && /opt/deckhouse/tmp/02-base-pkgs.sh '
2025-03-08 20:13:45 - Start reading from stderr pipe
2025-03-08 20:13:45 - Register stoppable: '/bin/ssh -C -o ControlMaster=auto -o ControlPersist=600s -o StrictHostKeyChecking=no -o UserKnownHostsFile=/dev/null -o GlobalKnownHostsFile=/dev/null -o ServerAliveInterval=10 -o ServerAliveCountMax=3 -o ConnectTimeout=15 -o PasswordAuthentication=no -t -t -l ubuntu 51.250.67.240 -- sudo -p SudoPassword -H -S -i bash -c 'echo SUDO-SUCCESS && /opt/deckhouse/tmp/02-base-pkgs.sh ''
2025-03-08 20:13:46 - Received request with digest "sha256:5a18fce2784a39db258dc2578b02a4e4e58d8aa19cf0814db7257ce764ea6bea" for repo __default__ from client 127.0.0.1:53744
2025-03-08 20:13:46 - Digest "sha256:5a18fce2784a39db258dc2578b02a4e4e58d8aa19cf0814db7257ce764ea6bea" not found in local cache, trying to fetch package from registry
2025-03-08 20:13:46 - stop line consumer for 'ssh'
2025-03-08 20:13:46 - Package for digest "sha256:5a18fce2784a39db258dc2578b02a4e4e58d8aa19cf0814db7257ce764ea6bea" sent successfully
2025-03-08 20:13:47 - Received request with digest "sha256:a3ac65f1fdbe8f6486045175f1cdf3f51d342c8ab8b59330e6da7c1bf098a0af" for repo __default__ from client 127.0.0.1:53752
2025-03-08 20:13:47 - Digest "sha256:a3ac65f1fdbe8f6486045175f1cdf3f51d342c8ab8b59330e6da7c1bf098a0af" not found in local cache, trying to fetch package from registry
2025-03-08 20:13:47 - Package for digest "sha256:a3ac65f1fdbe8f6486045175f1cdf3f51d342c8ab8b59330e6da7c1bf098a0af" sent successfully
2025-03-08 20:13:47 - Received request with digest "sha256:84063cb28a4f2470605566532bd7b2e5b68cb07e06186a081ac8669b873befdc" for repo __default__ from client 127.0.0.1:53760
2025-03-08 20:13:48 - Digest "sha256:84063cb28a4f2470605566532bd7b2e5b68cb07e06186a081ac8669b873befdc" not found in local cache, trying to fetch package from registry
2025-03-08 20:13:48 - Package for digest "sha256:84063cb28a4f2470605566532bd7b2e5b68cb07e06186a081ac8669b873befdc" sent successfully
2025-03-08 20:13:48 - Starting close piped
2025-03-08 20:13:48 - Stop close piped
2025-03-08 20:13:48 - Stop reading from stderr pipe
2025-03-08 20:13:48 - readFromStreams: EOF
2025-03-08 20:13:48 - stop readFromStreams
2025-03-08 20:13:48 - SSH arguments [-C -o ControlMaster=auto -o ControlPersist=600s -o StrictHostKeyChecking=no -o UserKnownHostsFile=/dev/null -o GlobalKnownHostsFile=/dev/null -o ServerAliveInterval=10 -o ServerAliveCountMax=3 -o ConnectTimeout=15 -o PasswordAuthentication=no -l ubuntu 51.250.67.240 -- rm -f /opt/deckhouse/tmp/02-base-pkgs.sh]
2025-03-08 20:13:48 - executor: run '/bin/ssh -C -o ControlMaster=auto -o ControlPersist=600s -o StrictHostKeyChecking=no -o UserKnownHostsFile=/dev/null -o GlobalKnownHostsFile=/dev/null -o ServerAliveInterval=10 -o ServerAliveCountMax=3 -o ConnectTimeout=15 -o PasswordAuthentication=no -l ubuntu 51.250.67.240 -- rm -f /opt/deckhouse/tmp/02-base-pkgs.sh'
2025-03-08 20:13:48 - executor: start '/bin/ssh -C -o ControlMaster=auto -o ControlPersist=600s -o StrictHostKeyChecking=no -o UserKnownHostsFile=/dev/null -o GlobalKnownHostsFile=/dev/null -o ServerAliveInterval=10 -o ServerAliveCountMax=3 -o ConnectTimeout=15 -o PasswordAuthentication=no -l ubuntu 51.250.67.240 -- rm -f /opt/deckhouse/tmp/02-base-pkgs.sh'
2025-03-08 20:13:48 - stop readFromStreams
2025-03-08 20:13:48 - Register stoppable: '/bin/ssh -C -o ControlMaster=auto -o ControlPersist=600s -o StrictHostKeyChecking=no -o UserKnownHostsFile=/dev/null -o GlobalKnownHostsFile=/dev/null -o ServerAliveInterval=10 -o ServerAliveCountMax=3 -o ConnectTimeout=15 -o PasswordAuthentication=no -l ubuntu 51.250.67.240 -- rm -f /opt/deckhouse/tmp/02-base-pkgs.sh'
2025-03-08 20:13:49 - Starting close piped
2025-03-08 20:13:49 - Stop close piped
2025-03-08 20:13:49 - Succeeded!
2025-03-08 20:13:49 - End process Execute 02-base-pkgs.sh2025-03-08 20:13:49 - End process Initial bootstrap2025-03-08 20:13:49 - Start process Execute bundle2025-03-08 20:13:49 - Check bundle routine start
2025-03-08 20:13:49 - Start process Checking bashible is ready2025-03-08 20:13:49 - Starting NodeInterfaceWrapper.command
2025-03-08 20:13:49 - SSH arguments [-C -o ControlMaster=auto -o ControlPersist=600s -o StrictHostKeyChecking=no -o UserKnownHostsFile=/dev/null -o GlobalKnownHostsFile=/dev/null -o ServerAliveInterval=10 -o ServerAliveCountMax=3 -o ConnectTimeout=15 -o PasswordAuthentication=no -l ubuntu 51.250.67.240 -- cat /opt/deckhouse/first-control-plane-bashible-ran]
2025-03-08 20:13:49 - Stop NodeInterfaceWrapper.command
2025-03-08 20:13:49 - SSH arguments [-C -o ControlMaster=auto -o ControlPersist=600s -o StrictHostKeyChecking=no -o UserKnownHostsFile=/dev/null -o GlobalKnownHostsFile=/dev/null -o ServerAliveInterval=10 -o ServerAliveCountMax=3 -o ConnectTimeout=15 -o PasswordAuthentication=no -t -t -l ubuntu 51.250.67.240 -- sudo -p SudoPassword -H -S -i bash -c 'echo SUDO-SUCCESS && cat /opt/deckhouse/first-control-plane-bashible-ran']
2025-03-08 20:13:49 - executor: run '/bin/ssh -C -o ControlMaster=auto -o ControlPersist=600s -o StrictHostKeyChecking=no -o UserKnownHostsFile=/dev/null -o GlobalKnownHostsFile=/dev/null -o ServerAliveInterval=10 -o ServerAliveCountMax=3 -o ConnectTimeout=15 -o PasswordAuthentication=no -t -t -l ubuntu 51.250.67.240 -- sudo -p SudoPassword -H -S -i bash -c 'echo SUDO-SUCCESS && cat /opt/deckhouse/first-control-plane-bashible-ran''
2025-03-08 20:13:49 - executor: start '/bin/ssh -C -o ControlMaster=auto -o ControlPersist=600s -o StrictHostKeyChecking=no -o UserKnownHostsFile=/dev/null -o GlobalKnownHostsFile=/dev/null -o ServerAliveInterval=10 -o ServerAliveCountMax=3 -o ConnectTimeout=15 -o PasswordAuthentication=no -t -t -l ubuntu 51.250.67.240 -- sudo -p SudoPassword -H -S -i bash -c 'echo SUDO-SUCCESS && cat /opt/deckhouse/first-control-plane-bashible-ran''
2025-03-08 20:13:49 - Start read from streams for command:  /bin/ssh -C -o ControlMaster=auto -o ControlPersist=600s -o StrictHostKeyChecking=no -o UserKnownHostsFile=/dev/null -o GlobalKnownHostsFile=/dev/null -o ServerAliveInterval=10 -o ServerAliveCountMax=3 -o ConnectTimeout=15 -o PasswordAuthentication=no -t -t -l ubuntu 51.250.67.240 -- sudo -p SudoPassword -H -S -i bash -c 'echo SUDO-SUCCESS && cat /opt/deckhouse/first-control-plane-bashible-ran'
2025-03-08 20:13:49 - Register stoppable: '/bin/ssh -C -o ControlMaster=auto -o ControlPersist=600s -o StrictHostKeyChecking=no -o UserKnownHostsFile=/dev/null -o GlobalKnownHostsFile=/dev/null -o ServerAliveInterval=10 -o ServerAliveCountMax=3 -o ConnectTimeout=15 -o PasswordAuthentication=no -t -t -l ubuntu 51.250.67.240 -- sudo -p SudoPassword -H -S -i bash -c 'echo SUDO-SUCCESS && cat /opt/deckhouse/first-control-plane-bashible-ran''
2025-03-08 20:13:49 - Starting close piped
2025-03-08 20:13:49 - Stop close piped
2025-03-08 20:13:49 - readFromStreams: EOF
2025-03-08 20:13:49 - stop readFromStreams
2025-03-08 20:13:49 - cat /opt/deckhouse/first-control-plane-bashible-ran stdout: ''
2025-03-08 20:13:49 - End process Checking bashible is ready2025-03-08 20:13:49 - Start process Cleanup previous bashible run if need2025-03-08 20:13:49 - Gettting bashible pids2025-03-08 20:13:49 - Starting NodeInterfaceWrapper.command
2025-03-08 20:13:49 - SSH arguments [-C -o ControlMaster=auto -o ControlPersist=600s -o StrictHostKeyChecking=no -o UserKnownHostsFile=/dev/null -o GlobalKnownHostsFile=/dev/null -o ServerAliveInterval=10 -o ServerAliveCountMax=3 -o ConnectTimeout=15 -o PasswordAuthentication=no -l ubuntu 51.250.67.240 -- bash -c ps a --no-headers -o args:64 -o "|%p"]
2025-03-08 20:13:49 - Stop NodeInterfaceWrapper.command
2025-03-08 20:13:49 - SSH arguments [-C -o ControlMaster=auto -o ControlPersist=600s -o StrictHostKeyChecking=no -o UserKnownHostsFile=/dev/null -o GlobalKnownHostsFile=/dev/null -o ServerAliveInterval=10 -o ServerAliveCountMax=3 -o ConnectTimeout=15 -o PasswordAuthentication=no -t -t -l ubuntu 51.250.67.240 -- sudo -p SudoPassword -H -S -i bash -c 'echo SUDO-SUCCESS && bash -c ps a --no-headers -o args:64 -o "|%p"']
2025-03-08 20:13:49 - executor: run '/bin/ssh -C -o ControlMaster=auto -o ControlPersist=600s -o StrictHostKeyChecking=no -o UserKnownHostsFile=/dev/null -o GlobalKnownHostsFile=/dev/null -o ServerAliveInterval=10 -o ServerAliveCountMax=3 -o ConnectTimeout=15 -o PasswordAuthentication=no -t -t -l ubuntu 51.250.67.240 -- sudo -p SudoPassword -H -S -i bash -c 'echo SUDO-SUCCESS && bash -c ps a --no-headers -o args:64 -o "|%p"''
2025-03-08 20:13:49 - executor: start '/bin/ssh -C -o ControlMaster=auto -o ControlPersist=600s -o StrictHostKeyChecking=no -o UserKnownHostsFile=/dev/null -o GlobalKnownHostsFile=/dev/null -o ServerAliveInterval=10 -o ServerAliveCountMax=3 -o ConnectTimeout=15 -o PasswordAuthentication=no -t -t -l ubuntu 51.250.67.240 -- sudo -p SudoPassword -H -S -i bash -c 'echo SUDO-SUCCESS && bash -c ps a --no-headers -o args:64 -o "|%p"''
2025-03-08 20:13:49 - Start read from streams for command:  /bin/ssh -C -o ControlMaster=auto -o ControlPersist=600s -o StrictHostKeyChecking=no -o UserKnownHostsFile=/dev/null -o GlobalKnownHostsFile=/dev/null -o ServerAliveInterval=10 -o ServerAliveCountMax=3 -o ConnectTimeout=15 -o PasswordAuthentication=no -t -t -l ubuntu 51.250.67.240 -- sudo -p SudoPassword -H -S -i bash -c 'echo SUDO-SUCCESS && bash -c ps a --no-headers -o args:64 -o "|%p"'
2025-03-08 20:13:49 - Register stoppable: '/bin/ssh -C -o ControlMaster=auto -o ControlPersist=600s -o StrictHostKeyChecking=no -o UserKnownHostsFile=/dev/null -o GlobalKnownHostsFile=/dev/null -o ServerAliveInterval=10 -o ServerAliveCountMax=3 -o ConnectTimeout=15 -o PasswordAuthentication=no -t -t -l ubuntu 51.250.67.240 -- sudo -p SudoPassword -H -S -i bash -c 'echo SUDO-SUCCESS && bash -c ps a --no-headers -o args:64 -o "|%p"''
2025-03-08 20:13:50 - Trigger matcher 'SUDO-SUCCESS'
2025-03-08 20:13:50 - Got SUCCESS
2025-03-08 20:13:50 - ssh:     PID TTY          TIME CMD
2025-03-08 20:13:50 - ssh:    3080 pts/1    00:00:00 sudo
2025-03-08 20:13:50 - ssh:    3081 pts/1    00:00:00 ps
2025-03-08 20:13:50 - Starting close piped
2025-03-08 20:13:50 - Stop close piped
2025-03-08 20:13:50 - ps string: '    PID TTY          TIME CMD'
2025-03-08 20:13:50 - Skip ps string without pid
2025-03-08 20:13:50 - ps string: '   3080 pts/1    00:00:00 sudo'
2025-03-08 20:13:50 - Skip ps string without pid
2025-03-08 20:13:50 - ps string: '   3081 pts/1    00:00:00 ps'
2025-03-08 20:13:50 - Skip ps string without pid
2025-03-08 20:13:50 - readFromStreams: EOF
2025-03-08 20:13:50 - stop readFromStreams
2025-03-08 20:13:50 - Got bashible pids: %v []
2025-03-08 20:13:50 - Bashible instance not found. Start it!
2025-03-08 20:13:50 - End process Cleanup previous bashible run if need2025-03-08 20:13:50 - Start execute bashible bundle routine
2025-03-08 20:13:50 - Starting NodeInterfaceWrapper.UploadScript
2025-03-08 20:13:50 - Stop NodeInterfaceWrapper.UploadScript
2025-03-08 20:13:50 - teardown callback 'Delete bashible bundle folder' added, callbacks in queue: 12
2025-03-08 20:13:50 - executor: run '/bin/scp -S //bin/ssh -C -o ControlMaster=auto -o ControlPersist=600s -o StrictHostKeyChecking=no -o UserKnownHostsFile=/dev/null -o GlobalKnownHostsFile=/dev/null -o PasswordAuthentication=no -o ServerAliveInterval=10 -o ServerAliveCountMax=3 -o ConnectTimeout=15 -p /tmp/dhctl/bundle-20250308-201350.tar ubuntu@51.250.67.240:/opt/deckhouse/tmp'
2025-03-08 20:13:50 - executor: start '/bin/scp -S //bin/ssh -C -o ControlMaster=auto -o ControlPersist=600s -o StrictHostKeyChecking=no -o UserKnownHostsFile=/dev/null -o GlobalKnownHostsFile=/dev/null -o PasswordAuthentication=no -o ServerAliveInterval=10 -o ServerAliveCountMax=3 -o ConnectTimeout=15 -p /tmp/dhctl/bundle-20250308-201350.tar ubuntu@51.250.67.240:/opt/deckhouse/tmp'
2025-03-08 20:13:50 - Start read from streams for command:  /bin/scp -S //bin/ssh -C -o ControlMaster=auto -o ControlPersist=600s -o StrictHostKeyChecking=no -o UserKnownHostsFile=/dev/null -o GlobalKnownHostsFile=/dev/null -o PasswordAuthentication=no -o ServerAliveInterval=10 -o ServerAliveCountMax=3 -o ConnectTimeout=15 -p /tmp/dhctl/bundle-20250308-201350.tar ubuntu@51.250.67.240:/opt/deckhouse/tmp
2025-03-08 20:13:50 - Start reading from stderr pipe
2025-03-08 20:13:50 - Register stoppable: '/bin/scp -S //bin/ssh -C -o ControlMaster=auto -o ControlPersist=600s -o StrictHostKeyChecking=no -o UserKnownHostsFile=/dev/null -o GlobalKnownHostsFile=/dev/null -o PasswordAuthentication=no -o ServerAliveInterval=10 -o ServerAliveCountMax=3 -o ConnectTimeout=15 -p /tmp/dhctl/bundle-20250308-201350.tar ubuntu@51.250.67.240:/opt/deckhouse/tmp'
2025-03-08 20:13:51 - Starting close piped
2025-03-08 20:13:51 - Stop close piped
2025-03-08 20:13:51 - readFromStreams: EOF
2025-03-08 20:13:51 - stop readFromStreams
2025-03-08 20:13:51 - Stop reading from stderr pipe
2025-03-08 20:13:51 - SSH arguments [-C -o ControlMaster=auto -o ControlPersist=600s -o StrictHostKeyChecking=no -o UserKnownHostsFile=/dev/null -o GlobalKnownHostsFile=/dev/null -o ServerAliveInterval=10 -o ServerAliveCountMax=3 -o ConnectTimeout=15 -o PasswordAuthentication=no -l ubuntu 51.250.67.240 -- tar xpof /opt/deckhouse/tmp/bundle-20250308-201350.tar -C /var/lib && /var/lib/bashible/bashible.sh --local]
2025-03-08 20:13:51 - SSH arguments [-C -o ControlMaster=auto -o ControlPersist=600s -o StrictHostKeyChecking=no -o UserKnownHostsFile=/dev/null -o GlobalKnownHostsFile=/dev/null -o ServerAliveInterval=10 -o ServerAliveCountMax=3 -o ConnectTimeout=15 -o PasswordAuthentication=no -t -t -l ubuntu 51.250.67.240 -- sudo -p SudoPassword -H -S -i bash -c 'echo SUDO-SUCCESS && tar xpof /opt/deckhouse/tmp/bundle-20250308-201350.tar -C /var/lib && /var/lib/bashible/bashible.sh --local ']
2025-03-08 20:13:51 - executor: run '/bin/ssh -C -o ControlMaster=auto -o ControlPersist=600s -o StrictHostKeyChecking=no -o UserKnownHostsFile=/dev/null -o GlobalKnownHostsFile=/dev/null -o ServerAliveInterval=10 -o ServerAliveCountMax=3 -o ConnectTimeout=15 -o PasswordAuthentication=no -t -t -l ubuntu 51.250.67.240 -- sudo -p SudoPassword -H -S -i bash -c 'echo SUDO-SUCCESS && tar xpof /opt/deckhouse/tmp/bundle-20250308-201350.tar -C /var/lib && /var/lib/bashible/bashible.sh --local ''
2025-03-08 20:13:51 - executor: start '/bin/ssh -C -o ControlMaster=auto -o ControlPersist=600s -o StrictHostKeyChecking=no -o UserKnownHostsFile=/dev/null -o GlobalKnownHostsFile=/dev/null -o ServerAliveInterval=10 -o ServerAliveCountMax=3 -o ConnectTimeout=15 -o PasswordAuthentication=no -t -t -l ubuntu 51.250.67.240 -- sudo -p SudoPassword -H -S -i bash -c 'echo SUDO-SUCCESS && tar xpof /opt/deckhouse/tmp/bundle-20250308-201350.tar -C /var/lib && /var/lib/bashible/bashible.sh --local ''
2025-03-08 20:13:51 - Start read from streams for command:  /bin/ssh -C -o ControlMaster=auto -o ControlPersist=600s -o StrictHostKeyChecking=no -o UserKnownHostsFile=/dev/null -o GlobalKnownHostsFile=/dev/null -o ServerAliveInterval=10 -o ServerAliveCountMax=3 -o ConnectTimeout=15 -o PasswordAuthentication=no -t -t -l ubuntu 51.250.67.240 -- sudo -p SudoPassword -H -S -i bash -c 'echo SUDO-SUCCESS && tar xpof /opt/deckhouse/tmp/bundle-20250308-201350.tar -C /var/lib && /var/lib/bashible/bashible.sh --local '
2025-03-08 20:13:51 - Start reading from stderr pipe
2025-03-08 20:13:51 - Register stoppable: '/bin/ssh -C -o ControlMaster=auto -o ControlPersist=600s -o StrictHostKeyChecking=no -o UserKnownHostsFile=/dev/null -o GlobalKnownHostsFile=/dev/null -o ServerAliveInterval=10 -o ServerAliveCountMax=3 -o ConnectTimeout=15 -o PasswordAuthentication=no -t -t -l ubuntu 51.250.67.240 -- sudo -p SudoPassword -H -S -i bash -c 'echo SUDO-SUCCESS && tar xpof /opt/deckhouse/tmp/bundle-20250308-201350.tar -C /var/lib && /var/lib/bashible/bashible.sh --local ''
2025-03-08 20:13:52 - Trigger matcher 'SUDO-SUCCESS'
2025-03-08 20:13:52 - Got SUCCESS
2025-03-08 20:13:52 - ssh: ===
2025-03-08 20:13:52 - ssh: === Step: /var/lib/bashible/bundle_steps/000_add_node_users.sh
2025-03-08 20:13:52 - ssh: ===
2025-03-08 20:13:52 - ssh: ===
2025-03-08 20:13:52 - ssh: === Step: /var/lib/bashible/bundle_steps/000_discover_node_ip.sh
2025-03-08 20:13:52 - ssh: ===
2025-03-08 20:13:52 - ssh: ===
2025-03-08 20:13:52 - ssh: === Step: /var/lib/bashible/bundle_steps/000_fix_udev_xgrp_error.sh
2025-03-08 20:13:52 - ssh: ===
2025-03-08 20:13:52 - ssh: ===
2025-03-08 20:13:52 - ssh: === Step: /var/lib/bashible/bundle_steps/000_set_cloud_variables.sh
2025-03-08 20:13:52 - ssh: ===
2025-03-08 20:13:52 - ssh: ===
2025-03-08 20:13:52 - ssh: === Step: /var/lib/bashible/bundle_steps/000_set_flag_rolling_update.sh
2025-03-08 20:13:52 - ssh: ===
2025-03-08 20:13:52 - ssh: ===
2025-03-08 20:13:52 - ssh: === Step: /var/lib/bashible/bundle_steps/001_configure_kubernetes_api_proxy.sh
2025-03-08 20:13:52 - ssh: ===
2025-03-08 20:13:52 - ssh: ===
2025-03-08 20:13:52 - ssh: === Step: /var/lib/bashible/bundle_steps/001_waiting_approval_annotations.sh
2025-03-08 20:13:52 - ssh: ===
2025-03-08 20:13:52 - ssh: ===
2025-03-08 20:13:52 - ssh: === Step: /var/lib/bashible/bundle_steps/002_add_system_proxy.sh
2025-03-08 20:13:52 - ssh: ===
2025-03-08 20:13:52 - ssh: ===
2025-03-08 20:13:52 - ssh: === Step: /var/lib/bashible/bundle_steps/002_apt_timeout.sh
2025-03-08 20:13:52 - ssh: ===
2025-03-08 20:13:52 - ssh: ===
2025-03-08 20:13:52 - ssh: === Step: /var/lib/bashible/bundle_steps/002_create_static_node_cleanup_script.sh
2025-03-08 20:13:52 - ssh: ===
2025-03-08 20:13:52 - ssh: ===
2025-03-08 20:13:52 - ssh: === Step: /var/lib/bashible/bundle_steps/002_disable_unattended_upgrades.sh
2025-03-08 20:13:52 - ssh: ===
2025-03-08 20:13:52 - ssh: ===
2025-03-08 20:13:52 - ssh: === Step: /var/lib/bashible/bundle_steps/002_install_ca_certificates.sh
2025-03-08 20:13:52 - ssh: ===
2025-03-08 20:13:52 - bb-package [INFO] 'd8-ca-updater:sha256:c58cbe99bdbfa0e15687922b339e80b35fcddf2289de33ded368283bc85fb59d' package not found locally
2025-03-08 20:13:52 - ssh: bb-package [INFO] 'd8-ca-updater:sha256:c58cbe99bdbfa0e15687922b339e80b35fcddf2289de33ded368283bc85fb59d' package not found locally
2025-03-08 20:13:52 - bb-package [INFO] Fetching packages: d8-ca-updater
2025-03-08 20:13:52 - ssh: bb-package [INFO] Fetching packages: d8-ca-updater
2025-03-08 20:13:53 - Received request with digest "sha256:c58cbe99bdbfa0e15687922b339e80b35fcddf2289de33ded368283bc85fb59d" for repo __default__ from client 127.0.0.1:58390
2025-03-08 20:13:53 - Digest "sha256:c58cbe99bdbfa0e15687922b339e80b35fcddf2289de33ded368283bc85fb59d" not found in local cache, trying to fetch package from registry
2025-03-08 20:13:53 - Package for digest "sha256:c58cbe99bdbfa0e15687922b339e80b35fcddf2289de33ded368283bc85fb59d" sent successfully
2025-03-08 20:13:53 - bb-package [INFO] Packages saved under /opt/deckhouse/tmp/registrypackages
2025-03-08 20:13:53 - ssh: bb-package [INFO] Packages saved under /opt/deckhouse/tmp/registrypackages
2025-03-08 20:13:53 - bb-package [INFO] Unpacking package 'd8-ca-updater'
2025-03-08 20:13:53 - ssh: bb-package [INFO] Unpacking package 'd8-ca-updater'
2025-03-08 20:13:53 - bb-package [INFO] Installing package 'd8-ca-updater'
2025-03-08 20:13:53 - ssh: bb-package [INFO] Installing package 'd8-ca-updater'
2025-03-08 20:13:53 - Clearing symlinks in /etc/ssl/certs...
2025-03-08 20:13:53 - ssh: Clearing symlinks in /etc/ssl/certs...
2025-03-08 20:13:53 - done.
2025-03-08 20:13:53 - ssh: done.
2025-03-08 20:13:53 - Updating certificates in /etc/ssl/certs...
2025-03-08 20:13:53 - ssh: Updating certificates in /etc/ssl/certs...
2025-03-08 20:13:55 - rehash: warning: skipping ca-certificates.crt,it does not contain exactly one certificate or CRL
2025-03-08 20:13:55 - ssh: rehash: warning: skipping ca-certificates.crt,it does not contain exactly one certificate or CRL
2025-03-08 20:13:55 - 272 added, 0 removed; done.
2025-03-08 20:13:55 - ssh: 272 added, 0 removed; done.
2025-03-08 20:13:55 - Running hooks in /etc/ca-certificates/update.d...
2025-03-08 20:13:55 - ssh: Running hooks in /etc/ca-certificates/update.d...
2025-03-08 20:13:55 - done.
2025-03-08 20:13:55 - ssh: done.
2025-03-08 20:13:55 - bb-package [INFO] 'd8-ca-updater' package successfully installed
2025-03-08 20:13:55 - ssh: bb-package [INFO] 'd8-ca-updater' package successfully installed
2025-03-08 20:13:55 - ssh: ===
2025-03-08 20:13:55 - ssh: === Step: /var/lib/bashible/bundle_steps/002_install_ms_ca_certificates.sh
2025-03-08 20:13:55 - ssh: ===
2025-03-08 20:13:55 - ssh: ===
2025-03-08 20:13:55 - ssh: === Step: /var/lib/bashible/bundle_steps/002_migrate_containerd_to_cgroupfs.sh
2025-03-08 20:13:55 - ssh: ===
2025-03-08 20:13:55 - ssh: ===
2025-03-08 20:13:55 - ssh: === Step: /var/lib/bashible/bundle_steps/003_add_deckhouse_path.sh
2025-03-08 20:13:55 - ssh: ===
2025-03-08 20:13:55 - ssh: ===
2025-03-08 20:13:55 - ssh: === Step: /var/lib/bashible/bundle_steps/003_create_deckhouse_user.sh
2025-03-08 20:13:55 - ssh: ===
2025-03-08 20:13:55 - ssh: ===
2025-03-08 20:13:55 - ssh: === Step: /var/lib/bashible/bundle_steps/003_disable_rp_filter.sh
2025-03-08 20:13:55 - ssh: ===
2025-03-08 20:13:55 - bb-event [INFO] Run handlers for event 'bb-sync-file-changed'
2025-03-08 20:13:55 - ssh: bb-event [INFO] Run handlers for event 'bb-sync-file-changed'
2025-03-08 20:13:55 - ssh: ===
2025-03-08 20:13:55 - ssh: === Step: /var/lib/bashible/bundle_steps/003_disable_swap.sh
2025-03-08 20:13:55 - ssh: ===
2025-03-08 20:13:55 - ssh: ===
2025-03-08 20:13:55 - ssh: === Step: /var/lib/bashible/bundle_steps/003_install_mandatory_packages.sh
2025-03-08 20:13:55 - ssh: ===
2025-03-08 20:13:55 - bb-package [INFO] 'jq:sha256:5a18fce2784a39db258dc2578b02a4e4e58d8aa19cf0814db7257ce764ea6bea' package already installed
2025-03-08 20:13:55 - ssh: bb-package [INFO] 'jq:sha256:5a18fce2784a39db258dc2578b02a4e4e58d8aa19cf0814db7257ce764ea6bea' package already installed
2025-03-08 20:13:55 - bb-package [INFO] 'curl:sha256:a3ac65f1fdbe8f6486045175f1cdf3f51d342c8ab8b59330e6da7c1bf098a0af' package already installed
2025-03-08 20:13:55 - ssh: bb-package [INFO] 'curl:sha256:a3ac65f1fdbe8f6486045175f1cdf3f51d342c8ab8b59330e6da7c1bf098a0af' package already installed
2025-03-08 20:13:55 - bb-package [INFO] 'virt-what:sha256:def0726629abe2ccae1e221ff375195ca439ca502fc76373578050cd44114d98' package not found locally
2025-03-08 20:13:55 - ssh: bb-package [INFO] 'virt-what:sha256:def0726629abe2ccae1e221ff375195ca439ca502fc76373578050cd44114d98' package not found locally
2025-03-08 20:13:55 - bb-package [INFO] Fetching packages: virt-what
2025-03-08 20:13:55 - ssh: bb-package [INFO] Fetching packages: virt-what
2025-03-08 20:13:55 - Received request with digest "sha256:def0726629abe2ccae1e221ff375195ca439ca502fc76373578050cd44114d98" for repo __default__ from client 127.0.0.1:58396
2025-03-08 20:13:55 - Digest "sha256:def0726629abe2ccae1e221ff375195ca439ca502fc76373578050cd44114d98" not found in local cache, trying to fetch package from registry
2025-03-08 20:13:56 - Package for digest "sha256:def0726629abe2ccae1e221ff375195ca439ca502fc76373578050cd44114d98" sent successfully
2025-03-08 20:13:56 - bb-package [INFO] Packages saved under /opt/deckhouse/tmp/registrypackages
2025-03-08 20:13:56 - ssh: bb-package [INFO] Packages saved under /opt/deckhouse/tmp/registrypackages
2025-03-08 20:13:56 - bb-package [INFO] Unpacking package 'virt-what'
2025-03-08 20:13:56 - ssh: bb-package [INFO] Unpacking package 'virt-what'
2025-03-08 20:13:56 - bb-package [INFO] Installing package 'virt-what'
2025-03-08 20:13:56 - ssh: bb-package [INFO] Installing package 'virt-what'
2025-03-08 20:13:56 - bb-package [INFO] 'virt-what' package successfully installed
2025-03-08 20:13:56 - ssh: bb-package [INFO] 'virt-what' package successfully installed
2025-03-08 20:13:56 - bb-package [INFO] 'socat:sha256:609514c787f2d5fd6ed971e7540dbd5cf9a8761751515b93475fbb7858782680' package not found locally
2025-03-08 20:13:56 - ssh: bb-package [INFO] 'socat:sha256:609514c787f2d5fd6ed971e7540dbd5cf9a8761751515b93475fbb7858782680' package not found locally
2025-03-08 20:13:56 - bb-package [INFO] Fetching packages: socat
2025-03-08 20:13:56 - ssh: bb-package [INFO] Fetching packages: socat
2025-03-08 20:13:56 - Received request with digest "sha256:609514c787f2d5fd6ed971e7540dbd5cf9a8761751515b93475fbb7858782680" for repo __default__ from client 127.0.0.1:58410
2025-03-08 20:13:56 - Digest "sha256:609514c787f2d5fd6ed971e7540dbd5cf9a8761751515b93475fbb7858782680" not found in local cache, trying to fetch package from registry
2025-03-08 20:13:56 - Package for digest "sha256:609514c787f2d5fd6ed971e7540dbd5cf9a8761751515b93475fbb7858782680" sent successfully
2025-03-08 20:13:56 - bb-package [INFO] Packages saved under /opt/deckhouse/tmp/registrypackages
2025-03-08 20:13:56 - ssh: bb-package [INFO] Packages saved under /opt/deckhouse/tmp/registrypackages
2025-03-08 20:13:56 - bb-package [INFO] Unpacking package 'socat'
2025-03-08 20:13:56 - ssh: bb-package [INFO] Unpacking package 'socat'
2025-03-08 20:13:57 - bb-package [INFO] Installing package 'socat'
2025-03-08 20:13:57 - ssh: bb-package [INFO] Installing package 'socat'
2025-03-08 20:13:57 - bb-package [INFO] 'socat' package successfully installed
2025-03-08 20:13:57 - ssh: bb-package [INFO] 'socat' package successfully installed
2025-03-08 20:13:57 - bb-package [INFO] 'e2fsprogs:sha256:d32d22420b8d4163a5c85ec9afa1fbc5ef81df8a4c828e1b10d754445227b458' package not found locally
2025-03-08 20:13:57 - ssh: bb-package [INFO] 'e2fsprogs:sha256:d32d22420b8d4163a5c85ec9afa1fbc5ef81df8a4c828e1b10d754445227b458' package not found locally
2025-03-08 20:13:57 - bb-package [INFO] Fetching packages: e2fsprogs
2025-03-08 20:13:57 - ssh: bb-package [INFO] Fetching packages: e2fsprogs
2025-03-08 20:13:57 - Received request with digest "sha256:d32d22420b8d4163a5c85ec9afa1fbc5ef81df8a4c828e1b10d754445227b458" for repo __default__ from client 127.0.0.1:58416
2025-03-08 20:13:57 - Digest "sha256:d32d22420b8d4163a5c85ec9afa1fbc5ef81df8a4c828e1b10d754445227b458" not found in local cache, trying to fetch package from registry
2025-03-08 20:13:57 - Package for digest "sha256:d32d22420b8d4163a5c85ec9afa1fbc5ef81df8a4c828e1b10d754445227b458" sent successfully
2025-03-08 20:13:57 - bb-package [INFO] Packages saved under /opt/deckhouse/tmp/registrypackages
2025-03-08 20:13:57 - ssh: bb-package [INFO] Packages saved under /opt/deckhouse/tmp/registrypackages
2025-03-08 20:13:57 - bb-package [INFO] Unpacking package 'e2fsprogs'
2025-03-08 20:13:57 - ssh: bb-package [INFO] Unpacking package 'e2fsprogs'
2025-03-08 20:13:57 - bb-package [INFO] Installing package 'e2fsprogs'
2025-03-08 20:13:57 - ssh: bb-package [INFO] Installing package 'e2fsprogs'
2025-03-08 20:13:57 - bb-package [INFO] 'e2fsprogs' package successfully installed
2025-03-08 20:13:57 - ssh: bb-package [INFO] 'e2fsprogs' package successfully installed
2025-03-08 20:13:57 - bb-package [INFO] 'netcat:sha256:84063cb28a4f2470605566532bd7b2e5b68cb07e06186a081ac8669b873befdc' package already installed
2025-03-08 20:13:57 - ssh: bb-package [INFO] 'netcat:sha256:84063cb28a4f2470605566532bd7b2e5b68cb07e06186a081ac8669b873befdc' package already installed
2025-03-08 20:13:57 - bb-package [INFO] 'iptables:sha256:ed79e359f2a57267b274a3e46493b856e95b8a555df40573bacfb42930e29ea7' package not found locally
2025-03-08 20:13:57 - ssh: bb-package [INFO] 'iptables:sha256:ed79e359f2a57267b274a3e46493b856e95b8a555df40573bacfb42930e29ea7' package not found locally
2025-03-08 20:13:57 - bb-package [INFO] Fetching packages: iptables
2025-03-08 20:13:57 - ssh: bb-package [INFO] Fetching packages: iptables
2025-03-08 20:13:58 - Received request with digest "sha256:ed79e359f2a57267b274a3e46493b856e95b8a555df40573bacfb42930e29ea7" for repo __default__ from client 127.0.0.1:58432
2025-03-08 20:13:58 - Digest "sha256:ed79e359f2a57267b274a3e46493b856e95b8a555df40573bacfb42930e29ea7" not found in local cache, trying to fetch package from registry
2025-03-08 20:13:58 - stop line consumer for 'ssh'
2025-03-08 20:13:58 - stop line consumer for 'ssh'
2025-03-08 20:13:58 - Package for digest "sha256:ed79e359f2a57267b274a3e46493b856e95b8a555df40573bacfb42930e29ea7" sent successfully
2025-03-08 20:13:58 - bb-package [INFO] Packages saved under /opt/deckhouse/tmp/registrypackages
2025-03-08 20:13:58 - ssh: bb-package [INFO] Packages saved under /opt/deckhouse/tmp/registrypackages
2025-03-08 20:13:58 - bb-package [INFO] Unpacking package 'iptables'
2025-03-08 20:13:58 - ssh: bb-package [INFO] Unpacking package 'iptables'
2025-03-08 20:13:58 - bb-package [INFO] Installing package 'iptables'
2025-03-08 20:13:58 - ssh: bb-package [INFO] Installing package 'iptables'
2025-03-08 20:13:58 - bb-package [INFO] 'iptables' package successfully installed
2025-03-08 20:13:58 - ssh: bb-package [INFO] 'iptables' package successfully installed
2025-03-08 20:13:58 - bb-package [INFO] 'growpart:sha256:62de8bc29ba4d6e24beaa0bb7b1f81a971d89cebfa3c0bb8ac4ca11f9ae45d4d' package not found locally
2025-03-08 20:13:58 - ssh: bb-package [INFO] 'growpart:sha256:62de8bc29ba4d6e24beaa0bb7b1f81a971d89cebfa3c0bb8ac4ca11f9ae45d4d' package not found locally
2025-03-08 20:13:58 - bb-package [INFO] Fetching packages: growpart
2025-03-08 20:13:58 - ssh: bb-package [INFO] Fetching packages: growpart
2025-03-08 20:13:59 - Received request with digest "sha256:62de8bc29ba4d6e24beaa0bb7b1f81a971d89cebfa3c0bb8ac4ca11f9ae45d4d" for repo __default__ from client 127.0.0.1:58442
2025-03-08 20:13:59 - Digest "sha256:62de8bc29ba4d6e24beaa0bb7b1f81a971d89cebfa3c0bb8ac4ca11f9ae45d4d" not found in local cache, trying to fetch package from registry
2025-03-08 20:13:59 - Package for digest "sha256:62de8bc29ba4d6e24beaa0bb7b1f81a971d89cebfa3c0bb8ac4ca11f9ae45d4d" sent successfully
2025-03-08 20:13:59 - bb-package [INFO] Packages saved under /opt/deckhouse/tmp/registrypackages
2025-03-08 20:13:59 - ssh: bb-package [INFO] Packages saved under /opt/deckhouse/tmp/registrypackages
2025-03-08 20:13:59 - bb-package [INFO] Unpacking package 'growpart'
2025-03-08 20:13:59 - ssh: bb-package [INFO] Unpacking package 'growpart'
2025-03-08 20:13:59 - bb-package [INFO] Installing package 'growpart'
2025-03-08 20:13:59 - ssh: bb-package [INFO] Installing package 'growpart'
2025-03-08 20:13:59 - bb-package [INFO] 'growpart' package successfully installed
2025-03-08 20:13:59 - ssh: bb-package [INFO] 'growpart' package successfully installed
2025-03-08 20:13:59 - bb-package [INFO] 'lsblk:sha256:ac0c8daa05f4ff9af18fdd296cee0fa8a43491e6dfbcc0d1cc37142914325735' package not found locally
2025-03-08 20:13:59 - ssh: bb-package [INFO] 'lsblk:sha256:ac0c8daa05f4ff9af18fdd296cee0fa8a43491e6dfbcc0d1cc37142914325735' package not found locally
2025-03-08 20:13:59 - bb-package [INFO] Fetching packages: lsblk
2025-03-08 20:13:59 - ssh: bb-package [INFO] Fetching packages: lsblk
2025-03-08 20:14:00 - Received request with digest "sha256:ac0c8daa05f4ff9af18fdd296cee0fa8a43491e6dfbcc0d1cc37142914325735" for repo __default__ from client 127.0.0.1:58452
2025-03-08 20:14:00 - Digest "sha256:ac0c8daa05f4ff9af18fdd296cee0fa8a43491e6dfbcc0d1cc37142914325735" not found in local cache, trying to fetch package from registry
2025-03-08 20:14:00 - Package for digest "sha256:ac0c8daa05f4ff9af18fdd296cee0fa8a43491e6dfbcc0d1cc37142914325735" sent successfully
2025-03-08 20:14:00 - bb-package [INFO] Packages saved under /opt/deckhouse/tmp/registrypackages
2025-03-08 20:14:00 - ssh: bb-package [INFO] Packages saved under /opt/deckhouse/tmp/registrypackages
2025-03-08 20:14:00 - bb-package [INFO] Unpacking package 'lsblk'
2025-03-08 20:14:00 - ssh: bb-package [INFO] Unpacking package 'lsblk'
2025-03-08 20:14:00 - bb-package [INFO] Installing package 'lsblk'
2025-03-08 20:14:00 - ssh: bb-package [INFO] Installing package 'lsblk'
2025-03-08 20:14:00 - bb-package [INFO] 'lsblk' package successfully installed
2025-03-08 20:14:00 - ssh: bb-package [INFO] 'lsblk' package successfully installed
2025-03-08 20:14:00 - ssh: ===
2025-03-08 20:14:00 - ssh: === Step: /var/lib/bashible/bundle_steps/003_set_short_hostname.sh
2025-03-08 20:14:00 - ssh: ===
2025-03-08 20:14:00 - ssh: ===
2025-03-08 20:14:00 - ssh: === Step: /var/lib/bashible/bundle_steps/004_check_hostname.sh
2025-03-08 20:14:00 - ssh: ===
2025-03-08 20:14:00 - ssh: ===
2025-03-08 20:14:00 - ssh: === Step: /var/lib/bashible/bundle_steps/004_check_xfstype.sh
2025-03-08 20:14:00 - ssh: ===
2025-03-08 20:14:00 - ssh: ===
2025-03-08 20:14:00 - ssh: === Step: /var/lib/bashible/bundle_steps/004_disable_firewalld.sh
2025-03-08 20:14:00 - ssh: ===
2025-03-08 20:14:00 - ssh: ===
2025-03-08 20:14:00 - ssh: === Step: /var/lib/bashible/bundle_steps/004_install_mandatory_selinux_policies.sh
2025-03-08 20:14:00 - ssh: ===
2025-03-08 20:14:00 - ssh: ===
2025-03-08 20:14:00 - ssh: === Step: /var/lib/bashible/bundle_steps/004_integrate_kubernetes_data_device.sh
2025-03-08 20:14:00 - ssh: ===
2025-03-08 20:14:00 - mke2fs 1.47.0 (5-Feb-2023)
2025-03-08 20:14:00 - ssh: mke2fs 1.47.0 (5-Feb-2023)
2025-03-08 20:14:00 - Creating filesystem with 2621440 4k blocks and 655360 inodes
2025-03-08 20:14:00 - ssh: Creating filesystem with 2621440 4k blocks and 655360 inodes
2025-03-08 20:14:00 - Filesystem UUID: 33eba90c-d720-409e-9180-abed0f9d8d3e
2025-03-08 20:14:00 - ssh: Filesystem UUID: 33eba90c-d720-409e-9180-abed0f9d8d3e
2025-03-08 20:14:00 - Superblock backups stored on blocks: 
2025-03-08 20:14:00 - ssh: Superblock backups stored on blocks: 
2025-03-08 20:14:00 - 	32768, 98304, 163840, 229376, 294912, 819200, 884736, 1605632
2025-03-08 20:14:00 - ssh: 	32768, 98304, 163840, 229376, 294912, 819200, 884736, 1605632
2025-03-08 20:14:00 - 
2025-03-08 20:14:00 - Allocating group tables:  0/80     done                            
2025-03-08 20:14:00 - ssh: Allocating group tables:  0/80     done                            
2025-03-08 20:14:00 - Writing inode tables:  0/80     done                            
2025-03-08 20:14:00 - ssh: Writing inode tables:  0/80     done                            
2025-03-08 20:14:04 - Creating journal (16384 blocks): done
2025-03-08 20:14:04 - ssh: Creating journal (16384 blocks): done
2025-03-08 20:14:04 - Writing superblocks and filesystem accounting information:  0/80     done
2025-03-08 20:14:04 - ssh: Writing superblocks and filesystem accounting information:  0/80     done
2025-03-08 20:14:04 - 
2025-03-08 20:14:04 - ssh: ===
2025-03-08 20:14:04 - ssh: === Step: /var/lib/bashible/bundle_steps/004_load_mandatory_modules.sh
2025-03-08 20:14:04 - ssh: ===
2025-03-08 20:14:05 - ssh: ===
2025-03-08 20:14:05 - ssh: === Step: /var/lib/bashible/bundle_steps/004_make_profiled_scripts_executable.sh
2025-03-08 20:14:05 - ssh: ===
2025-03-08 20:14:05 - ssh: ===
2025-03-08 20:14:05 - ssh: === Step: /var/lib/bashible/bundle_steps/004_resize_partitions.sh
2025-03-08 20:14:05 - ssh: ===
2025-03-08 20:14:05 - resize2fs 1.46.5 (30-Dec-2021)
2025-03-08 20:14:05 - ssh: resize2fs 1.46.5 (30-Dec-2021)
2025-03-08 20:14:05 - The filesystem is already 2621440 (4k) blocks long.  Nothing to do!
2025-03-08 20:14:05 - ssh: The filesystem is already 2621440 (4k) blocks long.  Nothing to do!
2025-03-08 20:14:05 - 
2025-03-08 20:14:05 - ssh: ===
2025-03-08 20:14:05 - ssh: === Step: /var/lib/bashible/bundle_steps/005_disable_manage_iprules.sh
2025-03-08 20:14:05 - ssh: ===
2025-03-08 20:14:05 - bb-event [INFO] Run handlers for event 'bb-sync-file-changed'
2025-03-08 20:14:05 - ssh: bb-event [INFO] Run handlers for event 'bb-sync-file-changed'
2025-03-08 20:14:05 - ssh: ===
2025-03-08 20:14:05 - ssh: === Step: /var/lib/bashible/bundle_steps/006_fetch_registry_packages.sh
2025-03-08 20:14:05 - ssh: ===
2025-03-08 20:14:05 - bb-package [INFO] Fetching packages: containerd kubectl d8 crictl kubernetes-cni kubelet toml-merge
2025-03-08 20:14:05 - ssh: bb-package [INFO] Fetching packages: containerd kubectl d8 crictl kubernetes-cni kubelet toml-merge
2025-03-08 20:14:05 - Received request with digest "sha256:89d63c7b026ce4b3dcfec4694b1b3dd9cf70a199cbb1476d2ea129cbda430377" for repo __default__ from client 127.0.0.1:53140
2025-03-08 20:14:05 - Digest "sha256:89d63c7b026ce4b3dcfec4694b1b3dd9cf70a199cbb1476d2ea129cbda430377" not found in local cache, trying to fetch package from registry
2025-03-08 20:14:13 - Package for digest "sha256:89d63c7b026ce4b3dcfec4694b1b3dd9cf70a199cbb1476d2ea129cbda430377" sent successfully
2025-03-08 20:14:13 - Received request with digest "sha256:8b9e3fef7fbc3aed9d05688d6d112024c858139e4e0cd55155286d0636ca3623" for repo __default__ from client 127.0.0.1:57424
2025-03-08 20:14:13 - Digest "sha256:8b9e3fef7fbc3aed9d05688d6d112024c858139e4e0cd55155286d0636ca3623" not found in local cache, trying to fetch package from registry
2025-03-08 20:14:16 - Package for digest "sha256:8b9e3fef7fbc3aed9d05688d6d112024c858139e4e0cd55155286d0636ca3623" sent successfully
2025-03-08 20:14:17 - Received request with digest "sha256:ebc2ae29dd8b4f5960e8f55ebdb10073d39aef70167273a7b654a7a4ea50df16" for repo __default__ from client 127.0.0.1:57428
2025-03-08 20:14:17 - Digest "sha256:ebc2ae29dd8b4f5960e8f55ebdb10073d39aef70167273a7b654a7a4ea50df16" not found in local cache, trying to fetch package from registry
2025-03-08 20:14:28 - Package for digest "sha256:ebc2ae29dd8b4f5960e8f55ebdb10073d39aef70167273a7b654a7a4ea50df16" sent successfully
2025-03-08 20:14:29 - Received request with digest "sha256:0f3dd33abf501ab4b1f3df539ae3093888cc1089bf1ba1cc8c011dcf891f6410" for repo __default__ from client 127.0.0.1:53026
2025-03-08 20:14:29 - Digest "sha256:0f3dd33abf501ab4b1f3df539ae3093888cc1089bf1ba1cc8c011dcf891f6410" not found in local cache, trying to fetch package from registry
2025-03-08 20:14:34 - Package for digest "sha256:0f3dd33abf501ab4b1f3df539ae3093888cc1089bf1ba1cc8c011dcf891f6410" sent successfully
2025-03-08 20:14:34 - Received request with digest "sha256:9abbe8b04b1e33ba1544e940cd54b2022ce069c19c21e77b80fe2ea179aeac45" for repo __default__ from client 127.0.0.1:47252
2025-03-08 20:14:34 - Digest "sha256:9abbe8b04b1e33ba1544e940cd54b2022ce069c19c21e77b80fe2ea179aeac45" not found in local cache, trying to fetch package from registry
2025-03-08 20:14:43 - Package for digest "sha256:9abbe8b04b1e33ba1544e940cd54b2022ce069c19c21e77b80fe2ea179aeac45" sent successfully
2025-03-08 20:14:44 - Received request with digest "sha256:180610d81a483281b89e241c3471f88ed8ca2f6a3c6da25f0a67887cce17d5d3" for repo __default__ from client 127.0.0.1:60444
2025-03-08 20:14:44 - Digest "sha256:180610d81a483281b89e241c3471f88ed8ca2f6a3c6da25f0a67887cce17d5d3" not found in local cache, trying to fetch package from registry
2025-03-08 20:14:50 - Package for digest "sha256:180610d81a483281b89e241c3471f88ed8ca2f6a3c6da25f0a67887cce17d5d3" sent successfully
2025-03-08 20:14:51 - Received request with digest "sha256:d7ca9b3151d8c13dd9f1dcfad92953057f43a26965a15359be895be362d84530" for repo __default__ from client 127.0.0.1:38206
2025-03-08 20:14:51 - Digest "sha256:d7ca9b3151d8c13dd9f1dcfad92953057f43a26965a15359be895be362d84530" not found in local cache, trying to fetch package from registry
2025-03-08 20:14:52 - Package for digest "sha256:d7ca9b3151d8c13dd9f1dcfad92953057f43a26965a15359be895be362d84530" sent successfully
2025-03-08 20:14:52 - bb-package [INFO] Packages saved under /opt/deckhouse/tmp/registrypackages
2025-03-08 20:14:52 - ssh: bb-package [INFO] Packages saved under /opt/deckhouse/tmp/registrypackages
2025-03-08 20:14:52 - ssh: ===
2025-03-08 20:14:52 - ssh: === Step: /var/lib/bashible/bundle_steps/011_disable_floppy_drive.sh
2025-03-08 20:14:52 - ssh: ===
2025-03-08 20:14:52 - ssh: ===
2025-03-08 20:14:52 - ssh: === Step: /var/lib/bashible/bundle_steps/012_security.sh
2025-03-08 20:14:52 - ssh: ===
2025-03-08 20:14:52 - ssh: ===
2025-03-08 20:14:52 - ssh: === Step: /var/lib/bashible/bundle_steps/015_remove_kubeadm.sh
2025-03-08 20:14:52 - ssh: ===
2025-03-08 20:14:52 - ssh: ===
2025-03-08 20:14:52 - ssh: === Step: /var/lib/bashible/bundle_steps/031_install_containerd.sh
2025-03-08 20:14:52 - ssh: ===
2025-03-08 20:14:52 - bb-package [INFO] Unpacking package 'containerd'
2025-03-08 20:14:52 - ssh: bb-package [INFO] Unpacking package 'containerd'
2025-03-08 20:14:53 - bb-package [INFO] Installing package 'containerd'
2025-03-08 20:14:53 - ssh: bb-package [INFO] Installing package 'containerd'
2025-03-08 20:14:53 - Created symlink /etc/systemd/system/multi-user.target.wants/containerd-deckhouse.service -> /lib/systemd/system/containerd-deckhouse.service.
2025-03-08 20:14:53 - ssh: Created symlink /etc/systemd/system/multi-user.target.wants/containerd-deckhouse.service -> /lib/systemd/system/containerd-deckhouse.service.
2025-03-08 20:14:54 - bb-package [INFO] 'containerd' package successfully installed
2025-03-08 20:14:54 - ssh: bb-package [INFO] 'containerd' package successfully installed
2025-03-08 20:14:54 - bb-event [INFO] Run handlers for event 'bb-package-installed'
2025-03-08 20:14:54 - ssh: bb-event [INFO] Run handlers for event 'bb-package-installed'
2025-03-08 20:14:54 - bb-flag [INFO] Creating flag 'containerd-need-restart' at '/var/lib/bashible/.bb-workspace/flag'
2025-03-08 20:14:54 - ssh: bb-flag [INFO] Creating flag 'containerd-need-restart' at '/var/lib/bashible/.bb-workspace/flag'
2025-03-08 20:14:54 - bb-package [INFO] Unpacking package 'crictl'
2025-03-08 20:14:54 - ssh: bb-package [INFO] Unpacking package 'crictl'
2025-03-08 20:14:55 - bb-package [INFO] Installing package 'crictl'
2025-03-08 20:14:55 - ssh: bb-package [INFO] Installing package 'crictl'
2025-03-08 20:14:55 - bb-package [INFO] 'crictl' package successfully installed
2025-03-08 20:14:55 - ssh: bb-package [INFO] 'crictl' package successfully installed
2025-03-08 20:14:55 - bb-event [INFO] Run handlers for event 'bb-package-installed'
2025-03-08 20:14:55 - ssh: bb-event [INFO] Run handlers for event 'bb-package-installed'
2025-03-08 20:14:55 - bb-package [INFO] Unpacking package 'toml-merge'
2025-03-08 20:14:55 - ssh: bb-package [INFO] Unpacking package 'toml-merge'
2025-03-08 20:14:55 - bb-package [INFO] Installing package 'toml-merge'
2025-03-08 20:14:55 - ssh: bb-package [INFO] Installing package 'toml-merge'
2025-03-08 20:14:55 - bb-package [INFO] 'toml-merge' package successfully installed
2025-03-08 20:14:55 - ssh: bb-package [INFO] 'toml-merge' package successfully installed
2025-03-08 20:14:55 - bb-event [INFO] Run handlers for event 'bb-package-installed'
2025-03-08 20:14:55 - ssh: bb-event [INFO] Run handlers for event 'bb-package-installed'
2025-03-08 20:14:55 - ssh: ===
2025-03-08 20:14:55 - ssh: === Step: /var/lib/bashible/bundle_steps/032_configure_containerd.sh
2025-03-08 20:14:55 - ssh: ===
2025-03-08 20:14:55 - bb-event [INFO] Run handlers for event 'containerd-config-file-changed'
2025-03-08 20:14:55 - ssh: bb-event [INFO] Run handlers for event 'containerd-config-file-changed'
2025-03-08 20:14:55 - bb-flag [INFO] Creating flag 'containerd-need-restart' at '/var/lib/bashible/.bb-workspace/flag'
2025-03-08 20:14:55 - ssh: bb-flag [INFO] Creating flag 'containerd-need-restart' at '/var/lib/bashible/.bb-workspace/flag'
2025-03-08 20:14:55 - ssh: ===
2025-03-08 20:14:55 - ssh: === Step: /var/lib/bashible/bundle_steps/033_restart_containerd_if_needed.sh
2025-03-08 20:14:55 - ssh: ===
2025-03-08 20:14:55 - bash [WARNING] 'containerd-need-restart' flag was set, restarting containerd.
2025-03-08 20:14:55 - ssh: bash [WARNING] 'containerd-need-restart' flag was set, restarting containerd.
2025-03-08 20:14:55 - bb-flag [INFO] Creating flag 'kubelet-need-restart' at '/var/lib/bashible/.bb-workspace/flag'
2025-03-08 20:14:55 - ssh: bb-flag [INFO] Creating flag 'kubelet-need-restart' at '/var/lib/bashible/.bb-workspace/flag'
2025-03-08 20:14:55 - ssh: ===
2025-03-08 20:14:55 - ssh: === Step: /var/lib/bashible/bundle_steps/035_install_kubeadm.sh
2025-03-08 20:14:55 - ssh: ===
2025-03-08 20:14:55 - bb-package [INFO] 'kubeadm:sha256:9cb8f587585d154d353bf3e8d80a32933247a7bbe820bd80c301b26ccfcdc364' package not found locally
2025-03-08 20:14:55 - ssh: bb-package [INFO] 'kubeadm:sha256:9cb8f587585d154d353bf3e8d80a32933247a7bbe820bd80c301b26ccfcdc364' package not found locally
2025-03-08 20:14:55 - bb-package [INFO] Fetching packages: kubeadm
2025-03-08 20:14:55 - ssh: bb-package [INFO] Fetching packages: kubeadm
2025-03-08 20:14:56 - Received request with digest "sha256:9cb8f587585d154d353bf3e8d80a32933247a7bbe820bd80c301b26ccfcdc364" for repo __default__ from client 127.0.0.1:38208
2025-03-08 20:14:56 - Digest "sha256:9cb8f587585d154d353bf3e8d80a32933247a7bbe820bd80c301b26ccfcdc364" not found in local cache, trying to fetch package from registry
2025-03-08 20:14:59 - Package for digest "sha256:9cb8f587585d154d353bf3e8d80a32933247a7bbe820bd80c301b26ccfcdc364" sent successfully
2025-03-08 20:14:59 - bb-package [INFO] Packages saved under /opt/deckhouse/tmp/registrypackages
2025-03-08 20:14:59 - ssh: bb-package [INFO] Packages saved under /opt/deckhouse/tmp/registrypackages
2025-03-08 20:14:59 - bb-package [INFO] Unpacking package 'kubeadm'
2025-03-08 20:14:59 - ssh: bb-package [INFO] Unpacking package 'kubeadm'
2025-03-08 20:15:00 - bb-package [INFO] Installing package 'kubeadm'
2025-03-08 20:15:00 - ssh: bb-package [INFO] Installing package 'kubeadm'
2025-03-08 20:15:00 - bb-package [INFO] 'kubeadm' package successfully installed
2025-03-08 20:15:00 - ssh: bb-package [INFO] 'kubeadm' package successfully installed
2025-03-08 20:15:00 - bb-package [INFO] Unpacking package 'kubelet'
2025-03-08 20:15:00 - ssh: bb-package [INFO] Unpacking package 'kubelet'
2025-03-08 20:15:01 - bb-package [INFO] Installing package 'kubelet'
2025-03-08 20:15:01 - ssh: bb-package [INFO] Installing package 'kubelet'
2025-03-08 20:15:01 - Created symlink /etc/systemd/system/multi-user.target.wants/kubelet.service -> /lib/systemd/system/kubelet.service.
2025-03-08 20:15:01 - ssh: Created symlink /etc/systemd/system/multi-user.target.wants/kubelet.service -> /lib/systemd/system/kubelet.service.
2025-03-08 20:15:03 - bb-package [INFO] 'kubelet' package successfully installed
2025-03-08 20:15:03 - ssh: bb-package [INFO] 'kubelet' package successfully installed
2025-03-08 20:15:03 - bb-package [INFO] Unpacking package 'kubectl'
2025-03-08 20:15:03 - ssh: bb-package [INFO] Unpacking package 'kubectl'
2025-03-08 20:15:03 - bb-package [INFO] Installing package 'kubectl'
2025-03-08 20:15:03 - ssh: bb-package [INFO] Installing package 'kubectl'
2025-03-08 20:15:03 - bb-package [INFO] 'kubectl' package successfully installed
2025-03-08 20:15:03 - ssh: bb-package [INFO] 'kubectl' package successfully installed
2025-03-08 20:15:03 - bb-package [INFO] 'crictl:sha256:0f3dd33abf501ab4b1f3df539ae3093888cc1089bf1ba1cc8c011dcf891f6410' package already installed
2025-03-08 20:15:03 - ssh: bb-package [INFO] 'crictl:sha256:0f3dd33abf501ab4b1f3df539ae3093888cc1089bf1ba1cc8c011dcf891f6410' package already installed
2025-03-08 20:15:03 - bb-package [INFO] Unpacking package 'kubernetes-cni'
2025-03-08 20:15:03 - ssh: bb-package [INFO] Unpacking package 'kubernetes-cni'
2025-03-08 20:15:04 - bb-package [INFO] Installing package 'kubernetes-cni'
2025-03-08 20:15:04 - ssh: bb-package [INFO] Installing package 'kubernetes-cni'
2025-03-08 20:15:04 - bb-package [INFO] 'kubernetes-cni' package successfully installed
2025-03-08 20:15:04 - ssh: bb-package [INFO] 'kubernetes-cni' package successfully installed
2025-03-08 20:15:04 - ssh: ===
2025-03-08 20:15:04 - ssh: === Step: /var/lib/bashible/bundle_steps/041_configure_sysctl_tuner.sh
2025-03-08 20:15:04 - ssh: ===
2025-03-08 20:15:04 - bb-event [INFO] Run handlers for event 'sysctl-tuner-service-changed'
2025-03-08 20:15:04 - ssh: bb-event [INFO] Run handlers for event 'sysctl-tuner-service-changed'
2025-03-08 20:15:04 - Created symlink /etc/systemd/system/multi-user.target.wants/sysctl-tuner.timer -> /etc/systemd/system/sysctl-tuner.timer.
2025-03-08 20:15:04 - ssh: Created symlink /etc/systemd/system/multi-user.target.wants/sysctl-tuner.timer -> /etc/systemd/system/sysctl-tuner.timer.
2025-03-08 20:15:05 - ssh: ===
2025-03-08 20:15:05 - ssh: === Step: /var/lib/bashible/bundle_steps/050_reset_control_plane_on_configuration_change.sh
2025-03-08 20:15:05 - ssh: ===
2025-03-08 20:15:05 - ssh: ===
2025-03-08 20:15:05 - ssh: === Step: /var/lib/bashible/bundle_steps/051_pull_and_configure_kubernetes_api_proxy.sh
2025-03-08 20:15:05 - ssh: ===
2025-03-08 20:15:07 - Image is up to date for sha256:c38f7df73e6739db1e710a5abf2fbc65deeba7106e1f7ac2cacae57e6b426357
2025-03-08 20:15:07 - ssh: Image is up to date for sha256:c38f7df73e6739db1e710a5abf2fbc65deeba7106e1f7ac2cacae57e6b426357
2025-03-08 20:15:07 - ssh: ===
2025-03-08 20:15:07 - ssh: === Step: /var/lib/bashible/bundle_steps/059_create_kubernetes_dirs.sh
2025-03-08 20:15:07 - ssh: ===
2025-03-08 20:15:07 - ssh: ===
2025-03-08 20:15:07 - ssh: === Step: /var/lib/bashible/bundle_steps/060_bootstrap_kubernetes_pki.sh
2025-03-08 20:15:07 - ssh: ===
2025-03-08 20:15:07 - W0308 20:15:07.614993    8809 initconfiguration.go:341] [config] WARNING: Ignored YAML document with GroupVersionKind kubeadm.k8s.io/v1beta3, Kind=JoinConfiguration
2025-03-08 20:15:07 - ssh: W0308 20:15:07.614993    8809 initconfiguration.go:341] [config] WARNING: Ignored YAML document with GroupVersionKind kubeadm.k8s.io/v1beta3, Kind=JoinConfiguration
2025-03-08 20:15:07 - [certs] Generating "ca" certificate and key
2025-03-08 20:15:07 - ssh: [certs] Generating "ca" certificate and key
2025-03-08 20:15:07 - ssh: ===
2025-03-08 20:15:07 - ssh: === Step: /var/lib/bashible/bundle_steps/060_install_kubernetes_ca.sh
2025-03-08 20:15:07 - ssh: ===
2025-03-08 20:15:07 - ssh: ===
2025-03-08 20:15:07 - ssh: === Step: /var/lib/bashible/bundle_steps/061_generate_bootstrap_kubeconfig_for_kubelet.sh
2025-03-08 20:15:07 - ssh: ===
2025-03-08 20:15:07 - ssh: ===
2025-03-08 20:15:07 - ssh: === Step: /var/lib/bashible/bundle_steps/062_generate_kubeconfig_for_kubelet.sh
2025-03-08 20:15:07 - ssh: ===
2025-03-08 20:15:07 - W0308 20:15:07.989254    8909 initconfiguration.go:341] [config] WARNING: Ignored YAML document with GroupVersionKind kubeadm.k8s.io/v1beta3, Kind=JoinConfiguration
2025-03-08 20:15:07 - ssh: W0308 20:15:07.989254    8909 initconfiguration.go:341] [config] WARNING: Ignored YAML document with GroupVersionKind kubeadm.k8s.io/v1beta3, Kind=JoinConfiguration
2025-03-08 20:15:07 - W0308 20:15:07.993999    8909 endpoint.go:57] [endpoint] WARNING: port specified in controlPlaneEndpoint overrides bindPort in the controlplane address
2025-03-08 20:15:07 - ssh: W0308 20:15:07.993999    8909 endpoint.go:57] [endpoint] WARNING: port specified in controlPlaneEndpoint overrides bindPort in the controlplane address
2025-03-08 20:15:08 - [kubeconfig] Writing "kubelet.conf" kubeconfig file
2025-03-08 20:15:08 - ssh: [kubeconfig] Writing "kubelet.conf" kubeconfig file
2025-03-08 20:15:08 - ssh: ===
2025-03-08 20:15:08 - ssh: === Step: /var/lib/bashible/bundle_steps/062_install_kubelet_and_his_friends.sh
2025-03-08 20:15:08 - ssh: ===
2025-03-08 20:15:08 - bb-package [INFO] 'kubernetes-cni:sha256:9abbe8b04b1e33ba1544e940cd54b2022ce069c19c21e77b80fe2ea179aeac45' package already installed
2025-03-08 20:15:08 - ssh: bb-package [INFO] 'kubernetes-cni:sha256:9abbe8b04b1e33ba1544e940cd54b2022ce069c19c21e77b80fe2ea179aeac45' package already installed
2025-03-08 20:15:08 - bb-package [INFO] 'kubectl:sha256:8b9e3fef7fbc3aed9d05688d6d112024c858139e4e0cd55155286d0636ca3623' package already installed
2025-03-08 20:15:08 - ssh: bb-package [INFO] 'kubectl:sha256:8b9e3fef7fbc3aed9d05688d6d112024c858139e4e0cd55155286d0636ca3623' package already installed
2025-03-08 20:15:08 - bb-package [INFO] 'kubelet:sha256:180610d81a483281b89e241c3471f88ed8ca2f6a3c6da25f0a67887cce17d5d3' package already installed
2025-03-08 20:15:08 - ssh: bb-package [INFO] 'kubelet:sha256:180610d81a483281b89e241c3471f88ed8ca2f6a3c6da25f0a67887cce17d5d3' package already installed
2025-03-08 20:15:08 - bb-package [INFO] Unpacking package 'd8'
2025-03-08 20:15:08 - ssh: bb-package [INFO] Unpacking package 'd8'
2025-03-08 20:15:09 - bb-package [INFO] Installing package 'd8'
2025-03-08 20:15:09 - ssh: bb-package [INFO] Installing package 'd8'
2025-03-08 20:15:10 - bb-package [INFO] 'd8' package successfully installed
2025-03-08 20:15:10 - ssh: bb-package [INFO] 'd8' package successfully installed
2025-03-08 20:15:10 - ssh: ===
2025-03-08 20:15:10 - ssh: === Step: /var/lib/bashible/bundle_steps/063_install_kubelet_forker.sh
2025-03-08 20:15:10 - ssh: ===
2025-03-08 20:15:11 - ssh: ===
2025-03-08 20:15:11 - ssh: === Step: /var/lib/bashible/bundle_steps/064_configure_kubelet.sh
2025-03-08 20:15:11 - ssh: ===
2025-03-08 20:15:13 - bb-event [INFO] Run handlers for event 'bb-sync-file-changed'
2025-03-08 20:15:13 - ssh: bb-event [INFO] Run handlers for event 'bb-sync-file-changed'
2025-03-08 20:15:13 - bb-flag [INFO] Creating flag 'kubelet-need-restart' at '/var/lib/bashible/.bb-workspace/flag'
2025-03-08 20:15:13 - ssh: bb-flag [INFO] Creating flag 'kubelet-need-restart' at '/var/lib/bashible/.bb-workspace/flag'
2025-03-08 20:15:13 - ssh: ===
2025-03-08 20:15:13 - ssh: === Step: /var/lib/bashible/bundle_steps/065_configure_kubelet_conf_to_api_proxy.sh
2025-03-08 20:15:13 - ssh: ===
2025-03-08 20:15:13 - ssh: ===
2025-03-08 20:15:13 - ssh: === Step: /var/lib/bashible/bundle_steps/066_fix_permission_on_cni_files.sh
2025-03-08 20:15:13 - ssh: ===
2025-03-08 20:15:13 - ssh: ===
2025-03-08 20:15:13 - ssh: === Step: /var/lib/bashible/bundle_steps/068_configure_kubelet_systemd_unit.sh
2025-03-08 20:15:13 - ssh: ===
2025-03-08 20:15:13 - bb-event [INFO] Run handlers for event 'bb-sync-file-changed'
2025-03-08 20:15:13 - ssh: bb-event [INFO] Run handlers for event 'bb-sync-file-changed'
2025-03-08 20:15:15 - bb-flag [INFO] Creating flag 'kubelet-need-restart' at '/var/lib/bashible/.bb-workspace/flag'
2025-03-08 20:15:15 - ssh: bb-flag [INFO] Creating flag 'kubelet-need-restart' at '/var/lib/bashible/.bb-workspace/flag'
2025-03-08 20:15:15 - ssh: ===
2025-03-08 20:15:15 - ssh: === Step: /var/lib/bashible/bundle_steps/069_check_hostname_uniqueness.sh
2025-03-08 20:15:15 - ssh: ===
2025-03-08 20:15:15 - ssh: ===
2025-03-08 20:15:15 - ssh: === Step: /var/lib/bashible/bundle_steps/069_start_kubelet.sh
2025-03-08 20:15:15 - ssh: ===
2025-03-08 20:15:15 - bash [WARNING] 'kubelet-need-restart' flag was set, restarting kubelet.
2025-03-08 20:15:15 - ssh: bash [WARNING] 'kubelet-need-restart' flag was set, restarting kubelet.
2025-03-08 20:15:18 - ssh: ===
2025-03-08 20:15:18 - ssh: === Step: /var/lib/bashible/bundle_steps/070_install_control_plane.sh
2025-03-08 20:15:18 - ssh: ===
2025-03-08 20:15:18 - W0308 20:15:18.492658    9653 initconfiguration.go:341] [config] WARNING: Ignored YAML document with GroupVersionKind kubeadm.k8s.io/v1beta3, Kind=JoinConfiguration
2025-03-08 20:15:18 - ssh: W0308 20:15:18.492658    9653 initconfiguration.go:341] [config] WARNING: Ignored YAML document with GroupVersionKind kubeadm.k8s.io/v1beta3, Kind=JoinConfiguration
2025-03-08 20:15:18 - [certs] Using certificateDir folder "/etc/kubernetes/pki"
2025-03-08 20:15:18 - ssh: [certs] Using certificateDir folder "/etc/kubernetes/pki"
2025-03-08 20:15:18 - [certs] Using existing ca certificate authority
2025-03-08 20:15:18 - ssh: [certs] Using existing ca certificate authority
2025-03-08 20:15:18 - [certs] Generating "apiserver" certificate and key
2025-03-08 20:15:18 - ssh: [certs] Generating "apiserver" certificate and key
2025-03-08 20:15:18 - [certs] apiserver serving cert is signed for DNS names [cloud-demo-master-0 kubernetes kubernetes.default kubernetes.default.svc kubernetes.default.svc.cluster.local] and IPs [10.222.0.1 10.241.32.4 127.0.0.1]
2025-03-08 20:15:18 - ssh: [certs] apiserver serving cert is signed for DNS names [cloud-demo-master-0 kubernetes kubernetes.default kubernetes.default.svc kubernetes.default.svc.cluster.local] and IPs [10.222.0.1 10.241.32.4 127.0.0.1]
2025-03-08 20:15:18 - [certs] Generating "apiserver-kubelet-client" certificate and key
2025-03-08 20:15:18 - ssh: [certs] Generating "apiserver-kubelet-client" certificate and key
2025-03-08 20:15:18 - [certs] Generating "front-proxy-ca" certificate and key
2025-03-08 20:15:18 - ssh: [certs] Generating "front-proxy-ca" certificate and key
2025-03-08 20:15:18 - [certs] Generating "front-proxy-client" certificate and key
2025-03-08 20:15:18 - ssh: [certs] Generating "front-proxy-client" certificate and key
2025-03-08 20:15:19 - [certs] Generating "etcd/ca" certificate and key
2025-03-08 20:15:19 - ssh: [certs] Generating "etcd/ca" certificate and key
2025-03-08 20:15:19 - [certs] Generating "etcd/server" certificate and key
2025-03-08 20:15:19 - ssh: [certs] Generating "etcd/server" certificate and key
2025-03-08 20:15:19 - [certs] etcd/server serving cert is signed for DNS names [cloud-demo-master-0 localhost] and IPs [10.241.32.4 127.0.0.1 ::1]
2025-03-08 20:15:19 - ssh: [certs] etcd/server serving cert is signed for DNS names [cloud-demo-master-0 localhost] and IPs [10.241.32.4 127.0.0.1 ::1]
2025-03-08 20:15:19 - [certs] Generating "etcd/peer" certificate and key
2025-03-08 20:15:19 - ssh: [certs] Generating "etcd/peer" certificate and key
2025-03-08 20:15:19 - [certs] etcd/peer serving cert is signed for DNS names [cloud-demo-master-0 localhost] and IPs [10.241.32.4 127.0.0.1 ::1]
2025-03-08 20:15:19 - ssh: [certs] etcd/peer serving cert is signed for DNS names [cloud-demo-master-0 localhost] and IPs [10.241.32.4 127.0.0.1 ::1]
2025-03-08 20:15:19 - [certs] Generating "etcd/healthcheck-client" certificate and key
2025-03-08 20:15:19 - ssh: [certs] Generating "etcd/healthcheck-client" certificate and key
2025-03-08 20:15:19 - [certs] Generating "apiserver-etcd-client" certificate and key
2025-03-08 20:15:19 - ssh: [certs] Generating "apiserver-etcd-client" certificate and key
2025-03-08 20:15:20 - [certs] Generating "sa" key and public key
2025-03-08 20:15:20 - ssh: [certs] Generating "sa" key and public key
2025-03-08 20:15:20 - W0308 20:15:20.242882    9774 initconfiguration.go:341] [config] WARNING: Ignored YAML document with GroupVersionKind kubeadm.k8s.io/v1beta3, Kind=JoinConfiguration
2025-03-08 20:15:20 - ssh: W0308 20:15:20.242882    9774 initconfiguration.go:341] [config] WARNING: Ignored YAML document with GroupVersionKind kubeadm.k8s.io/v1beta3, Kind=JoinConfiguration
2025-03-08 20:15:20 - [kubeconfig] Using kubeconfig folder "/etc/kubernetes"
2025-03-08 20:15:20 - ssh: [kubeconfig] Using kubeconfig folder "/etc/kubernetes"
2025-03-08 20:15:20 - W0308 20:15:20.247479    9774 endpoint.go:57] [endpoint] WARNING: port specified in controlPlaneEndpoint overrides bindPort in the controlplane address
2025-03-08 20:15:20 - ssh: W0308 20:15:20.247479    9774 endpoint.go:57] [endpoint] WARNING: port specified in controlPlaneEndpoint overrides bindPort in the controlplane address
2025-03-08 20:15:20 - [kubeconfig] Writing "admin.conf" kubeconfig file
2025-03-08 20:15:20 - ssh: [kubeconfig] Writing "admin.conf" kubeconfig file
2025-03-08 20:15:20 - W0308 20:15:20.497176    9774 endpoint.go:57] [endpoint] WARNING: port specified in controlPlaneEndpoint overrides bindPort in the controlplane address
2025-03-08 20:15:20 - ssh: W0308 20:15:20.497176    9774 endpoint.go:57] [endpoint] WARNING: port specified in controlPlaneEndpoint overrides bindPort in the controlplane address
2025-03-08 20:15:20 - [kubeconfig] Writing "super-admin.conf" kubeconfig file
2025-03-08 20:15:20 - ssh: [kubeconfig] Writing "super-admin.conf" kubeconfig file
2025-03-08 20:15:20 - W0308 20:15:20.722335    9774 endpoint.go:57] [endpoint] WARNING: port specified in controlPlaneEndpoint overrides bindPort in the controlplane address
2025-03-08 20:15:20 - ssh: W0308 20:15:20.722335    9774 endpoint.go:57] [endpoint] WARNING: port specified in controlPlaneEndpoint overrides bindPort in the controlplane address
2025-03-08 20:15:20 - [kubeconfig] Using existing kubeconfig file: "/etc/kubernetes/kubelet.conf"
2025-03-08 20:15:20 - ssh: [kubeconfig] Using existing kubeconfig file: "/etc/kubernetes/kubelet.conf"
2025-03-08 20:15:20 - W0308 20:15:20.830623    9774 endpoint.go:57] [endpoint] WARNING: port specified in controlPlaneEndpoint overrides bindPort in the controlplane address
2025-03-08 20:15:20 - ssh: W0308 20:15:20.830623    9774 endpoint.go:57] [endpoint] WARNING: port specified in controlPlaneEndpoint overrides bindPort in the controlplane address
2025-03-08 20:15:20 - [kubeconfig] Writing "controller-manager.conf" kubeconfig file
2025-03-08 20:15:20 - ssh: [kubeconfig] Writing "controller-manager.conf" kubeconfig file
2025-03-08 20:15:20 - W0308 20:15:20.885720    9774 endpoint.go:57] [endpoint] WARNING: port specified in controlPlaneEndpoint overrides bindPort in the controlplane address
2025-03-08 20:15:20 - ssh: W0308 20:15:20.885720    9774 endpoint.go:57] [endpoint] WARNING: port specified in controlPlaneEndpoint overrides bindPort in the controlplane address
2025-03-08 20:15:20 - [kubeconfig] Writing "scheduler.conf" kubeconfig file
2025-03-08 20:15:20 - ssh: [kubeconfig] Writing "scheduler.conf" kubeconfig file
2025-03-08 20:15:21 - W0308 20:15:21.078426    9781 initconfiguration.go:341] [config] WARNING: Ignored YAML document with GroupVersionKind kubeadm.k8s.io/v1beta3, Kind=JoinConfiguration
2025-03-08 20:15:21 - ssh: W0308 20:15:21.078426    9781 initconfiguration.go:341] [config] WARNING: Ignored YAML document with GroupVersionKind kubeadm.k8s.io/v1beta3, Kind=JoinConfiguration
2025-03-08 20:15:21 - [etcd] Creating static Pod manifest for local etcd in "/etc/kubernetes/manifests"
2025-03-08 20:15:21 - ssh: [etcd] Creating static Pod manifest for local etcd in "/etc/kubernetes/manifests"
2025-03-08 20:15:21 - [patches] Reading patches from path "/etc/kubernetes/deckhouse/kubeadm/patches/"
2025-03-08 20:15:21 - ssh: [patches] Reading patches from path "/etc/kubernetes/deckhouse/kubeadm/patches/"
2025-03-08 20:15:21 - [patches] Found the following patch files: [etcd.yaml kube-apiserver.yaml kube-controller-manager.yaml kube-scheduler.yaml]
2025-03-08 20:15:21 - ssh: [patches] Found the following patch files: [etcd.yaml kube-apiserver.yaml kube-controller-manager.yaml kube-scheduler.yaml]
2025-03-08 20:15:21 - [patches] Applied patch of type "application/strategic-merge-patch+json" to target "etcd"
2025-03-08 20:15:21 - ssh: [patches] Applied patch of type "application/strategic-merge-patch+json" to target "etcd"
2025-03-08 20:15:21 - [patches] Applied patch of type "application/strategic-merge-patch+json" to target "etcd"
2025-03-08 20:15:21 - ssh: [patches] Applied patch of type "application/strategic-merge-patch+json" to target "etcd"
2025-03-08 20:15:21 - [patches] Applied patch of type "application/strategic-merge-patch+json" to target "etcd"
2025-03-08 20:15:21 - ssh: [patches] Applied patch of type "application/strategic-merge-patch+json" to target "etcd"
2025-03-08 20:15:21 - [patches] Applied patch of type "application/strategic-merge-patch+json" to target "etcd"
2025-03-08 20:15:21 - ssh: [patches] Applied patch of type "application/strategic-merge-patch+json" to target "etcd"
2025-03-08 20:15:21 - [patches] Applied patch of type "application/strategic-merge-patch+json" to target "etcd"
2025-03-08 20:15:21 - ssh: [patches] Applied patch of type "application/strategic-merge-patch+json" to target "etcd"
2025-03-08 20:15:21 - W0308 20:15:21.124518    9788 initconfiguration.go:341] [config] WARNING: Ignored YAML document with GroupVersionKind kubeadm.k8s.io/v1beta3, Kind=JoinConfiguration
2025-03-08 20:15:21 - ssh: W0308 20:15:21.124518    9788 initconfiguration.go:341] [config] WARNING: Ignored YAML document with GroupVersionKind kubeadm.k8s.io/v1beta3, Kind=JoinConfiguration
2025-03-08 20:15:21 - [control-plane] Using manifest folder "/etc/kubernetes/manifests"
2025-03-08 20:15:21 - ssh: [control-plane] Using manifest folder "/etc/kubernetes/manifests"
2025-03-08 20:15:21 - [control-plane] Creating static Pod manifest for "kube-apiserver"
2025-03-08 20:15:21 - ssh: [control-plane] Creating static Pod manifest for "kube-apiserver"
2025-03-08 20:15:21 - [patches] Reading patches from path "/etc/kubernetes/deckhouse/kubeadm/patches/"
2025-03-08 20:15:21 - ssh: [patches] Reading patches from path "/etc/kubernetes/deckhouse/kubeadm/patches/"
2025-03-08 20:15:21 - [patches] Found the following patch files: [etcd.yaml kube-apiserver.yaml kube-controller-manager.yaml kube-scheduler.yaml]
2025-03-08 20:15:21 - ssh: [patches] Found the following patch files: [etcd.yaml kube-apiserver.yaml kube-controller-manager.yaml kube-scheduler.yaml]
2025-03-08 20:15:21 - [patches] Applied patch of type "application/strategic-merge-patch+json" to target "kube-apiserver"
2025-03-08 20:15:21 - ssh: [patches] Applied patch of type "application/strategic-merge-patch+json" to target "kube-apiserver"
2025-03-08 20:15:21 - [patches] Applied patch of type "application/strategic-merge-patch+json" to target "kube-apiserver"
2025-03-08 20:15:21 - ssh: [patches] Applied patch of type "application/strategic-merge-patch+json" to target "kube-apiserver"
2025-03-08 20:15:21 - [patches] Applied patch of type "application/strategic-merge-patch+json" to target "kube-apiserver"
2025-03-08 20:15:21 - ssh: [patches] Applied patch of type "application/strategic-merge-patch+json" to target "kube-apiserver"
2025-03-08 20:15:21 - [patches] Applied patch of type "application/strategic-merge-patch+json" to target "kube-apiserver"
2025-03-08 20:15:21 - ssh: [patches] Applied patch of type "application/strategic-merge-patch+json" to target "kube-apiserver"
2025-03-08 20:15:21 - [patches] Applied patch of type "application/strategic-merge-patch+json" to target "kube-apiserver"
2025-03-08 20:15:21 - ssh: [patches] Applied patch of type "application/strategic-merge-patch+json" to target "kube-apiserver"
2025-03-08 20:15:21 - [control-plane] Creating static Pod manifest for "kube-controller-manager"
2025-03-08 20:15:21 - ssh: [control-plane] Creating static Pod manifest for "kube-controller-manager"
2025-03-08 20:15:21 - [patches] Applied patch of type "application/strategic-merge-patch+json" to target "kube-controller-manager"
2025-03-08 20:15:21 - ssh: [patches] Applied patch of type "application/strategic-merge-patch+json" to target "kube-controller-manager"
2025-03-08 20:15:21 - [patches] Applied patch of type "application/strategic-merge-patch+json" to target "kube-controller-manager"
2025-03-08 20:15:21 - ssh: [patches] Applied patch of type "application/strategic-merge-patch+json" to target "kube-controller-manager"
2025-03-08 20:15:21 - [patches] Applied patch of type "application/strategic-merge-patch+json" to target "kube-controller-manager"
2025-03-08 20:15:21 - ssh: [patches] Applied patch of type "application/strategic-merge-patch+json" to target "kube-controller-manager"
2025-03-08 20:15:21 - [patches] Applied patch of type "application/strategic-merge-patch+json" to target "kube-controller-manager"
2025-03-08 20:15:21 - ssh: [patches] Applied patch of type "application/strategic-merge-patch+json" to target "kube-controller-manager"
2025-03-08 20:15:21 - [patches] Applied patch of type "application/strategic-merge-patch+json" to target "kube-controller-manager"
2025-03-08 20:15:21 - ssh: [patches] Applied patch of type "application/strategic-merge-patch+json" to target "kube-controller-manager"
2025-03-08 20:15:21 - [patches] Applied patch of type "application/strategic-merge-patch+json" to target "kube-controller-manager"
2025-03-08 20:15:21 - ssh: [patches] Applied patch of type "application/strategic-merge-patch+json" to target "kube-controller-manager"
2025-03-08 20:15:21 - [control-plane] Creating static Pod manifest for "kube-scheduler"
2025-03-08 20:15:21 - ssh: [control-plane] Creating static Pod manifest for "kube-scheduler"
2025-03-08 20:15:21 - [patches] Applied patch of type "application/strategic-merge-patch+json" to target "kube-scheduler"
2025-03-08 20:15:21 - ssh: [patches] Applied patch of type "application/strategic-merge-patch+json" to target "kube-scheduler"
2025-03-08 20:15:21 - [patches] Applied patch of type "application/strategic-merge-patch+json" to target "kube-scheduler"
2025-03-08 20:15:21 - ssh: [patches] Applied patch of type "application/strategic-merge-patch+json" to target "kube-scheduler"
2025-03-08 20:15:21 - [patches] Applied patch of type "application/strategic-merge-patch+json" to target "kube-scheduler"
2025-03-08 20:15:21 - ssh: [patches] Applied patch of type "application/strategic-merge-patch+json" to target "kube-scheduler"
2025-03-08 20:15:21 - [patches] Applied patch of type "application/strategic-merge-patch+json" to target "kube-scheduler"
2025-03-08 20:15:21 - ssh: [patches] Applied patch of type "application/strategic-merge-patch+json" to target "kube-scheduler"
2025-03-08 20:15:21 - [patches] Applied patch of type "application/strategic-merge-patch+json" to target "kube-scheduler"
2025-03-08 20:15:21 - ssh: [patches] Applied patch of type "application/strategic-merge-patch+json" to target "kube-scheduler"
2025-03-08 20:15:21 - [patches] Applied patch of type "application/strategic-merge-patch+json" to target "kube-scheduler"
2025-03-08 20:15:21 - ssh: [patches] Applied patch of type "application/strategic-merge-patch+json" to target "kube-scheduler"
2025-03-08 20:15:21 - W0308 20:15:21.184829    9796 initconfiguration.go:341] [config] WARNING: Ignored YAML document with GroupVersionKind kubeadm.k8s.io/v1beta3, Kind=JoinConfiguration
2025-03-08 20:15:21 - ssh: W0308 20:15:21.184829    9796 initconfiguration.go:341] [config] WARNING: Ignored YAML document with GroupVersionKind kubeadm.k8s.io/v1beta3, Kind=JoinConfiguration
2025-03-08 20:15:40 - [mark-control-plane] Marking the node cloud-demo-master-0 as control-plane by adding the labels: [node-role.kubernetes.io/control-plane node.kubernetes.io/exclude-from-external-load-balancers]
2025-03-08 20:15:40 - ssh: [mark-control-plane] Marking the node cloud-demo-master-0 as control-plane by adding the labels: [node-role.kubernetes.io/control-plane node.kubernetes.io/exclude-from-external-load-balancers]
2025-03-08 20:15:40 - [mark-control-plane] Marking the node cloud-demo-master-0 as control-plane by adding the taints [node-role.kubernetes.io/control-plane:NoSchedule]
2025-03-08 20:15:40 - ssh: [mark-control-plane] Marking the node cloud-demo-master-0 as control-plane by adding the taints [node-role.kubernetes.io/control-plane:NoSchedule]
2025-03-08 20:15:44 - node/cloud-demo-master-0 unlabeled
2025-03-08 20:15:44 - ssh: node/cloud-demo-master-0 unlabeled
2025-03-08 20:15:44 - Error from server (NotFound): secrets "d8-pki" not found
2025-03-08 20:15:44 - ssh: Error from server (NotFound): secrets "d8-pki" not found
2025-03-08 20:15:45 - secret/d8-pki created
2025-03-08 20:15:45 - ssh: secret/d8-pki created
2025-03-08 20:15:45 - ssh: ===
2025-03-08 20:15:45 - ssh: === Step: /var/lib/bashible/bundle_steps/070_start_sysctl_tuner.sh
2025-03-08 20:15:45 - ssh: ===
2025-03-08 20:15:45 - ssh: ===
2025-03-08 20:15:45 - ssh: === Step: /var/lib/bashible/bundle_steps/080_setup_timer_to_run_bashible.sh
2025-03-08 20:15:45 - ssh: ===
2025-03-08 20:15:45 - bb-event [INFO] Run handlers for event 'd8-service-changed'
2025-03-08 20:15:45 - ssh: bb-event [INFO] Run handlers for event 'd8-service-changed'
2025-03-08 20:15:45 - Created symlink /etc/systemd/system/multi-user.target.wants/bashible.timer -> /etc/systemd/system/bashible.timer.
2025-03-08 20:15:45 - ssh: Created symlink /etc/systemd/system/multi-user.target.wants/bashible.timer -> /etc/systemd/system/bashible.timer.
2025-03-08 20:15:45 - ssh: ===
2025-03-08 20:15:45 - ssh: === Step: /var/lib/bashible/bundle_steps/083_disable_rsyslog_for_kubelet.sh
2025-03-08 20:15:45 - ssh: ===
2025-03-08 20:15:45 - bb-event [INFO] Run handlers for event 'bb-sync-file-changed'
2025-03-08 20:15:45 - ssh: bb-event [INFO] Run handlers for event 'bb-sync-file-changed'
2025-03-08 20:15:45 - ssh: ===
2025-03-08 20:15:45 - ssh: === Step: /var/lib/bashible/bundle_steps/084_configure_journald_retention.sh
2025-03-08 20:15:45 - ssh: ===
2025-03-08 20:15:46 - bb-event [INFO] Run handlers for event 'bb-sync-file-changed'
2025-03-08 20:15:46 - ssh: bb-event [INFO] Run handlers for event 'bb-sync-file-changed'
2025-03-08 20:15:46 - ssh: ===
2025-03-08 20:15:46 - ssh: === Step: /var/lib/bashible/bundle_steps/089_manually_unmount_old_csi_mounts_after_kubernetes_1_24.sh
2025-03-08 20:15:46 - ssh: ===
2025-03-08 20:15:46 - No mounts of form "/var/lib/kubelet/plugins/kubernetes.io/csi/pv/" present. No-op...
2025-03-08 20:15:46 - ssh: No mounts of form "/var/lib/kubelet/plugins/kubernetes.io/csi/pv/" present. No-op...
2025-03-08 20:15:46 - ssh: ===
2025-03-08 20:15:46 - ssh: === Step: /var/lib/bashible/bundle_steps/091_set_virtualization_type.sh
2025-03-08 20:15:46 - ssh: ===
2025-03-08 20:15:46 - ssh: ===
2025-03-08 20:15:46 - ssh: === Step: /var/lib/bashible/bundle_steps/098_cleanup.sh
2025-03-08 20:15:46 - ssh: ===
2025-03-08 20:15:46 - ssh: ===
2025-03-08 20:15:46 - ssh: === Step: /var/lib/bashible/bundle_steps/098_cleanup_after_cluster_bootstrap.sh
2025-03-08 20:15:46 - ssh: ===
2025-03-08 20:15:46 - bb-package [INFO] Removing package 'kubeadm'
2025-03-08 20:15:46 - ssh: bb-package [INFO] Removing package 'kubeadm'
2025-03-08 20:15:46 - ssh: ===
2025-03-08 20:15:46 - ssh: === Step: /var/lib/bashible/bundle_steps/098_set_permissions.sh
2025-03-08 20:15:46 - ssh: ===
2025-03-08 20:15:46 - ssh: ===
2025-03-08 20:15:46 - ssh: === Step: /var/lib/bashible/bundle_steps/099_reboot.sh
2025-03-08 20:15:46 - ssh: ===
2025-03-08 20:15:46 - Starting close piped
2025-03-08 20:15:46 - Stop close piped
2025-03-08 20:15:46 - Stop reading from stderr pipe
2025-03-08 20:15:46 - readFromStreams: EOF
2025-03-08 20:15:46 - stop readFromStreams
2025-03-08 20:15:46 - Succeeded!
2025-03-08 20:15:46 - End process Execute bundle2025-03-08 20:15:46 - [-1] Stop reverse tunnel
2025-03-08 20:15:46 - [-1] Stop reverse tunnel health monitor
2025-03-08 20:15:46 - [-1] Try to find tunnel process 818
2025-03-08 20:15:46 - [-1] Process found 818. Kill it
2025-03-08 20:15:46 - [-1] End stop reverse tunnel
2025-03-08 20:15:46 - Stop health monitor
2025-03-08 20:15:46 - Start process Connect to Kubernetes API2025-03-08 20:15:47 - Start process Waiting for SSH connection2025-03-08 20:15:47 - Try to connect to 51.250.67.240 host
2025-03-08 20:15:47 - SSH arguments [-C -o ControlMaster=auto -o ControlPersist=600s -o StrictHostKeyChecking=no -o UserKnownHostsFile=/dev/null -o GlobalKnownHostsFile=/dev/null -o ServerAliveInterval=10 -o ServerAliveCountMax=3 -o ConnectTimeout=15 -o PasswordAuthentication=no -l ubuntu 51.250.67.240 -- echo SUCCESS]
2025-03-08 20:15:47 - SSH arguments [-C -o ControlMaster=auto -o ControlPersist=600s -o StrictHostKeyChecking=no -o UserKnownHostsFile=/dev/null -o GlobalKnownHostsFile=/dev/null -o ServerAliveInterval=10 -o ServerAliveCountMax=3 -o ConnectTimeout=15 -o PasswordAuthentication=no -l ubuntu 51.250.67.240 -- echo SUCCESS]
2025-03-08 20:15:47 - SSH arguments [-C -o ControlMaster=auto -o ControlPersist=600s -o StrictHostKeyChecking=no -o UserKnownHostsFile=/dev/null -o GlobalKnownHostsFile=/dev/null -o ServerAliveInterval=10 -o ServerAliveCountMax=3 -o ConnectTimeout=15 -o PasswordAuthentication=no -l ubuntu 51.250.67.240 -- echo SUCCESS]
2025-03-08 20:15:48 - Succeeded!
2025-03-08 20:15:48 - End process Waiting for SSH connection2025-03-08 20:15:48 - Start process Get Kubernetes API client2025-03-08 20:15:48 - Start process Starting kube proxy2025-03-08 20:15:48 - Using host 51.250.67.240
2025-03-08 20:15:48 - Kube-proxy start id=[7079104582188565172]; port:-1
2025-03-08 20:15:48 - [7079104582188565172] Begin starting proxy
2025-03-08 20:15:48 - [7079104582188565172] Proxy command for start: PATH=$PATH:/opt/deckhouse/bin/; kubectl proxy --as=dhctl --as-group=system:masters --port=0 --kubeconfig /etc/kubernetes/admin.conf --disable-filter
2025-03-08 20:15:48 - SSH arguments [-C -o ControlMaster=auto -o ControlPersist=600s -o StrictHostKeyChecking=no -o UserKnownHostsFile=/dev/null -o GlobalKnownHostsFile=/dev/null -o ServerAliveInterval=10 -o ServerAliveCountMax=3 -o ConnectTimeout=15 -o PasswordAuthentication=no -l ubuntu 51.250.67.240 -- PATH=$PATH:/opt/deckhouse/bin/; kubectl proxy --as=dhctl --as-group=system:masters --port=0 --kubeconfig /etc/kubernetes/admin.conf --disable-filter]
2025-03-08 20:15:48 - SSH arguments [-C -o ControlMaster=auto -o ControlPersist=600s -o StrictHostKeyChecking=no -o UserKnownHostsFile=/dev/null -o GlobalKnownHostsFile=/dev/null -o ServerAliveInterval=10 -o ServerAliveCountMax=3 -o ConnectTimeout=15 -o PasswordAuthentication=no -t -t -l ubuntu 51.250.67.240 -- sudo -p SudoPassword -H -S -i bash -c 'echo SUDO-SUCCESS && PATH=$PATH:/opt/deckhouse/bin/; kubectl proxy --as=dhctl --as-group=system:masters --port=0 --kubeconfig /etc/kubernetes/admin.conf --disable-filter ']
2025-03-08 20:15:48 - [7079104582188565172] Start proxy command
2025-03-08 20:15:48 - executor: start '/bin/ssh -C -o ControlMaster=auto -o ControlPersist=600s -o StrictHostKeyChecking=no -o UserKnownHostsFile=/dev/null -o GlobalKnownHostsFile=/dev/null -o ServerAliveInterval=10 -o ServerAliveCountMax=3 -o ConnectTimeout=15 -o PasswordAuthentication=no -t -t -l ubuntu 51.250.67.240 -- sudo -p SudoPassword -H -S -i bash -c 'echo SUDO-SUCCESS && PATH=$PATH:/opt/deckhouse/bin/; kubectl proxy --as=dhctl --as-group=system:masters --port=0 --kubeconfig /etc/kubernetes/admin.conf --disable-filter ''
2025-03-08 20:15:48 - Start read from streams for command:  /bin/ssh -C -o ControlMaster=auto -o ControlPersist=600s -o StrictHostKeyChecking=no -o UserKnownHostsFile=/dev/null -o GlobalKnownHostsFile=/dev/null -o ServerAliveInterval=10 -o ServerAliveCountMax=3 -o ConnectTimeout=15 -o PasswordAuthentication=no -t -t -l ubuntu 51.250.67.240 -- sudo -p SudoPassword -H -S -i bash -c 'echo SUDO-SUCCESS && PATH=$PATH:/opt/deckhouse/bin/; kubectl proxy --as=dhctl --as-group=system:masters --port=0 --kubeconfig /etc/kubernetes/admin.conf --disable-filter '
2025-03-08 20:15:48 - Start reading from stderr pipe
2025-03-08 20:15:48 - Register stoppable: '/bin/ssh -C -o ControlMaster=auto -o ControlPersist=600s -o StrictHostKeyChecking=no -o UserKnownHostsFile=/dev/null -o GlobalKnownHostsFile=/dev/null -o ServerAliveInterval=10 -o ServerAliveCountMax=3 -o ConnectTimeout=15 -o PasswordAuthentication=no -t -t -l ubuntu 51.250.67.240 -- sudo -p SudoPassword -H -S -i bash -c 'echo SUDO-SUCCESS && PATH=$PATH:/opt/deckhouse/bin/; kubectl proxy --as=dhctl --as-group=system:masters --port=0 --kubeconfig /etc/kubernetes/admin.conf --disable-filter ''
2025-03-08 20:15:48 - [7079104582188565172] Proxy command was started
2025-03-08 20:15:49 - Trigger matcher 'SUDO-SUCCESS'
2025-03-08 20:15:49 - Got SUCCESS
2025-03-08 20:15:49 - [7079104582188565172] Command started
2025-03-08 20:15:49 - ssh: W0308 20:15:49.603173   10947 proxy.go:177] Request filter disabled, your proxy is vulnerable to XSRF attacks, please be cautious
2025-03-08 20:15:49 - Got proxy port = 34509 on host 51.250.67.240
2025-03-08 20:15:49 - ssh: Starting to serve on 127.0.0.1:34509
2025-03-08 20:15:49 - [7079104582188565172] Proxy process started with port: 34509
2025-03-08 20:15:49 - [7079104582188565172] Proxy was started successfully
2025-03-08 20:15:49 - [7079104582188565172] Starting up tunnel with proxy port 34509 and local port -1
2025-03-08 20:15:49 - [7079104582188565172] Incorrect local port -1 use default 22322
2025-03-08 20:15:49 - [7079104582188565172] Start 0 iteration for up tunnel
2025-03-08 20:15:49 - [7079104582188565172] Try up tunnel on 22322:localhost:34509
2025-03-08 20:15:49 - SSH arguments [-C -o ControlMaster=auto -o ControlPersist=600s -o StrictHostKeyChecking=no -o UserKnownHostsFile=/dev/null -o GlobalKnownHostsFile=/dev/null -o ServerAliveInterval=10 -o ServerAliveCountMax=3 -o ConnectTimeout=15 -o PasswordAuthentication=no -o ExitOnForwardFailure=yes -L 22322:localhost:34509 -l ubuntu 51.250.67.240 -- echo SUCCESS && cat]
2025-03-08 20:15:50 - [7079104582188565172] Tunnel was started. Starting health monitor
2025-03-08 20:15:50 - [7079104582188565172] Tunnel up on local port 22322
2025-03-08 20:15:50 - [7079104582188565172] Kube-proxy starting was finished
2025-03-08 20:15:50 - Succeeded!
2025-03-08 20:15:50 - End process Starting kube proxy2025-03-08 20:15:50 - Proxy started on port 22322
2025-03-08 20:15:50 - Tunnel health monitor started
2025-03-08 20:15:50 - [7079104582188565172] Kubeproxy health monitor started
2025-03-08 20:15:50 - [7079104582188565172] Kubeproxy Monitor step
2025-03-08 20:15:50 - Succeeded!
2025-03-08 20:15:50 - End process Get Kubernetes API client2025-03-08 20:15:50 - Start process Waiting for Kubernetes API to become Ready2025-03-08 20:15:50 - Succeeded!
2025-03-08 20:15:50 - End process Waiting for Kubernetes API to become Ready2025-03-08 20:15:50 - End process Connect to Kubernetes API2025-03-08 20:15:50 - Start process Install Deckhouse2025-03-08 20:15:50 - Start process Get deckhouse manifest2025-03-08 20:15:50 - Succeeded!
2025-03-08 20:15:50 - End process Get deckhouse manifest2025-03-08 20:15:50 - Found deckhouse mc. Try to prepare...
2025-03-08 20:15:50 - Found releaseChannel in mc deckhouse. Remove it from mc
2025-03-08 20:15:50 - Found global mc. Try to prepare...
2025-03-08 20:15:50 - Not found https in global mc. Finish preparing
2025-03-08 20:15:50 - Start process Create Manifests2025-03-08 20:15:50 - Manifest for Namespace "d8-system"
2025-03-08 20:15:50 - Manifest for Admin ClusterRole "cluster-admin"
2025-03-08 20:15:50 - Admin ClusterRole "cluster-admin" already exists. Trying to update ... 2025-03-08 20:15:50 - OK!
2025-03-08 20:15:50 - Manifest for ClusterRoleBinding "deckhouse"
2025-03-08 20:15:50 - Manifest for ServiceAccount "deckhouse"
2025-03-08 20:15:50 - Manifest for ConfigMap "install-data"
2025-03-08 20:15:50 - Manifest for Secret "deckhouse-registry"
2025-03-08 20:15:50 - Manifest for Secret "d8-cluster-terraform-state"
2025-03-08 20:15:50 - Manifest for Secret "d8-node-terraform-state-cloud-demo-master-0"
2025-03-08 20:15:50 - Manifest for Secret "d8-cluster-configuration"
2025-03-08 20:15:51 - Manifest for Secret "d8-provider-cluster-configuration"
2025-03-08 20:15:51 - Manifest for ConfigMap "d8-cluster-uuid"
2025-03-08 20:15:51 - Manifest for Service "kube-dns"
2025-03-08 20:15:51 - Manifest for ConfigMap "deckhouse-bootstrap-lock"
2025-03-08 20:15:51 - Manifest for Deployment "deckhouse"
2025-03-08 20:15:51 - Manifest for ModuleConfig "deckhouse"
2025-03-08 20:15:51 - Waiting for creating ModuleConfig CRD...
2025-03-08 20:15:51 - Error getting mc api resource: apiVersion 'deckhouse.io/v1alpha1', kind 'ModuleConfig' is not supported by cluster: apiVersion 'deckhouse.io/v1alpha1' has no supported resources in cluster: not found
2025-03-08 20:15:51 - Do not create mc: the server could not find the requested resource
2025-03-08 20:15:56 - Manifest for ModuleConfig "deckhouse"
2025-03-08 20:15:56 - Waiting for creating ModuleConfig CRD...
2025-03-08 20:15:56 - Error getting mc api resource: apiVersion 'deckhouse.io/v1alpha1', kind 'ModuleConfig' is not supported by cluster: apiVersion 'deckhouse.io/v1alpha1' has no supported resources in cluster: not found
2025-03-08 20:15:56 - Do not create mc: the server could not find the requested resource
2025-03-08 20:16:01 - Manifest for ModuleConfig "deckhouse"
2025-03-08 20:16:01 - Waiting for creating ModuleConfig CRD...
2025-03-08 20:16:01 - Error getting mc api resource: apiVersion 'deckhouse.io/v1alpha1', kind 'ModuleConfig' is not supported by cluster: apiVersion 'deckhouse.io/v1alpha1' has no supported resources in cluster: not found
2025-03-08 20:16:01 - Do not create mc: the server could not find the requested resource
2025-03-08 20:16:06 - Manifest for ModuleConfig "deckhouse"
2025-03-08 20:16:06 - Waiting for creating ModuleConfig CRD...
2025-03-08 20:16:06 - Error getting mc api resource: apiVersion 'deckhouse.io/v1alpha1', kind 'ModuleConfig' is not supported by cluster: apiVersion 'deckhouse.io/v1alpha1' has no supported resources in cluster: not found
2025-03-08 20:16:06 - Do not create mc: the server could not find the requested resource
2025-03-08 20:16:11 - Manifest for ModuleConfig "deckhouse"
2025-03-08 20:16:11 - Waiting for creating ModuleConfig CRD...
2025-03-08 20:16:11 - Error getting mc api resource: apiVersion 'deckhouse.io/v1alpha1', kind 'ModuleConfig' is not supported by cluster: apiVersion 'deckhouse.io/v1alpha1' has no supported resources in cluster: not found
2025-03-08 20:16:11 - Do not create mc: the server could not find the requested resource
2025-03-08 20:16:16 - Manifest for ModuleConfig "deckhouse"
2025-03-08 20:16:16 - Waiting for creating ModuleConfig CRD...
2025-03-08 20:16:17 - Error getting mc api resource: apiVersion 'deckhouse.io/v1alpha1', kind 'ModuleConfig' is not supported by cluster: apiVersion 'deckhouse.io/v1alpha1' has no supported resources in cluster: not found
2025-03-08 20:16:17 - Do not create mc: the server could not find the requested resource
2025-03-08 20:16:22 - Manifest for ModuleConfig "deckhouse"
2025-03-08 20:16:22 - Waiting for creating ModuleConfig CRD...
2025-03-08 20:16:22 - stop line consumer for 'ssh'
2025-03-08 20:16:22 - Error getting mc api resource: apiVersion 'deckhouse.io/v1alpha1', kind 'ModuleConfig' is not supported by cluster: apiVersion 'deckhouse.io/v1alpha1' has no supported resources in cluster: not found
2025-03-08 20:16:22 - Do not create mc: the server could not find the requested resource
2025-03-08 20:16:27 - Manifest for ModuleConfig "deckhouse"
2025-03-08 20:16:27 - Waiting for creating ModuleConfig CRD...
2025-03-08 20:16:29 - Manifest for ModuleConfig "global"
2025-03-08 20:16:29 - Manifest for ModuleConfig "user-authn"
2025-03-08 20:16:29 - End process Create Manifests2025-03-08 20:16:29 - Start process Unlock Deckhouse controller queue2025-03-08 20:16:29 - Succeeded!
2025-03-08 20:16:29 - End process Unlock Deckhouse controller queue2025-03-08 20:16:29 - Start process Waiting for Deckhouse to become Ready2025-03-08 20:16:29 - Deckhouse pod found: deckhouse-7f7c8fc95d-tbhtk (Running)
2025-03-08 20:16:29 - Running pod found! Checking logs...
2025-03-08 20:16:29 - Pod deckhouse-7f7c8fc95d-tbhtk is not ready: Ready = False
2025-03-08 20:16:29 - Pod deckhouse-7f7c8fc95d-tbhtk is not ready: ContainersReady = False
2025-03-08 20:16:29 - 	/: [info] The following deprecated CRDs were deleted: []
2025-03-08 20:16:29 - 	/: [info] I0308 20:16:27.168963      13 request.go:697] Waited for 1.180652932s due to client-side throttling, not priority and fairness, request: POST:https://10.241.32.4:6443/apis/apiextensions.k8s.io/v1/customresourcedefinitions

2025-03-08 20:16:29 - 	/: [info] Bootstrap lock ConfigMap exists. Waiting for bootstrap process to be done
2025-03-08 20:16:29 - 	/: [info] Bootstrap lock has been released
2025-03-08 20:16:29 - 	/: [info] Setup KubeConfigManager backend
2025-03-08 20:16:29 - 	/: [info] Helm3Lib detected. Use builtin Helm.
2025-03-08 20:16:29 - 	/: [info] Helm 3 version: v3.14
2025-03-08 20:16:29 - 	/: [info] global hooks directory: /deckhouse/global-hooks
2025-03-08 20:16:29 - 	/: [info] Controller started
2025-03-08 20:16:29 - 	/: [info] waiting for the preflight checks to run
2025-03-08 20:16:30 - Pod deckhouse-7f7c8fc95d-tbhtk is not ready: Ready = False
2025-03-08 20:16:30 - Pod deckhouse-7f7c8fc95d-tbhtk is not ready: ContainersReady = False
2025-03-08 20:16:31 - Pod deckhouse-7f7c8fc95d-tbhtk is not ready: Ready = False
2025-03-08 20:16:31 - Pod deckhouse-7f7c8fc95d-tbhtk is not ready: ContainersReady = False
2025-03-08 20:16:33 - Pod deckhouse-7f7c8fc95d-tbhtk is not ready: Ready = False
2025-03-08 20:16:33 - Pod deckhouse-7f7c8fc95d-tbhtk is not ready: ContainersReady = False
2025-03-08 20:16:34 - Pod deckhouse-7f7c8fc95d-tbhtk is not ready: Ready = False
2025-03-08 20:16:34 - Pod deckhouse-7f7c8fc95d-tbhtk is not ready: ContainersReady = False
2025-03-08 20:16:35 - Pod deckhouse-7f7c8fc95d-tbhtk is not ready: Ready = False
2025-03-08 20:16:35 - Pod deckhouse-7f7c8fc95d-tbhtk is not ready: ContainersReady = False
2025-03-08 20:16:36 - Pod deckhouse-7f7c8fc95d-tbhtk is not ready: Ready = False
2025-03-08 20:16:36 - Pod deckhouse-7f7c8fc95d-tbhtk is not ready: ContainersReady = False
2025-03-08 20:16:37 - Pod deckhouse-7f7c8fc95d-tbhtk is not ready: Ready = False
2025-03-08 20:16:37 - Pod deckhouse-7f7c8fc95d-tbhtk is not ready: ContainersReady = False
2025-03-08 20:16:38 - Pod deckhouse-7f7c8fc95d-tbhtk is not ready: Ready = False
2025-03-08 20:16:38 - Pod deckhouse-7f7c8fc95d-tbhtk is not ready: ContainersReady = False
2025-03-08 20:16:39 - Pod deckhouse-7f7c8fc95d-tbhtk is not ready: Ready = False
2025-03-08 20:16:39 - Pod deckhouse-7f7c8fc95d-tbhtk is not ready: ContainersReady = False
2025-03-08 20:16:40 - Pod deckhouse-7f7c8fc95d-tbhtk is not ready: Ready = False
2025-03-08 20:16:40 - Pod deckhouse-7f7c8fc95d-tbhtk is not ready: ContainersReady = False
2025-03-08 20:16:41 - Pod deckhouse-7f7c8fc95d-tbhtk is not ready: Ready = False
2025-03-08 20:16:41 - Pod deckhouse-7f7c8fc95d-tbhtk is not ready: ContainersReady = False
2025-03-08 20:16:43 - Pod deckhouse-7f7c8fc95d-tbhtk is not ready: Ready = False
2025-03-08 20:16:43 - Pod deckhouse-7f7c8fc95d-tbhtk is not ready: ContainersReady = False
2025-03-08 20:16:44 - Pod deckhouse-7f7c8fc95d-tbhtk is not ready: Ready = False
2025-03-08 20:16:44 - Pod deckhouse-7f7c8fc95d-tbhtk is not ready: ContainersReady = False
2025-03-08 20:16:45 - Pod deckhouse-7f7c8fc95d-tbhtk is not ready: Ready = False
2025-03-08 20:16:45 - Pod deckhouse-7f7c8fc95d-tbhtk is not ready: ContainersReady = False
2025-03-08 20:16:46 - Pod deckhouse-7f7c8fc95d-tbhtk is not ready: Ready = False
2025-03-08 20:16:46 - Pod deckhouse-7f7c8fc95d-tbhtk is not ready: ContainersReady = False
2025-03-08 20:16:47 - Pod deckhouse-7f7c8fc95d-tbhtk is not ready: Ready = False
2025-03-08 20:16:47 - Pod deckhouse-7f7c8fc95d-tbhtk is not ready: ContainersReady = False
2025-03-08 20:16:48 - Pod deckhouse-7f7c8fc95d-tbhtk is not ready: Ready = False
2025-03-08 20:16:48 - Pod deckhouse-7f7c8fc95d-tbhtk is not ready: ContainersReady = False
2025-03-08 20:16:49 - Pod deckhouse-7f7c8fc95d-tbhtk is not ready: Ready = False
2025-03-08 20:16:49 - Pod deckhouse-7f7c8fc95d-tbhtk is not ready: ContainersReady = False
2025-03-08 20:16:49 - 	/: [info] head task GlobalHookRun for Synchronization of 'main' group binding, trigger is Operator-Startup
2025-03-08 20:16:49 - 	/: [info] GlobalHookRun task for Synchronization of 'main' group binding, trigger is Operator-Startup
2025-03-08 20:16:49 - 	/: [info] GlobalHookEnableKubernetesBindings task for the hook, trigger is Operator-Startup
2025-03-08 20:16:49 - 	/: [info] head task GlobalHookRun for Synchronization of 'main' group binding, trigger is Operator-Startup
2025-03-08 20:16:49 - 	/: [info] GlobalHookRun task for Synchronization of 'main' group binding, trigger is Operator-Startup
2025-03-08 20:16:49 - 	/: [info] Global hook changed values, but ReloadAll ignored for the Synchronization task.
2025-03-08 20:16:49 - 	/: [info] GlobalHookEnableKubernetesBindings task for the hook, trigger is Operator-Startup
2025-03-08 20:16:49 - 	/: [info] head task GlobalHookRun for Synchronization of 'main' group binding, trigger is Operator-Startup
2025-03-08 20:16:49 - 	/: [info] GlobalHookRun task for Synchronization of 'main' group binding, trigger is Operator-Startup
2025-03-08 20:16:49 - 	/: [info] GlobalHookEnableKubernetesBindings task for the hook, trigger is Operator-Startup
2025-03-08 20:16:49 - 	/: [info] head task GlobalHookRun for Synchronization of 'main' group binding, trigger is Operator-Startup
2025-03-08 20:16:49 - 	/: [info] GlobalHookRun task for Synchronization of 'main' group binding, trigger is Operator-Startup
2025-03-08 20:16:49 - 	/: [info] Global hook changed values, but ReloadAll ignored for the Synchronization task.
2025-03-08 20:16:49 - 	/: [info] GlobalHookEnableKubernetesBindings task for the hook, trigger is Operator-Startup
2025-03-08 20:16:50 - Pod deckhouse-7f7c8fc95d-tbhtk is not ready: Ready = False
2025-03-08 20:16:50 - Pod deckhouse-7f7c8fc95d-tbhtk is not ready: ContainersReady = False
2025-03-08 20:16:50 - 	/: [info] head task GlobalHookRun for Synchronization of 'main' group binding, trigger is Operator-Startup
2025-03-08 20:16:50 - 	/: [info] GlobalHookRun task for Synchronization of 'main' group binding, trigger is Operator-Startup
2025-03-08 20:16:50 - 	/: [info] Global hook changed values, but ReloadAll ignored for the Synchronization task.
2025-03-08 20:16:50 - 	/: [info] GlobalHookEnableKubernetesBindings task for the hook, trigger is Operator-Startup
2025-03-08 20:16:51 - Pod deckhouse-7f7c8fc95d-tbhtk is not ready: Ready = False
2025-03-08 20:16:51 - Pod deckhouse-7f7c8fc95d-tbhtk is not ready: ContainersReady = False
2025-03-08 20:16:52 - Pod deckhouse-7f7c8fc95d-tbhtk is not ready: Ready = False
2025-03-08 20:16:52 - Pod deckhouse-7f7c8fc95d-tbhtk is not ready: ContainersReady = False
2025-03-08 20:16:52 - 	/: [info] head task GlobalHookRun for Synchronization of 'main' group binding, trigger is Operator-Startup
2025-03-08 20:16:52 - 	/: [info] head task GlobalHookRun for Synchronization of 'main' group binding, trigger is Operator-Startup
2025-03-08 20:16:52 - 	/: [info] head task GlobalHookRun for Synchronization of 'main' group binding, trigger is Operator-Startup
2025-03-08 20:16:52 - 	/: [info] head task GlobalHookRun for Synchronization of 'main' group binding, trigger is Operator-Startup
2025-03-08 20:16:52 - 	/: [info] head task GlobalHookRun for Synchronization of 'main' group binding, trigger is Operator-Startup
2025-03-08 20:16:52 - 	/: [info] GlobalHookRun task for Synchronization of 'main' group binding, trigger is Operator-Startup
2025-03-08 20:16:52 - 	/: [info] Binding contexts from 5 tasks are combined and compacted to 1 contexts. 4 tasks are dropped from queue 'main'
2025-03-08 20:16:52 - 	/: [info] GlobalHookEnableKubernetesBindings task for the hook, trigger is Operator-Startup
2025-03-08 20:16:52 - 	/: [info] head task GlobalHookRun for Synchronization of 'main' group binding, trigger is Operator-Startup
2025-03-08 20:16:52 - 	/: [info] GlobalHookRun task for Synchronization of 'main' group binding, trigger is Operator-Startup
2025-03-08 20:16:52 - 	/: [info] Global hook changed values, but ReloadAll ignored for the Synchronization task.
2025-03-08 20:16:52 - 	/: [info] GlobalHookEnableKubernetesBindings task for the hook, trigger is Operator-Startup
2025-03-08 20:16:53 - Pod deckhouse-7f7c8fc95d-tbhtk is not ready: Ready = False
2025-03-08 20:16:53 - Pod deckhouse-7f7c8fc95d-tbhtk is not ready: ContainersReady = False
2025-03-08 20:16:53 - 	/: [info] head task GlobalHookRun for Synchronization of 'main' group binding, trigger is Operator-Startup
2025-03-08 20:16:53 - 	/: [info] GlobalHookRun task for Synchronization of 'main' group binding, trigger is Operator-Startup
2025-03-08 20:16:53 - 	/: [info] Global hook changed values, but ReloadAll ignored for the Synchronization task.
2025-03-08 20:16:53 - 	/: [info] GlobalHookEnableKubernetesBindings task for the hook, trigger is Operator-Startup
2025-03-08 20:16:53 - 	/: [info] head task GlobalHookRun for Synchronization of 'main' group binding, trigger is Operator-Startup
2025-03-08 20:16:53 - 	/: [info] GlobalHookRun task for Synchronization of 'main' group binding, trigger is Operator-Startup
2025-03-08 20:16:53 - 	/: [warn] Default storage class not found. Cleaning current value.
2025-03-08 20:16:53 - 	/: [info] GlobalHookEnableKubernetesBindings task for the hook, trigger is Operator-Startup
2025-03-08 20:16:53 - 	/: [info] head task GlobalHookRun for Synchronization of 'main' group binding, trigger is Operator-Startup
2025-03-08 20:16:53 - 	/: [info] GlobalHookRun task for Synchronization of 'main' group binding, trigger is Operator-Startup
2025-03-08 20:16:53 - 	/: [info] Global hook changed values, but ReloadAll ignored for the Synchronization task.
2025-03-08 20:16:53 - 	/: [info] GlobalHookEnableKubernetesBindings task for the hook, trigger is Operator-Startup
2025-03-08 20:16:55 - Pod deckhouse-7f7c8fc95d-tbhtk is not ready: Ready = False
2025-03-08 20:16:55 - Pod deckhouse-7f7c8fc95d-tbhtk is not ready: ContainersReady = False
2025-03-08 20:16:55 - 	/: [info] head task GlobalHookRun for Synchronization of 'main' group binding, trigger is Operator-Startup
2025-03-08 20:16:55 - 	/: [info] head task GlobalHookRun for Synchronization of 'main' group binding, trigger is Operator-Startup
2025-03-08 20:16:55 - 	/: [info] head task GlobalHookRun for Synchronization of 'main' group binding, trigger is Operator-Startup
2025-03-08 20:16:55 - 	/: [info] head task GlobalHookRun for Synchronization of 'main' group binding, trigger is Operator-Startup
2025-03-08 20:16:55 - 	/: [info] GlobalHookRun task for Synchronization of 'main' group binding, trigger is Operator-Startup
2025-03-08 20:16:55 - 	/: [info] Binding contexts from 4 tasks are combined and compacted to 1 contexts. 3 tasks are dropped from queue 'main'
2025-03-08 20:16:55 - 	/: [info] k8s version. Start discovery
2025-03-08 20:16:55 - 	/: [info] k8s version was discovered: 1.29.12, all [1.29.12]
2025-03-08 20:16:55 - 	/: [info] Global hook changed values, but ReloadAll ignored for the Synchronization task.
2025-03-08 20:16:55 - 	/: [info] GlobalHookEnableKubernetesBindings task for the hook, trigger is Operator-Startup
2025-03-08 20:16:56 - Pod deckhouse-7f7c8fc95d-tbhtk is not ready: Ready = False
2025-03-08 20:16:56 - Pod deckhouse-7f7c8fc95d-tbhtk is not ready: ContainersReady = False
2025-03-08 20:16:57 - Pod deckhouse-7f7c8fc95d-tbhtk is not ready: Ready = False
2025-03-08 20:16:57 - Pod deckhouse-7f7c8fc95d-tbhtk is not ready: ContainersReady = False
2025-03-08 20:16:57 - 	/: [info] head task GlobalHookRun for Synchronization of 'main' group binding, trigger is Operator-Startup
2025-03-08 20:16:57 - 	/: [info] head task GlobalHookRun for Synchronization of 'main' group binding, trigger is Operator-Startup
2025-03-08 20:16:57 - 	/: [info] GlobalHookRun task for Synchronization of 'main' group binding, trigger is Operator-Startup
2025-03-08 20:16:57 - 	/: [info] Binding contexts from 2 tasks are combined and compacted to 1 contexts. 1 tasks are dropped from queue 'main'
2025-03-08 20:16:57 - 	/: [info] GlobalHookEnableKubernetesBindings task for the hook, trigger is Operator-Startup
2025-03-08 20:16:57 - 	/: [info] head task GlobalHookRun for Synchronization of 'main' group binding, trigger is Operator-Startup
2025-03-08 20:16:57 - 	/: [info] GlobalHookRun task for Synchronization of 'main' group binding, trigger is Operator-Startup
2025-03-08 20:16:57 - 	/: [info] Parameter `global.defaultClusterStorageClass` not set. Skipping
2025-03-08 20:16:57 - 	/: [info] GlobalHookEnableKubernetesBindings task for the hook, trigger is Operator-Startup
2025-03-08 20:16:58 - Pod deckhouse-7f7c8fc95d-tbhtk is not ready: Ready = False
2025-03-08 20:16:58 - Pod deckhouse-7f7c8fc95d-tbhtk is not ready: ContainersReady = False
2025-03-08 20:16:59 - Pod deckhouse-7f7c8fc95d-tbhtk is not ready: Ready = False
2025-03-08 20:16:59 - Pod deckhouse-7f7c8fc95d-tbhtk is not ready: ContainersReady = False
2025-03-08 20:16:59 - 	/: [info] head task GlobalHookRun for Synchronization of 'main' group binding, trigger is Operator-Startup
2025-03-08 20:16:59 - 	/: [info] head task GlobalHookRun for Synchronization of 'main' group binding, trigger is Operator-Startup
2025-03-08 20:16:59 - 	/: [info] GlobalHookRun task for Synchronization of 'main' group binding, trigger is Operator-Startup
2025-03-08 20:16:59 - 	/: [warn] CNI name not found
2025-03-08 20:16:59 - 	/: [info] GlobalHookRun task for Synchronization of 'main' group binding, trigger is Operator-Startup
2025-03-08 20:16:59 - 	/: [info] Execute on Synchronization disabled in hook config: ExecuteOnSynchronization=false
2025-03-08 20:16:59 - 	/: [info] GlobalHookEnableKubernetesBindings task for the hook, trigger is Operator-Startup
2025-03-08 20:16:59 - 	/: [info] head task GlobalHookRun for Synchronization of 'main' group binding, trigger is Operator-Startup
2025-03-08 20:16:59 - 	/: [info] GlobalHookRun task for Synchronization of 'main' group binding, trigger is Operator-Startup
2025-03-08 20:16:59 - 	/: [info] Global hook changed values, but ReloadAll ignored for the Synchronization task.
2025-03-08 20:16:59 - 	/: [info] GlobalHookEnableKubernetesBindings task for the hook, trigger is Operator-Startup
2025-03-08 20:17:00 - Pod deckhouse-7f7c8fc95d-tbhtk is not ready: Ready = False
2025-03-08 20:17:00 - Pod deckhouse-7f7c8fc95d-tbhtk is not ready: ContainersReady = False
2025-03-08 20:17:00 - 	/: [warn] W0308 20:17:00.115561      13 warnings.go:70] deckhouse.io/v1alpha1 ModuleUpdatePolicy is deprecated; use deckhouse.io/v1alpha2 ModuleUpdatePolicy

2025-03-08 20:17:00 - 	/: [warn] W0308 20:17:00.313638      13 warnings.go:70] deckhouse.io/v1alpha1 ModuleUpdatePolicy is deprecated; use deckhouse.io/v1alpha2 ModuleUpdatePolicy

2025-03-08 20:17:00 - 	/: [warn] W0308 20:17:00.314952      13 warnings.go:70] deckhouse.io/v1alpha1 ModuleUpdatePolicy is deprecated; use deckhouse.io/v1alpha2 ModuleUpdatePolicy

2025-03-08 20:17:01 - Pod deckhouse-7f7c8fc95d-tbhtk is not ready: Ready = False
2025-03-08 20:17:01 - Pod deckhouse-7f7c8fc95d-tbhtk is not ready: ContainersReady = False
2025-03-08 20:17:01 - 	/metricsStorage: [info] Create metric histogram deckhouse_module_hook_run_sys_cpu_seconds
2025-03-08 20:17:01 - 	/metricsStorage: [info] Create metric histogram deckhouse_module_hook_run_user_cpu_seconds
2025-03-08 20:17:01 - 	/metricsStorage: [info] Create metric gauge deckhouse_module_hook_run_max_rss_bytes
2025-03-08 20:17:01 - 	priority-class/ModuleManager.RefreshEnabledState: [info] Enabled script run successful, result 'true', module 'Enabled'
2025-03-08 20:17:01 - 	flow-schema/ModuleManager.RefreshEnabledState: [info] Enabled script run successful, result 'true', module 'Enabled'
2025-03-08 20:17:01 - 	cloud-provider-yandex/ModuleManager.RefreshEnabledState: [info] Enabled script run successful, result 'true', module 'Enabled'
2025-03-08 20:17:01 - 	kube-proxy/ModuleManager.RefreshEnabledState: [info] Enabled script run successful, result 'false', module 'Disabled'
2025-03-08 20:17:01 - 	control-plane-manager/ModuleManager.RefreshEnabledState: [info] Enabled script run successful, result 'true', module 'Enabled'
2025-03-08 20:17:01 - 	node-manager/ModuleManager.RefreshEnabledState: [info] Enabled script run successful, result 'true', module 'Enabled'
2025-03-08 20:17:01 - 	terraform-manager/ModuleManager.RefreshEnabledState: [info] Enabled script run successful, result 'false', module 'Disabled'
2025-03-08 20:17:02 - Pod deckhouse-7f7c8fc95d-tbhtk is not ready: Ready = False
2025-03-08 20:17:02 - Pod deckhouse-7f7c8fc95d-tbhtk is not ready: ContainersReady = False
2025-03-08 20:17:03 - Pod deckhouse-7f7c8fc95d-tbhtk is not ready: Ready = False
2025-03-08 20:17:03 - Pod deckhouse-7f7c8fc95d-tbhtk is not ready: ContainersReady = False
2025-03-08 20:17:03 - 	kube-dns/ModuleManager.RefreshEnabledState: [info] Enabled script run successful, result 'true', module 'Enabled'
2025-03-08 20:17:03 - 	user-authn/ModuleManager.RefreshEnabledState: [info] Enabled script run successful, result 'false', module 'Disabled'
2025-03-08 20:17:03 - 	prometheus/ModuleManager.RefreshEnabledState: [info] Enabled script run successful, result 'false', module 'Disabled'
2025-03-08 20:17:03 - 	prometheus-metrics-adapter/ModuleManager.RefreshEnabledState: [info] Enabled script run successful, result 'false', module 'Disabled'
2025-03-08 20:17:03 - 	vertical-pod-autoscaler/ModuleManager.RefreshEnabledState: [info] Enabled script run successful, result 'false', module 'Disabled'
2025-03-08 20:17:03 - 	extended-monitoring/ModuleManager.RefreshEnabledState: [info] Enabled script run successful, result 'false', module 'Disabled'
2025-03-08 20:17:03 - 	monitoring-custom/ModuleManager.RefreshEnabledState: [info] Enabled script run successful, result 'false', module 'Disabled'
2025-03-08 20:17:03 - 	monitoring-deckhouse/ModuleManager.RefreshEnabledState: [info] Enabled script run successful, result 'false', module 'Disabled'
2025-03-08 20:17:03 - 	monitoring-kubernetes/ModuleManager.RefreshEnabledState: [info] Enabled script run successful, result 'false', module 'Disabled'
2025-03-08 20:17:03 - 	monitoring-kubernetes-control-plane/ModuleManager.RefreshEnabledState: [info] Enabled script run successful, result 'false', module 'Disabled'
2025-03-08 20:17:03 - 	monitoring-ping/ModuleManager.RefreshEnabledState: [info] Enabled script run successful, result 'false', module 'Disabled'
2025-03-08 20:17:03 - 	/ModuleManager.RefreshEnabledState: [info] Enabled modules: [priority-class deckhouse flow-schema cloud-provider-yandex local-path-provisioner registry-packages-proxy control-plane-manager node-manager kube-dns chrony]
2025-03-08 20:17:03 - 	/: [info] head task ModuleEnsureCRDs for module 'local-path-provisioner', trigger is EnsureCRDs
2025-03-08 20:17:03 - 	/: [info] head task ModuleEnsureCRDs for module 'control-plane-manager', trigger is EnsureCRDs
2025-03-08 20:17:03 - 	/: [info] head task ModuleEnsureCRDs for module 'node-manager', trigger is EnsureCRDs
2025-03-08 20:17:03 - 	/: [info] head task ModuleRun for module 'priority-class', phase '' with doModuleStartup, trigger is OperatorStartup
2025-03-08 20:17:03 - 	/: [info] head task ModuleRun for module 'deckhouse', phase '' with doModuleStartup, trigger is OperatorStartup
2025-03-08 20:17:03 - 	/: [info] head task ModuleRun for module 'flow-schema', phase '' with doModuleStartup, trigger is OperatorStartup
2025-03-08 20:17:03 - 	/: [info] head task ModuleRun for module 'cloud-provider-yandex', phase '' with doModuleStartup, trigger is OperatorStartup
2025-03-08 20:17:03 - 	/: [info] head task ModuleRun for module 'local-path-provisioner', phase '' with doModuleStartup, trigger is OperatorStartup
2025-03-08 20:17:03 - 	/: [info] head task ModuleRun for module 'registry-packages-proxy', phase '' with doModuleStartup, trigger is OperatorStartup
2025-03-08 20:17:03 - 	/: [info] head task ParallelModuleRun for modules 'Parallel run for control-plane-manager, node-manager', trigger is OperatorStartup
2025-03-08 20:17:03 - 	/: [info] head task ModuleRun for module 'kube-dns', phase '' with doModuleStartup, trigger is OperatorStartup
2025-03-08 20:17:03 - 	/: [info] head task ModuleRun for module 'chrony', phase '' with doModuleStartup, trigger is OperatorStartup
2025-03-08 20:17:03 - 	/: [info] ConvergeModules task done, result is 'Keep' for OperatorStartup in phase 'WaitDeleteAndRunModules', trigger is Operator-Startup
2025-03-08 20:17:03 - 	local-path-provisioner/: [info] ModuleEnsureCRDs task for module 'local-path-provisioner', trigger is EnsureCRDs
2025-03-08 20:17:03 - 	/: [info] ModuleEnsureCRDs task for module 'control-plane-manager', trigger is EnsureCRDs
2025-03-08 20:17:03 - 	/: [info] ModuleEnsureCRDs task for module 'node-manager', trigger is EnsureCRDs
2025-03-08 20:17:04 - Pod deckhouse-7f7c8fc95d-tbhtk is not ready: Ready = False
2025-03-08 20:17:04 - Pod deckhouse-7f7c8fc95d-tbhtk is not ready: ContainersReady = False
2025-03-08 20:17:05 - 	/: [warn] failed to handle the event for the 'modules' module: Module.deckhouse.io "modules" not found
2025-03-08 20:17:05 - 	/: [info] I0308 20:17:04.989490      13 request.go:697] Waited for 1.049246106s due to client-side throttling, not priority and fairness, request: GET:https://10.241.32.4:6443/apis/apiextensions.k8s.io/v1/customresourcedefinitions/awsmachineclasses.machine.sapcloud.io

2025-03-08 20:17:06 - Pod deckhouse-7f7c8fc95d-tbhtk is not ready: Ready = False
2025-03-08 20:17:06 - Pod deckhouse-7f7c8fc95d-tbhtk is not ready: ContainersReady = False
2025-03-08 20:17:07 - Pod deckhouse-7f7c8fc95d-tbhtk is not ready: Ready = False
2025-03-08 20:17:07 - Pod deckhouse-7f7c8fc95d-tbhtk is not ready: ContainersReady = False
2025-03-08 20:17:08 - Pod deckhouse-7f7c8fc95d-tbhtk is not ready: Ready = False
2025-03-08 20:17:08 - Pod deckhouse-7f7c8fc95d-tbhtk is not ready: ContainersReady = False
2025-03-08 20:17:09 - Pod deckhouse-7f7c8fc95d-tbhtk is not ready: Ready = False
2025-03-08 20:17:09 - Pod deckhouse-7f7c8fc95d-tbhtk is not ready: ContainersReady = False
2025-03-08 20:17:10 - Pod deckhouse-7f7c8fc95d-tbhtk is not ready: Ready = False
2025-03-08 20:17:10 - Pod deckhouse-7f7c8fc95d-tbhtk is not ready: ContainersReady = False
2025-03-08 20:17:11 - Pod deckhouse-7f7c8fc95d-tbhtk is not ready: Ready = False
2025-03-08 20:17:11 - Pod deckhouse-7f7c8fc95d-tbhtk is not ready: ContainersReady = False
2025-03-08 20:17:12 - Pod deckhouse-7f7c8fc95d-tbhtk is not ready: Ready = False
2025-03-08 20:17:12 - Pod deckhouse-7f7c8fc95d-tbhtk is not ready: ContainersReady = False
2025-03-08 20:17:13 - Pod deckhouse-7f7c8fc95d-tbhtk is not ready: Ready = False
2025-03-08 20:17:13 - Pod deckhouse-7f7c8fc95d-tbhtk is not ready: ContainersReady = False
2025-03-08 20:17:14 - Pod deckhouse-7f7c8fc95d-tbhtk is not ready: Ready = False
2025-03-08 20:17:14 - Pod deckhouse-7f7c8fc95d-tbhtk is not ready: ContainersReady = False
2025-03-08 20:17:14 - 	priority-class/: [info] ModuleRun task for module 'priority-class', phase 'Startup' with doModuleStartup, trigger is OperatorStartup
2025-03-08 20:17:14 - 	/: [info] 2025/03/08 20:17:14 found symbolic link in path: /deckhouse/modules/001-priority-class/charts/helm_lib resolves to /deckhouse/helm_lib/charts/deckhouse_lib_helm. Contents of linked file included and used
2025-03-08 20:17:14 - 	priority-class/helm3lib: [info] Render helm templates for chart '/deckhouse/modules/001-priority-class' was successful
2025-03-08 20:17:14 - 	/metricsStorage: [info] Create metric histogram deckhouse_helm_operation_seconds
2025-03-08 20:17:14 - 	/: [info] 2025/03/08 20:17:14 found symbolic link in path: /deckhouse/modules/001-priority-class/charts/helm_lib resolves to /deckhouse/helm_lib/charts/deckhouse_lib_helm. Contents of linked file included and used
2025-03-08 20:17:14 - 	priority-class/helm3lib: [info] Running helm upgrade for release 'priority-class' with chart '/deckhouse/modules/001-priority-class' in namespace 'd8-system' ...
2025-03-08 20:17:14 - 	/metricsStorage: [info] Create metric histogram deckhouse_module_helm_seconds
2025-03-08 20:17:14 - 	Module "priority-class" run successfully
2025-03-08 20:17:14 - 	/metricsStorage: [info] Create metric histogram deckhouse_module_run_seconds
2025-03-08 20:17:14 - 	/: [info] Converge modules in progress: 7 modules left to process in queue 'main'
2025-03-08 20:17:14 - 	deckhouse/: [info] ModuleRun task for module 'deckhouse', phase 'Startup' with doModuleStartup, trigger is OperatorStartup
2025-03-08 20:17:16 - Pod deckhouse-7f7c8fc95d-tbhtk is not ready: Ready = False
2025-03-08 20:17:16 - Pod deckhouse-7f7c8fc95d-tbhtk is not ready: ContainersReady = False
2025-03-08 20:17:17 - Pod deckhouse-7f7c8fc95d-tbhtk is not ready: Ready = False
2025-03-08 20:17:17 - Pod deckhouse-7f7c8fc95d-tbhtk is not ready: ContainersReady = False
2025-03-08 20:17:18 - Pod deckhouse-7f7c8fc95d-tbhtk is not ready: Ready = False
2025-03-08 20:17:18 - Pod deckhouse-7f7c8fc95d-tbhtk is not ready: ContainersReady = False
2025-03-08 20:17:19 - Pod deckhouse-7f7c8fc95d-tbhtk is not ready: Ready = False
2025-03-08 20:17:19 - Pod deckhouse-7f7c8fc95d-tbhtk is not ready: ContainersReady = False
2025-03-08 20:17:19 - 	deckhouse/: [info] append task ModuleHookRun for Synchronization of 'main' group binding, trigger is OperatorStartup
2025-03-08 20:17:19 - 	deckhouse/: [info] append task ModuleHookRun for Synchronization of 'main' group binding, trigger is OperatorStartup
2025-03-08 20:17:19 - 	deckhouse/: [info] append task ModuleHookRun for Synchronization of 'main' group binding, trigger is OperatorStartup
2025-03-08 20:17:19 - 	deckhouse/: [info] append task ModuleHookRun for Synchronization of 'main' group binding, trigger is OperatorStartup
2025-03-08 20:17:19 - 	deckhouse/: [info] append task ModuleHookRun for Synchronization of 'main' group binding, trigger is OperatorStartup
2025-03-08 20:17:19 - 	deckhouse/: [info] append task ModuleHookRun for Synchronization of 'main' group binding, trigger is OperatorStartup
2025-03-08 20:17:19 - 	deckhouse/: [info] head task ModuleHookRun for Synchronization of 'main' group binding, trigger is OperatorStartup
2025-03-08 20:17:19 - 	deckhouse/: [info] head task ModuleHookRun for Synchronization of 'main' group binding, trigger is OperatorStartup
2025-03-08 20:17:19 - 	deckhouse/: [info] head task ModuleHookRun for Synchronization of 'main' group binding, trigger is OperatorStartup
2025-03-08 20:17:19 - 	deckhouse/: [info] head task ModuleHookRun for Synchronization of 'main' group binding, trigger is OperatorStartup
2025-03-08 20:17:19 - 	deckhouse/: [info] head task ModuleHookRun for Synchronization of 'main' group binding, trigger is OperatorStartup
2025-03-08 20:17:19 - 	deckhouse/: [info] head task ModuleHookRun for Synchronization of 'main' group binding, trigger is OperatorStartup
2025-03-08 20:17:19 - 	deckhouse/: [info] head task ModuleHookRun for Synchronization of 'main' group binding, trigger is OperatorStartup
2025-03-08 20:17:19 - 	deckhouse/: [info] ModuleHookRun task for Synchronization of 'main' group binding, trigger is OperatorStartup
2025-03-08 20:17:19 - 	/metricsStorage: [info] Create metric counter deckhouse_module_hook_allowed_errors_total
2025-03-08 20:17:19 - 	/metricsStorage: [info] Create metric counter deckhouse_module_hook_errors_total
2025-03-08 20:17:19 - 	/metricsStorage: [info] Create metric counter deckhouse_module_hook_success_total
2025-03-08 20:17:19 - 	/metricsStorage: [info] Create metric histogram deckhouse_module_hook_run_seconds
2025-03-08 20:17:19 - 	deckhouse/: [info] ModuleHookRun task for Synchronization of 'main' group binding, trigger is OperatorStartup
2025-03-08 20:17:19 - 	deckhouse/: [info] ModuleHookRun task for Synchronization of 'main' group binding, trigger is OperatorStartup
2025-03-08 20:17:19 - 	deckhouse/: [info] Module hook changed values, but restart ModuleRun is ignored for the Synchronization task.
2025-03-08 20:17:19 - 	deckhouse/: [info] ModuleHookRun task for Synchronization of 'main' group binding, trigger is OperatorStartup
2025-03-08 20:17:19 - 	deckhouse/: [info] Module hook changed values, but restart ModuleRun is ignored for the Synchronization task.
2025-03-08 20:17:19 - 	deckhouse/: [info] ModuleHookRun task for Synchronization of 'main' group binding, trigger is OperatorStartup
2025-03-08 20:17:19 - 	deckhouse/: [info] ModuleHookRun task for Synchronization of 'main' group binding, trigger is OperatorStartup
2025-03-08 20:17:19 - 	deckhouse/: [info] ModuleHookRun task for Synchronization of 'main' group binding, trigger is OperatorStartup
2025-03-08 20:17:19 - 	deckhouse/: [info] ModuleHookRun task for Synchronization of 'main' group binding, trigger is OperatorStartup
2025-03-08 20:17:19 - 	/: [info] Binding contexts from 3 tasks are combined and compacted to 1 contexts. 2 tasks are dropped from queue '/modules/deckhouse/migrate'
2025-03-08 20:17:19 - 	deckhouse/: [info] ModuleHookRun task for Synchronization of 'main' group binding, trigger is OperatorStartup
2025-03-08 20:17:19 - 	/: [info] Binding contexts from 2 tasks are combined and compacted to 1 contexts. 1 tasks are dropped from queue '/modules/deckhouse/set-deckhouse-ready-nodes'
2025-03-08 20:17:19 - 	deckhouse/: [info] Labeling cloud-demo-master-0 node with node.deckhouse.io/deckhouse-ready=false label
2025-03-08 20:17:19 - 	deckhouse/: [info] Module hook changed values, but restart ModuleRun is ignored for the Synchronization task.
2025-03-08 20:17:19 - 	deckhouse/: [info] ModuleHookRun task for Synchronization of 'main' group binding, trigger is OperatorStartup
2025-03-08 20:17:19 - 	deckhouse/: [info] Module hook changed values, but restart ModuleRun is ignored for the Synchronization task.
2025-03-08 20:17:19 - 	deckhouse/: [info] Synchronization done for module hooks
2025-03-08 20:17:19 - 	deckhouse/: [info] Module hook start
2025-03-08 20:17:19 - 	deckhouse/: [info] Labeling cloud-demo-master-0 node with node.deckhouse.io/deckhouse-ready=false label
2025-03-08 20:17:19 - 	deckhouse/: [info] Module hook start
2025-03-08 20:17:19 - 	deckhouse/: [info] Module hook start
2025-03-08 20:17:19 - 	deckhouse/: [info] Module hook start
2025-03-08 20:17:19 - 	deckhouse/: [info] Module hook start
2025-03-08 20:17:19 - 	deckhouse/: [info] Module hook start
2025-03-08 20:17:19 - 	deckhouse/: [info] Module hook start
2025-03-08 20:17:19 - 	/: [info] 2025/03/08 20:17:19 found symbolic link in path: /deckhouse/modules/002-deckhouse/charts/helm_lib resolves to /deckhouse/helm_lib/charts/deckhouse_lib_helm. Contents of linked file included and used
2025-03-08 20:17:20 - Pod deckhouse-7f7c8fc95d-tbhtk is not ready: Ready = False
2025-03-08 20:17:20 - Pod deckhouse-7f7c8fc95d-tbhtk is not ready: ContainersReady = False
2025-03-08 20:17:21 - Pod deckhouse-7f7c8fc95d-tbhtk is not ready: Ready = False
2025-03-08 20:17:21 - Pod deckhouse-7f7c8fc95d-tbhtk is not ready: ContainersReady = False
2025-03-08 20:17:21 - 	/: [warning] Catch signal SIGTERM
2025-03-08 20:17:21 - 	/: [info] Grace shutdown by 'terminated' signal
2025-03-08 20:17:21 - 	/: [info] queue 'parallel_queue_8' stopped
2025-03-08 20:17:22 - checkDeckhousePodReady: pods "deckhouse-7f7c8fc95d-tbhtk" not found
2025-03-08 20:17:22 - Request failed. Probably pod was restarted during installation.
2025-03-08 20:17:27 - Deckhouse pod found: deckhouse-7c9cd59f84-gbk2h (Pending)
2025-03-08 20:17:32 - Deckhouse pod found: deckhouse-7c9cd59f84-gbk2h (Running)
2025-03-08 20:17:32 - Running pod found! Checking logs...
2025-03-08 20:17:32 - Pod deckhouse-7c9cd59f84-gbk2h is not ready: Ready = False
2025-03-08 20:17:32 - Pod deckhouse-7c9cd59f84-gbk2h is not ready: ContainersReady = False
2025-03-08 20:17:32 - 	/: [info] ModuleEnsureCRDs task for module 'node-manager', trigger is EnsureCRDs
2025-03-08 20:17:32 - 	priority-class/: [info] ModuleRun task for module 'priority-class', phase 'Startup' with doModuleStartup, trigger is OperatorStartup
2025-03-08 20:17:32 - 	/: [info] 2025/03/08 20:17:31 found symbolic link in path: /deckhouse/modules/001-priority-class/charts/helm_lib resolves to /deckhouse/helm_lib/charts/deckhouse_lib_helm. Contents of linked file included and used
2025-03-08 20:17:32 - 	priority-class/helm3lib: [info] Render helm templates for chart '/deckhouse/modules/001-priority-class' was successful
2025-03-08 20:17:32 - 	/metricsStorage: [info] Create metric histogram deckhouse_helm_operation_seconds
2025-03-08 20:17:32 - 	/metricsStorage: [info] Create metric histogram deckhouse_module_helm_seconds
2025-03-08 20:17:32 - 	Module "priority-class" run successfully
2025-03-08 20:17:32 - 	/metricsStorage: [info] Create metric histogram deckhouse_module_run_seconds
2025-03-08 20:17:32 - 	/: [info] Converge modules in progress: 7 modules left to process in queue 'main'
2025-03-08 20:17:32 - 	deckhouse/: [info] ModuleRun task for module 'deckhouse', phase 'Startup' with doModuleStartup, trigger is OperatorStartup
2025-03-08 20:17:33 - Pod deckhouse-7c9cd59f84-gbk2h is not ready: Ready = False
2025-03-08 20:17:33 - Pod deckhouse-7c9cd59f84-gbk2h is not ready: ContainersReady = False
2025-03-08 20:17:33 - 	deckhouse/: [info] append task ModuleHookRun for Synchronization of 'main' group binding, trigger is OperatorStartup
2025-03-08 20:17:33 - 	deckhouse/: [info] append task ModuleHookRun for Synchronization of 'main' group binding, trigger is OperatorStartup
2025-03-08 20:17:33 - 	deckhouse/: [info] append task ModuleHookRun for Synchronization of 'main' group binding, trigger is OperatorStartup
2025-03-08 20:17:33 - 	deckhouse/: [info] append task ModuleHookRun for Synchronization of 'main' group binding, trigger is OperatorStartup
2025-03-08 20:17:33 - 	deckhouse/: [info] append task ModuleHookRun for Synchronization of 'main' group binding, trigger is OperatorStartup
2025-03-08 20:17:33 - 	deckhouse/: [info] append task ModuleHookRun for Synchronization of 'main' group binding, trigger is OperatorStartup
2025-03-08 20:17:33 - 	deckhouse/: [info] head task ModuleHookRun for Synchronization of 'main' group binding, trigger is OperatorStartup
2025-03-08 20:17:33 - 	deckhouse/: [info] head task ModuleHookRun for Synchronization of 'main' group binding, trigger is OperatorStartup
2025-03-08 20:17:33 - 	deckhouse/: [info] head task ModuleHookRun for Synchronization of 'main' group binding, trigger is OperatorStartup
2025-03-08 20:17:33 - 	deckhouse/: [info] head task ModuleHookRun for Synchronization of 'main' group binding, trigger is OperatorStartup
2025-03-08 20:17:33 - 	deckhouse/: [info] head task ModuleHookRun for Synchronization of 'main' group binding, trigger is OperatorStartup
2025-03-08 20:17:33 - 	deckhouse/: [info] head task ModuleHookRun for Synchronization of 'main' group binding, trigger is OperatorStartup
2025-03-08 20:17:33 - 	deckhouse/: [info] head task ModuleHookRun for Synchronization of 'main' group binding, trigger is OperatorStartup
2025-03-08 20:17:33 - 	deckhouse/: [info] ModuleHookRun task for Synchronization of 'main' group binding, trigger is OperatorStartup
2025-03-08 20:17:33 - 	/metricsStorage: [info] Create metric counter deckhouse_module_hook_allowed_errors_total
2025-03-08 20:17:33 - 	/metricsStorage: [info] Create metric counter deckhouse_module_hook_errors_total
2025-03-08 20:17:33 - 	/metricsStorage: [info] Create metric counter deckhouse_module_hook_success_total
2025-03-08 20:17:33 - 	/metricsStorage: [info] Create metric histogram deckhouse_module_hook_run_seconds
2025-03-08 20:17:33 - 	deckhouse/: [info] ModuleHookRun task for Synchronization of 'main' group binding, trigger is OperatorStartup
2025-03-08 20:17:33 - 	deckhouse/: [info] ModuleHookRun task for Synchronization of 'main' group binding, trigger is OperatorStartup
2025-03-08 20:17:33 - 	deckhouse/: [info] Module hook changed values, but restart ModuleRun is ignored for the Synchronization task.
2025-03-08 20:17:33 - 	deckhouse/: [info] ModuleHookRun task for Synchronization of 'main' group binding, trigger is OperatorStartup
2025-03-08 20:17:33 - 	deckhouse/: [info] Module hook changed values, but restart ModuleRun is ignored for the Synchronization task.
2025-03-08 20:17:33 - 	deckhouse/: [info] ModuleHookRun task for Synchronization of 'main' group binding, trigger is OperatorStartup
2025-03-08 20:17:33 - 	deckhouse/: [info] ModuleHookRun task for Synchronization of 'main' group binding, trigger is OperatorStartup
2025-03-08 20:17:33 - 	deckhouse/: [info] ModuleHookRun task for Synchronization of 'main' group binding, trigger is OperatorStartup
2025-03-08 20:17:33 - 	deckhouse/: [info] Module hook changed values, but restart ModuleRun is ignored for the Synchronization task.
2025-03-08 20:17:33 - 	deckhouse/: [info] ModuleHookRun task for Synchronization of 'main' group binding, trigger is OperatorStartup
2025-03-08 20:17:33 - 	/: [info] Binding contexts from 3 tasks are combined and compacted to 1 contexts. 2 tasks are dropped from queue '/modules/deckhouse/migrate'
2025-03-08 20:17:33 - 	deckhouse/: [info] ModuleHookRun task for Synchronization of 'main' group binding, trigger is OperatorStartup
2025-03-08 20:17:33 - 	deckhouse/: [info] ModuleHookRun task for Synchronization of 'main' group binding, trigger is OperatorStartup
2025-03-08 20:17:33 - 	/: [info] Binding contexts from 2 tasks are combined and compacted to 1 contexts. 1 tasks are dropped from queue '/modules/deckhouse/set-deckhouse-ready-nodes'
2025-03-08 20:17:33 - 	deckhouse/: [info] Labeling cloud-demo-master-0 node with node.deckhouse.io/deckhouse-ready=false label
2025-03-08 20:17:33 - 	deckhouse/: [info] Synchronization done for module hooks
2025-03-08 20:17:33 - 	deckhouse/: [info] Module hook start
2025-03-08 20:17:33 - 	deckhouse/: [info] Labeling cloud-demo-master-0 node with node.deckhouse.io/deckhouse-ready=false label
2025-03-08 20:17:33 - 	deckhouse/: [info] Module hook start
2025-03-08 20:17:33 - 	deckhouse/: [info] Module hook start
2025-03-08 20:17:33 - 	deckhouse/: [info] Module hook start
2025-03-08 20:17:34 - Pod deckhouse-7c9cd59f84-gbk2h is not ready: Ready = False
2025-03-08 20:17:34 - Pod deckhouse-7c9cd59f84-gbk2h is not ready: ContainersReady = False
2025-03-08 20:17:35 - 	deckhouse/: [info] Module hook start
2025-03-08 20:17:35 - 	deckhouse/: [info] Module hook start
2025-03-08 20:17:35 - 	deckhouse/: [info] Module hook start
2025-03-08 20:17:35 - 	/: [info] 2025/03/08 20:17:34 found symbolic link in path: /deckhouse/modules/002-deckhouse/charts/helm_lib resolves to /deckhouse/helm_lib/charts/deckhouse_lib_helm. Contents of linked file included and used
2025-03-08 20:17:35 - 	deckhouse/helm3lib: [info] Render helm templates for chart '/deckhouse/modules/002-deckhouse' was successful
2025-03-08 20:17:35 - 	/: [info] 2025/03/08 20:17:34 found symbolic link in path: /deckhouse/modules/002-deckhouse/charts/helm_lib resolves to /deckhouse/helm_lib/charts/deckhouse_lib_helm. Contents of linked file included and used
2025-03-08 20:17:35 - 	deckhouse/helm3lib: [info] Running helm upgrade for release 'deckhouse' with chart '/deckhouse/modules/002-deckhouse' in namespace 'd8-system' ...
2025-03-08 20:17:36 - Pod deckhouse-7c9cd59f84-gbk2h is not ready: Ready = False
2025-03-08 20:17:36 - Pod deckhouse-7c9cd59f84-gbk2h is not ready: ContainersReady = False
2025-03-08 20:17:37 - Pod deckhouse-7c9cd59f84-gbk2h is not ready: Ready = False
2025-03-08 20:17:37 - Pod deckhouse-7c9cd59f84-gbk2h is not ready: ContainersReady = False
2025-03-08 20:17:37 - 	flow-schema/: [info] append task ModuleHookRun for Synchronization of 'main' group binding, trigger is OperatorStartup
2025-03-08 20:17:37 - 	flow-schema/: [info] ModuleHookRun task for Synchronization of 'main' group binding, trigger is OperatorStartup
2025-03-08 20:17:37 - 	flow-schema/: [info] Module hook changed values, but restart ModuleRun is ignored for the Synchronization task.
2025-03-08 20:17:37 - 	flow-schema/: [info] Synchronization done for module hooks
2025-03-08 20:17:37 - 	flow-schema/: [info] Module hook start
2025-03-08 20:17:37 - 	/: [info] 2025/03/08 20:17:37 found symbolic link in path: /deckhouse/modules/011-flow-schema/charts/helm_lib resolves to /deckhouse/helm_lib/charts/deckhouse_lib_helm. Contents of linked file included and used
2025-03-08 20:17:38 - Pod deckhouse-7c9cd59f84-gbk2h is not ready: Ready = False
2025-03-08 20:17:38 - Pod deckhouse-7c9cd59f84-gbk2h is not ready: ContainersReady = False
2025-03-08 20:17:38 - 	cloud-provider-yandex/helm3lib: [info] Render helm templates for chart '/deckhouse/modules/030-cloud-provider-yandex' was successful
2025-03-08 20:17:38 - 	/: [info] 2025/03/08 20:17:38 found symbolic link in path: /deckhouse/modules/030-cloud-provider-yandex/candi resolves to /deckhouse/candi/cloud-providers/yandex. Contents of linked file included and used
2025-03-08 20:17:38 - 	/: [info] 2025/03/08 20:17:38 found symbolic link in path: /deckhouse/modules/030-cloud-provider-yandex/charts/helm_lib resolves to /deckhouse/helm_lib/charts/deckhouse_lib_helm. Contents of linked file included and used
2025-03-08 20:17:38 - 	cloud-provider-yandex/helm3lib: [info] Running helm upgrade for release 'cloud-provider-yandex' with chart '/deckhouse/modules/030-cloud-provider-yandex' in namespace 'd8-system' ...
2025-03-08 20:17:39 - Pod deckhouse-7c9cd59f84-gbk2h is not ready: Ready = False
2025-03-08 20:17:39 - Pod deckhouse-7c9cd59f84-gbk2h is not ready: ContainersReady = False
2025-03-08 20:17:39 - 	flow-schema/: [info] ModuleHookRun task for 'main' group binding, trigger is Kubernetes
2025-03-08 20:17:39 - 	flow-schema/: [info] Module hook changed values, will restart ModuleRun.
2025-03-08 20:17:39 - 	flow-schema/: [info] module values are changed, append task ModuleRun for module 'flow-schema', phase '', trigger is Kubernetes-Change-ModuleValues
2025-03-08 20:17:39 - 	cloud-provider-yandex/: [info] Module hook start
2025-03-08 20:17:40 - Pod deckhouse-7c9cd59f84-gbk2h is not ready: Ready = False
2025-03-08 20:17:40 - Pod deckhouse-7c9cd59f84-gbk2h is not ready: ContainersReady = False
2025-03-08 20:17:40 - 	cloud-provider-yandex/: [info] waiting for master nodes to become initialized by cloud provider
2025-03-08 20:17:40 - 	cloud-provider-yandex/: [error] ModuleRun failed in phase 'CanRunHelm'. Requeue task to retry after delay. Failed count is 1. Error: module hook '030-cloud-provider-yandex/hooks/wait_for_all_master_nodes_to_become_initialized.go' failed: timeout waiting for master nodes. last error: master has taint node.cloudprovider.kubernetes.io/uninitialized
2025-03-08 20:17:40 - 	/metricsStorage: [info] Create metric counter deckhouse_module_run_errors_total
2025-03-08 20:17:41 - Pod deckhouse-7c9cd59f84-gbk2h is not ready: Ready = False
2025-03-08 20:17:41 - Pod deckhouse-7c9cd59f84-gbk2h is not ready: ContainersReady = False
2025-03-08 20:17:41 - 	/metricsStorage: [info] Create metric counter deckhouse_registry_check_total
2025-03-08 20:17:41 - 	/metricsStorage: [info] Create metric counter deckhouse_kube_image_digest_check_total
2025-03-08 20:17:41 - 	/metricsStorage: [info] Create metric counter deckhouse_kube_image_digest_check_success
2025-03-08 20:17:42 - Pod deckhouse-7c9cd59f84-gbk2h is not ready: Ready = False
2025-03-08 20:17:42 - Pod deckhouse-7c9cd59f84-gbk2h is not ready: ContainersReady = False
2025-03-08 20:17:43 - Pod deckhouse-7c9cd59f84-gbk2h is not ready: Ready = False
2025-03-08 20:17:43 - Pod deckhouse-7c9cd59f84-gbk2h is not ready: ContainersReady = False
2025-03-08 20:17:44 - Pod deckhouse-7c9cd59f84-gbk2h is not ready: Ready = False
2025-03-08 20:17:44 - Pod deckhouse-7c9cd59f84-gbk2h is not ready: ContainersReady = False
2025-03-08 20:17:45 - Pod deckhouse-7c9cd59f84-gbk2h is not ready: Ready = False
2025-03-08 20:17:45 - Pod deckhouse-7c9cd59f84-gbk2h is not ready: ContainersReady = False
2025-03-08 20:17:46 - 	cloud-provider-yandex/: [info] ModuleRun task for module 'cloud-provider-yandex', phase 'CanRunHelm' with doModuleStartup, trigger is OperatorStartup
2025-03-08 20:17:46 - 	cloud-provider-yandex/: [info] Module hook start
2025-03-08 20:17:46 - 	cloud-provider-yandex/: [info] Skipping migration diskSizeGB because Deckhouse installation version too ok
2025-03-08 20:17:46 - 	cloud-provider-yandex/: [info] Module hook start
2025-03-08 20:17:46 - 	cloud-provider-yandex/: [info] Module hook start
2025-03-08 20:17:46 - 	cloud-provider-yandex/: [info] Module hook start
2025-03-08 20:17:46 - 	/: [info] 2025/03/08 20:17:45 found symbolic link in path: /deckhouse/modules/030-cloud-provider-yandex/candi resolves to /deckhouse/candi/cloud-providers/yandex. Contents of linked file included and used
2025-03-08 20:17:46 - 	/: [info] 2025/03/08 20:17:45 found symbolic link in path: /deckhouse/modules/030-cloud-provider-yandex/charts/helm_lib resolves to /deckhouse/helm_lib/charts/deckhouse_lib_helm. Contents of linked file included and used
2025-03-08 20:17:46 - 	cloud-provider-yandex/helm3lib: [info] Render helm templates for chart '/deckhouse/modules/030-cloud-provider-yandex' was successful
2025-03-08 20:17:46 - 	cloud-provider-yandex/: [info] Module hook start
2025-03-08 20:17:47 - Pod deckhouse-7c9cd59f84-gbk2h is not ready: Ready = False
2025-03-08 20:17:47 - Pod deckhouse-7c9cd59f84-gbk2h is not ready: ContainersReady = False
2025-03-08 20:17:47 - 	local-path-provisioner/: [info] ModuleHookRun task for Synchronization of 'main' group binding, trigger is OperatorStartup
2025-03-08 20:17:47 - 	local-path-provisioner/: [info] ModuleHookRun task for Synchronization of 'main' group binding, trigger is OperatorStartup
2025-03-08 20:17:47 - 	/: [info] Binding contexts from 2 tasks are combined and compacted to 1 contexts. 1 tasks are dropped from queue '/modules/local-path-provisioner'
2025-03-08 20:17:47 - 	local-path-provisioner/: [info] Synchronization done for module hooks
2025-03-08 20:17:47 - 	local-path-provisioner/: [info] Module hook start
2025-03-08 20:17:47 - 	/: [info] 2025/03/08 20:17:47 found symbolic link in path: /deckhouse/modules/031-local-path-provisioner/charts/helm_lib resolves to /deckhouse/helm_lib/charts/deckhouse_lib_helm. Contents of linked file included and used
2025-03-08 20:17:47 - 	local-path-provisioner/helm3lib: [info] Render helm templates for chart '/deckhouse/modules/031-local-path-provisioner' was successful
2025-03-08 20:17:47 - 	/: [info] 2025/03/08 20:17:47 found symbolic link in path: /deckhouse/modules/031-local-path-provisioner/charts/helm_lib resolves to /deckhouse/helm_lib/charts/deckhouse_lib_helm. Contents of linked file included and used
2025-03-08 20:17:47 - 	local-path-provisioner/helm3lib: [info] Running helm upgrade for release 'local-path-provisioner' with chart '/deckhouse/modules/031-local-path-provisioner' in namespace 'd8-system' ...
2025-03-08 20:17:48 - Pod deckhouse-7c9cd59f84-gbk2h is not ready: Ready = False
2025-03-08 20:17:48 - Pod deckhouse-7c9cd59f84-gbk2h is not ready: ContainersReady = False
2025-03-08 20:17:48 - 	Module "registry-packages-proxy" run successfully
2025-03-08 20:17:48 - 	/: [info] Converge modules in progress: 2 modules left to process in queue 'main'
2025-03-08 20:17:48 - 	/: [info] ParallelModuleRun task for modules 'Parallel run for control-plane-manager, node-manager', trigger is OperatorStartup
2025-03-08 20:17:49 - Pod deckhouse-7c9cd59f84-gbk2h is not ready: Ready = False
2025-03-08 20:17:49 - Pod deckhouse-7c9cd59f84-gbk2h is not ready: ContainersReady = False
2025-03-08 20:17:50 - Pod deckhouse-7c9cd59f84-gbk2h is not ready: Ready = False
2025-03-08 20:17:50 - Pod deckhouse-7c9cd59f84-gbk2h is not ready: ContainersReady = False
2025-03-08 20:17:51 - Pod deckhouse-7c9cd59f84-gbk2h is not ready: Ready = False
2025-03-08 20:17:51 - Pod deckhouse-7c9cd59f84-gbk2h is not ready: ContainersReady = False
2025-03-08 20:17:51 - 	control-plane-manager/: [info] append task ModuleHookRun for Synchronization of 'main' group binding, trigger is OperatorStartup
2025-03-08 20:17:51 - 	control-plane-manager/: [info] append task ModuleHookRun for Synchronization of 'main' group binding, trigger is OperatorStartup
2025-03-08 20:17:51 - 	control-plane-manager/: [info] append task ModuleHookRun for Synchronization of 'main' group binding, trigger is OperatorStartup
2025-03-08 20:17:51 - 	control-plane-manager/: [info] append task ModuleHookRun for Synchronization of 'main' group binding, trigger is OperatorStartup
2025-03-08 20:17:51 - 	control-plane-manager/: [info] append task ModuleHookRun for Synchronization of 'main' group binding, trigger is OperatorStartup
2025-03-08 20:17:51 - 	control-plane-manager/: [info] append task ModuleHookRun for Synchronization of 'main' group binding, trigger is OperatorStartup
2025-03-08 20:17:51 - 	control-plane-manager/: [info] append task ModuleHookRun for Synchronization of 'main' group binding, trigger is OperatorStartup
2025-03-08 20:17:51 - 	control-plane-manager/: [info] append task ModuleHookRun for Synchronization of 'main' group binding, trigger is OperatorStartup
2025-03-08 20:17:51 - 	control-plane-manager/: [info] append task ModuleHookRun for Synchronization of 'main' group binding, trigger is OperatorStartup
2025-03-08 20:17:51 - 	control-plane-manager/: [info] append task ModuleHookRun for Synchronization of 'main' group binding, trigger is OperatorStartup
2025-03-08 20:17:51 - 	control-plane-manager/: [info] append task ModuleHookRun for Synchronization of 'main' group binding, trigger is OperatorStartup
2025-03-08 20:17:51 - 	control-plane-manager/: [info] append task ModuleHookRun for Synchronization of 'main' group binding, trigger is OperatorStartup
2025-03-08 20:17:51 - 	control-plane-manager/: [info] append task ModuleHookRun for Synchronization of 'main' group binding, trigger is OperatorStartup
2025-03-08 20:17:51 - 	control-plane-manager/: [info] append task ModuleHookRun for Synchronization of 'main' group binding, trigger is OperatorStartup
2025-03-08 20:17:51 - 	control-plane-manager/: [info] append task ModuleHookRun for Synchronization of 'main' group binding, trigger is OperatorStartup
2025-03-08 20:17:51 - 	control-plane-manager/: [info] append task ModuleHookRun for Synchronization of 'main' group binding, trigger is OperatorStartup
2025-03-08 20:17:51 - 	control-plane-manager/: [info] append task ModuleHookRun for Synchronization of 'main' group binding, trigger is OperatorStartup
2025-03-08 20:17:51 - 	control-plane-manager/: [info] append task ModuleHookRun for Synchronization of 'main' group binding, trigger is OperatorStartup
2025-03-08 20:17:51 - 	control-plane-manager/: [info] append task ModuleHookRun for Synchronization of 'main' group binding, trigger is OperatorStartup
2025-03-08 20:17:51 - 	control-plane-manager/: [info] append task ModuleHookRun for Synchronization of 'main' group binding, trigger is OperatorStartup
2025-03-08 20:17:51 - 	control-plane-manager/: [info] head task ModuleHookRun for Synchronization of 'main' group binding, trigger is OperatorStartup
2025-03-08 20:17:51 - 	control-plane-manager/: [info] head task ModuleHookRun for Synchronization of 'main' group binding, trigger is OperatorStartup
2025-03-08 20:17:51 - 	control-plane-manager/: [info] ModuleHookRun task for Synchronization of 'main' group binding, trigger is OperatorStartup
2025-03-08 20:17:51 - 	control-plane-manager/: [info] ModuleHookRun task for Synchronization of 'main' group binding, trigger is OperatorStartup
2025-03-08 20:17:51 - 	control-plane-manager/: [info] ModuleHookRun task for Synchronization of 'main' group binding, trigger is OperatorStartup
2025-03-08 20:17:51 - 	control-plane-manager/: [info] ModuleHookRun task for Synchronization of 'main' group binding, trigger is OperatorStartup
2025-03-08 20:17:51 - 	/: [info] Binding contexts from 2 tasks are combined and compacted to 1 contexts. 1 tasks are dropped from queue '/modules/control-plane-manager/update_approval'
2025-03-08 20:17:51 - 	control-plane-manager/: [info] ModuleHookRun task for Synchronization of 'main' group binding, trigger is OperatorStartup
2025-03-08 20:17:51 - 	/: [info] Binding contexts from 2 tasks are combined and compacted to 1 contexts. 1 tasks are dropped from queue '/modules/control-plane-manager/etcd_maintenance'
2025-03-08 20:17:51 - 	control-plane-manager/: [info] ModuleHookRun task for Synchronization of 'main' group binding, trigger is OperatorStartup
2025-03-08 20:17:51 - 	control-plane-manager/: [info] Module hook changed values, but restart ModuleRun is ignored for the Synchronization task.
2025-03-08 20:17:51 - 	control-plane-manager/: [info] Module hook changed values, but restart ModuleRun is ignored for the Synchronization task.
2025-03-08 20:17:51 - 	control-plane-manager/: [info] ModuleHookRun task for Synchronization of 'main' group binding, trigger is OperatorStartup
2025-03-08 20:17:51 - 	control-plane-manager/: [info] Module hook changed values, but restart ModuleRun is ignored for the Synchronization task.
2025-03-08 20:17:51 - 	/: [info] Binding contexts from 2 tasks are combined and compacted to 1 contexts. 1 tasks are dropped from queue '/modules/control-plane-manager'
2025-03-08 20:17:51 - 	control-plane-manager/: [info] Module hook changed values, but restart ModuleRun is ignored for the Synchronization task.
2025-03-08 20:17:51 - 	control-plane-manager/: [info] ModuleHookRun task for Synchronization of 'main' group binding, trigger is OperatorStartup
2025-03-08 20:17:51 - 	control-plane-manager/: [info] Module hook changed values, but restart ModuleRun is ignored for the Synchronization task.
2025-03-08 20:17:51 - 	control-plane-manager/: [info] ModuleHookRun task for Synchronization of 'main' group binding, trigger is OperatorStartup
2025-03-08 20:17:51 - 	control-plane-manager/: [info] Module hook changed values, but restart ModuleRun is ignored for the Synchronization task.
2025-03-08 20:17:51 - 	control-plane-manager/: [info] ModuleHookRun task for Synchronization of 'main' group binding, trigger is OperatorStartup
2025-03-08 20:17:51 - 	control-plane-manager/: [info] ModuleHookRun task for Synchronization of 'main' group binding, trigger is OperatorStartup
2025-03-08 20:17:51 - 	control-plane-manager/: [info] ModuleHookRun task for Synchronization of 'main' group binding, trigger is OperatorStartup
2025-03-08 20:17:51 - 	/: [info] Binding contexts from 3 tasks are combined and compacted to 1 contexts. 2 tasks are dropped from queue '/modules/control-plane-manager'
2025-03-08 20:17:51 - 	control-plane-manager/: [warn] deckhouse-managed control plane Pods are not yet deployed, setting max_used_control_plane_version to config_version
2025-03-08 20:17:51 - 	control-plane-manager/: [info] Module hook changed values, but restart ModuleRun is ignored for the Synchronization task.
2025-03-08 20:17:51 - 	control-plane-manager/: [info] ModuleHookRun task for Synchronization of 'main' group binding, trigger is OperatorStartup
2025-03-08 20:17:51 - 	control-plane-manager/: [info] ModuleHookRun task for Synchronization of 'main' group binding, trigger is OperatorStartup
2025-03-08 20:17:51 - 	control-plane-manager/: [info] Module hook changed values, but restart ModuleRun is ignored for the Synchronization task.
2025-03-08 20:17:51 - 	control-plane-manager/: [info] ModuleHookRun task for Synchronization of 'main' group binding, trigger is OperatorStartup
2025-03-08 20:17:51 - 	control-plane-manager/: [info] ModuleHookRun task for Synchronization of 'main' group binding, trigger is OperatorStartup
2025-03-08 20:17:51 - 	control-plane-manager/: [info] ModuleHookRun task for Synchronization of 'main' group binding, trigger is OperatorStartup
2025-03-08 20:17:51 - 	control-plane-manager/: [info] ModuleHookRun task for 'main' group binding, trigger is Kubernetes
2025-03-08 20:17:51 - 	control-plane-manager/: [info] Synchronization done for module hooks
2025-03-08 20:17:51 - 	control-plane-manager/: [info] Module hook start
2025-03-08 20:17:51 - 	control-plane-manager/: [info] Module hook start
2025-03-08 20:17:51 - 	control-plane-manager/: [info] Module hook start
2025-03-08 20:17:51 - 	control-plane-manager/: [info] Module hook start
2025-03-08 20:17:51 - 	control-plane-manager/: [info] Module hook start
2025-03-08 20:17:52 - Pod deckhouse-7c9cd59f84-gbk2h is not ready: Ready = False
2025-03-08 20:17:52 - Pod deckhouse-7c9cd59f84-gbk2h is not ready: ContainersReady = False
2025-03-08 20:17:52 - 	control-plane-manager/: [info] Module hook start
2025-03-08 20:17:52 - 	control-plane-manager/: [info] Cluster is not yet bootstrapped, not locking main queue after control-plane-manager update
2025-03-08 20:17:52 - 	Module "control-plane-manager" run successfully
2025-03-08 20:17:53 - Pod deckhouse-7c9cd59f84-gbk2h is not ready: Ready = False
2025-03-08 20:17:53 - Pod deckhouse-7c9cd59f84-gbk2h is not ready: ContainersReady = False
2025-03-08 20:17:54 - Pod deckhouse-7c9cd59f84-gbk2h is not ready: Ready = False
2025-03-08 20:17:54 - Pod deckhouse-7c9cd59f84-gbk2h is not ready: ContainersReady = False
2025-03-08 20:17:54 - 	node-manager/: [info] Module hook changed values, but restart ModuleRun is ignored for the Synchronization task.
2025-03-08 20:17:54 - 	node-manager/: [info] ModuleHookRun task for Synchronization of 'main' group binding, trigger is OperatorStartup
2025-03-08 20:17:54 - 	node-manager/: [info] Module hook changed values, but restart ModuleRun is ignored for the Synchronization task.
2025-03-08 20:17:54 - 	node-manager/: [info] ModuleHookRun task for Synchronization of 'main' group binding, trigger is OperatorStartup
2025-03-08 20:17:54 - 	node-manager/: [info] Module hook changed values, but restart ModuleRun is ignored for the Synchronization task.
2025-03-08 20:17:54 - 	node-manager/: [info] ModuleHookRun task for Synchronization of 'main' group binding, trigger is OperatorStartup
2025-03-08 20:17:54 - 	node-manager/: [info] ModuleHookRun task for Synchronization of 'main' group binding, trigger is OperatorStartup
2025-03-08 20:17:54 - 	node-manager/: [info] ModuleHookRun task for Synchronization of 'main' group binding, trigger is OperatorStartup
2025-03-08 20:17:54 - 	node-manager/: [info] ModuleHookRun task for Synchronization of 'main' group binding, trigger is OperatorStartup
2025-03-08 20:17:54 - 	/: [info] Binding contexts from 4 tasks are combined and compacted to 1 contexts. 3 tasks are dropped from queue '/modules/node-manager'
2025-03-08 20:17:54 - 	node-manager/: [info] ModuleHookRun task for Synchronization of 'main' group binding, trigger is OperatorStartup
2025-03-08 20:17:54 - 	/: [info] Binding contexts from 2 tasks are combined and compacted to 1 contexts. 1 tasks are dropped from queue '/modules/node-manager'
2025-03-08 20:17:54 - 	node-manager/: [info] ModuleHookRun task for Synchronization of 'main' group binding, trigger is OperatorStartup
2025-03-08 20:17:54 - 	/: [info] Binding contexts from 4 tasks are combined and compacted to 1 contexts. 3 tasks are dropped from queue '/modules/node-manager/update_ngs_statuses'
2025-03-08 20:17:54 - 	node-manager/: [info] ModuleHookRun task for Synchronization of 'main' group binding, trigger is OperatorStartup
2025-03-08 20:17:54 - 	/: [info] Binding contexts from 7 tasks are combined and compacted to 1 contexts. 6 tasks are dropped from queue '/modules/node-manager/update_ngs_statuses'
2025-03-08 20:17:54 - 	node-manager/: [info] ModuleHookRun task for Synchronization of 'main' group binding, trigger is OperatorStartup
2025-03-08 20:17:54 - 	/: [info] Binding contexts from 2 tasks are combined and compacted to 1 contexts. 1 tasks are dropped from queue '/modules/node-manager/handle_node_templates'
2025-03-08 20:17:54 - 	node-manager/: [info] ModuleHookRun task for Synchronization of 'main' group binding, trigger is OperatorStartup
2025-03-08 20:17:54 - 	node-manager/: [info] ModuleHookRun task for Synchronization of 'main' group binding, trigger is OperatorStartup
2025-03-08 20:17:54 - 	node-manager/: [info] ModuleHookRun task for Synchronization of 'main' group binding, trigger is OperatorStartup
2025-03-08 20:17:54 - 	node-manager/: [info] Module hook changed values, but restart ModuleRun is ignored for the Synchronization task.
2025-03-08 20:17:54 - 	node-manager/: [info] ModuleHookRun task for Synchronization of 'main' group binding, trigger is OperatorStartup
2025-03-08 20:17:54 - 	/: [info] Binding contexts from 2 tasks are combined and compacted to 1 contexts. 1 tasks are dropped from queue '/modules/node-manager/order_bootstrap_token'
2025-03-08 20:17:54 - 	node-manager/: [info] ModuleHookRun task for Synchronization of 'main' group binding, trigger is OperatorStartup
2025-03-08 20:17:54 - 	node-manager/: [info] ModuleHookRun task for Synchronization of 'main' group binding, trigger is OperatorStartup
2025-03-08 20:17:54 - 	node-manager/: [info] ModuleHookRun task for Synchronization of 'main' group binding, trigger is OperatorStartup
2025-03-08 20:17:54 - 	node-manager/: [info] ModuleHookRun task for Synchronization of 'main' group binding, trigger is OperatorStartup
2025-03-08 20:17:54 - 	node-manager/: [info] ModuleHookRun task for Synchronization of 'main' group binding, trigger is OperatorStartup
2025-03-08 20:17:54 - 	/: [info] Binding contexts from 3 tasks are combined and compacted to 1 contexts. 2 tasks are dropped from queue '/modules/node-manager/discover_standby_ng'
2025-03-08 20:17:54 - 	node-manager/: [info] ModuleHookRun task for Synchronization of 'main' group binding, trigger is OperatorStartup
2025-03-08 20:17:54 - 	node-manager/: [info] ModuleHookRun task for Synchronization of 'main' group binding, trigger is OperatorStartup
2025-03-08 20:17:54 - 	node-manager/: [info] ModuleHookRun task for Synchronization of 'main' group binding, trigger is OperatorStartup
2025-03-08 20:17:54 - 	node-manager/: [info] ModuleHookRun task for Synchronization of 'main' group binding, trigger is OperatorStartup
2025-03-08 20:17:54 - 	node-manager/: [info] ModuleHookRun task for Synchronization of 'main' group binding, trigger is OperatorStartup
2025-03-08 20:17:54 - 	node-manager/: [info] ModuleHookRun task for Synchronization of 'main' group binding, trigger is OperatorStartup
2025-03-08 20:17:54 - 	/: [info] Binding contexts from 4 tasks are combined and compacted to 1 contexts. 3 tasks are dropped from queue '/modules/node-manager/instance_controller'
2025-03-08 20:17:54 - 	node-manager/: [info] ModuleHookRun task for Synchronization of 'main' group binding, trigger is OperatorStartup
2025-03-08 20:17:54 - 	node-manager/: [info] ModuleHookRun task for Synchronization of 'main' group binding, trigger is OperatorStartup
2025-03-08 20:17:54 - 	node-manager/: [info] Module hook changed values, but restart ModuleRun is ignored for the Synchronization task.
2025-03-08 20:17:54 - 	node-manager/: [info] ModuleHookRun task for Synchronization of 'main' group binding, trigger is OperatorStartup
2025-03-08 20:17:54 - 	node-manager/: [info] ModuleHookRun task for Synchronization of 'main' group binding, trigger is OperatorStartup
2025-03-08 20:17:54 - 	node-manager/: [info] ModuleHookRun task for Synchronization of 'main' group binding, trigger is OperatorStartup
2025-03-08 20:17:54 - 	node-manager/: [info] found packages proxy endpoints: [10.241.32.4:4219]
2025-03-08 20:17:54 - 	node-manager/: [info] ModuleHookRun task for Synchronization of 'main' group binding, trigger is OperatorStartup
2025-03-08 20:17:54 - 	/: [info] Binding contexts from 3 tasks are combined and compacted to 1 contexts. 2 tasks are dropped from queue '/modules/node-manager/update_approval'
2025-03-08 20:17:54 - 	node-manager/: [warn] no configuration_checksums_secret snapshot found. Skipping run
2025-03-08 20:17:54 - 	node-manager/: [info] ModuleHookRun task for Synchronization of 'main' group binding, trigger is OperatorStartup
2025-03-08 20:17:54 - 	/: [info] Binding contexts from 3 tasks are combined and compacted to 1 contexts. 2 tasks are dropped from queue '/modules/node-manager/set_replicas_on_machine_deployment'
2025-03-08 20:17:54 - 	node-manager/: [info] ModuleHookRun task for Synchronization of 'main' group binding, trigger is OperatorStartup
2025-03-08 20:17:54 - 	node-manager/: [info] Module hook changed values, but restart ModuleRun is ignored for the Synchronization task.
2025-03-08 20:17:54 - 	node-manager/: [info] ModuleHookRun task for Synchronization of 'main' group binding, trigger is OperatorStartup
2025-03-08 20:17:54 - 	/: [info] Binding contexts from 2 tasks are combined and compacted to 1 contexts. 1 tasks are dropped from queue '/modules/node-manager'
2025-03-08 20:17:54 - 	node-manager/: [info] Module hook changed values, but restart ModuleRun is ignored for the Synchronization task.
2025-03-08 20:17:54 - 	node-manager/: [info] Module hook changed values, but restart ModuleRun is ignored for the Synchronization task.
2025-03-08 20:17:54 - 	node-manager/: [info] Module hook changed values, but restart ModuleRun is ignored for the Synchronization task.
2025-03-08 20:17:54 - 	node-manager/: [info] ModuleHookRun task for Synchronization of 'main' group binding, trigger is OperatorStartup
2025-03-08 20:17:54 - 	node-manager/: [info] ModuleHookRun task for Synchronization of 'main' group binding, trigger is OperatorStartup
2025-03-08 20:17:54 - 	/: [info] Binding contexts from 5 tasks are combined and compacted to 1 contexts. 4 tasks are dropped from queue '/modules/node-manager'
2025-03-08 20:17:54 - 	node-manager/: [info] InstanceClassKind has changed from '' to 'YandexInstanceClass': update kind for binding 'ics'
2025-03-08 20:17:54 - 	node-manager/: [info] InstanceClassKind has changed from '' to 'YandexInstanceClass': update kind for binding 'ics'
2025-03-08 20:17:54 - 	node-manager/: [info] Module hook changed values, but restart ModuleRun is ignored for the Synchronization task.
2025-03-08 20:17:54 - 	node-manager/: [info] Module hook changed values, but restart ModuleRun is ignored for the Synchronization task.
2025-03-08 20:17:54 - 	node-manager/: [info] Module hook changed values, but restart ModuleRun is ignored for the Synchronization task.
2025-03-08 20:17:54 - 	node-manager/: [info] Module hook changed values, but restart ModuleRun is ignored for the Synchronization task.
2025-03-08 20:17:54 - 	node-manager/: [info] Monitor for 'ics' is recreated with new kind=YandexInstanceClass and apiVersion=deckhouse.io/v1
2025-03-08 20:17:54 - 	node-manager/: [info] Monitor for 'ics' is recreated with new kind=YandexInstanceClass and apiVersion=
2025-03-08 20:17:54 - 	node-manager/: [info] Module hook changed values, but restart ModuleRun is ignored for the Synchronization task.
2025-03-08 20:17:54 - 	node-manager/: [info] Module hook changed values, but restart ModuleRun is ignored for the Synchronization task.
2025-03-08 20:17:54 - 	node-manager/: [info] Module hook changed values, but restart ModuleRun is ignored for the Synchronization task.
2025-03-08 20:17:54 - 	node-manager/: [info] ModuleHookRun task for Synchronization of 'main' group binding, trigger is OperatorStartup
2025-03-08 20:17:54 - 	node-manager/: [info] ModuleHookRun task for Synchronization of 'main' group binding, trigger is OperatorStartup
2025-03-08 20:17:54 - 	node-manager/: [info] ModuleHookRun task for Synchronization of 'main' group binding, trigger is OperatorStartup
2025-03-08 20:17:54 - 	/: [info] Binding contexts from 2 tasks are combined and compacted to 1 contexts. 1 tasks are dropped from queue '/modules/node-manager/update_instance_class_ng'
2025-03-08 20:17:54 - 	node-manager/: [info] ModuleHookRun task for Synchronization of 'main' group binding, trigger is OperatorStartup
2025-03-08 20:17:54 - 	node-manager/: [info] Module hook changed values, but restart ModuleRun is ignored for the Synchronization task.
2025-03-08 20:17:54 - 	node-manager/: [info] ModuleHookRun task for Synchronization of 'main' group binding, trigger is OperatorStartup
2025-03-08 20:17:54 - 	node-manager/: [info] Module hook changed values, but restart ModuleRun is ignored for the Synchronization task.
2025-03-08 20:17:54 - 	node-manager/: [info] ModuleHookRun task for Synchronization of 'main' group binding, trigger is OperatorStartup
2025-03-08 20:17:54 - 	/: [info] Binding contexts from 2 tasks are combined and compacted to 1 contexts. 1 tasks are dropped from queue '/modules/node-manager'
2025-03-08 20:17:54 - 	node-manager/: [info] ModuleHookRun task for Synchronization of 'main' group binding, trigger is OperatorStartup
2025-03-08 20:17:54 - 	/: [info] Binding contexts from 2 tasks are combined and compacted to 1 contexts. 1 tasks are dropped from queue '/modules/node-manager'
2025-03-08 20:17:54 - 	node-manager/: [info] ModuleHookRun task for Synchronization of 'main' group binding, trigger is OperatorStartup
2025-03-08 20:17:54 - 	node-manager/: [info] ModuleHookRun task for Synchronization of 'main' group binding, trigger is OperatorStartup
2025-03-08 20:17:54 - 	node-manager/: [info] ModuleHookRun task for 'main' group binding, trigger is Kubernetes
2025-03-08 20:17:54 - 	node-manager/: [info] ModuleHookRun task for 'main' group binding, trigger is Kubernetes
2025-03-08 20:17:54 - 	node-manager/: [info] ModuleHookRun task for 'main' group binding, trigger is Kubernetes
2025-03-08 20:17:54 - 	node-manager/: [warn] no configuration_checksums_secret snapshot found. Skipping run
2025-03-08 20:17:54 - 	node-manager/: [info] Synchronization done for module hooks
2025-03-08 20:17:54 - 	node-manager/: [info] Module hook start
2025-03-08 20:17:54 - 	node-manager/: [info] Module hook start
2025-03-08 20:17:54 - 	node-manager/: [info] Module hook start
2025-03-08 20:17:54 - 	node-manager/: [info] NodeGroupName: master, KubeletResourceReservationMode: Auto, skipMigration: true
2025-03-08 20:17:54 - 	node-manager/: [info] ModuleHookRun task for 'main' group binding, trigger is Kubernetes
2025-03-08 20:17:54 - 	node-manager/: [info] Module hook start
2025-03-08 20:17:54 - 	node-manager/: [info] Module hook start
2025-03-08 20:17:54 - 	node-manager/: [info] ModuleHookRun task for 'main' group binding, trigger is Kubernetes
2025-03-08 20:17:54 - 	node-manager/: [info] Module hook changed values, will restart ModuleRun.
2025-03-08 20:17:54 - 	node-manager/: [info] module values are changed, append task ModuleRun for module 'node-manager', phase '', trigger is Kubernetes-Change-ModuleValues
2025-03-08 20:17:54 - 	node-manager/: [info] Module hook start
2025-03-08 20:17:54 - 	node-manager/: [info] Module hook start
2025-03-08 20:17:54 - 	node-manager/: [info] Module hook start
2025-03-08 20:17:54 - 	node-manager/: [info] Module hook changed values, will restart ModuleRun.
2025-03-08 20:17:54 - 	node-manager/: [info] module values are changed, ModuleRun task already queued
2025-03-08 20:17:54 - 	node-manager/: [info] found packages proxy endpoints: [10.241.32.4:4219]
2025-03-08 20:17:54 - 	node-manager/: [info] Module hook start
2025-03-08 20:17:54 - 	node-manager/: [info] Module hook start
2025-03-08 20:17:54 - 	node-manager/: [info] ModuleHookRun task for 'main' group binding, trigger is Kubernetes
2025-03-08 20:17:54 - 	node-manager/: [info] Module hook start
2025-03-08 20:17:54 - 	node-manager/: [info] Module hook start
2025-03-08 20:17:54 - 	node-manager/: [info] Module hook start
2025-03-08 20:17:54 - 	node-manager/: [info] Module hook start
2025-03-08 20:17:54 - 	node-manager/: [info] Module hook start
2025-03-08 20:17:54 - 	node-manager/: [info] Module hook start
2025-03-08 20:17:54 - 	node-manager/: [info] Module hook start
2025-03-08 20:17:54 - 	node-manager/: [info] Module hook start
2025-03-08 20:17:54 - 	node-manager/: [info] Module hook start
2025-03-08 20:17:54 - 	/: [info] 2025/03/08 20:17:54 found symbolic link in path: /deckhouse/modules/040-node-manager/candi resolves to /deckhouse/candi. Contents of linked file included and used
2025-03-08 20:17:54 - 	/: [info] 2025/03/08 20:17:54 found symbolic link in path: /deckhouse/modules/040-node-manager/charts/helm_lib resolves to /deckhouse/helm_lib/charts/deckhouse_lib_helm. Contents of linked file included and used
2025-03-08 20:17:54 - 	/: [info] 2025/03/08 20:17:54 found symbolic link in path: /deckhouse/modules/040-node-manager/cloud-providers/aws resolves to /deckhouse/modules/030-cloud-provider-aws/cloud-instance-manager. Contents of linked file included and used
2025-03-08 20:17:54 - 	/: [info] 2025/03/08 20:17:54 found symbolic link in path: /deckhouse/modules/040-node-manager/cloud-providers/azure resolves to /deckhouse/modules/030-cloud-provider-azure/cloud-instance-manager. Contents of linked file included and used
2025-03-08 20:17:54 - 	/: [info] 2025/03/08 20:17:54 found symbolic link in path: /deckhouse/modules/040-node-manager/cloud-providers/gcp resolves to /deckhouse/modules/030-cloud-provider-gcp/cloud-instance-manager. Contents of linked file included and used
2025-03-08 20:17:54 - 	/: [info] 2025/03/08 20:17:54 found symbolic link in path: /deckhouse/modules/040-node-manager/cloud-providers/yandex resolves to /deckhouse/modules/030-cloud-provider-yandex/cloud-instance-manager. Contents of linked file included and used
2025-03-08 20:17:54 - 	node-manager/: [info] ModuleHookRun task for 'main' group binding, trigger is Kubernetes
2025-03-08 20:17:54 - 	node-manager/: [warn] no configuration_checksums_secret snapshot found. Skipping run
2025-03-08 20:17:54 - 	node-manager/helm3lib: [info] Render helm templates for chart '/deckhouse/modules/040-node-manager' was successful
2025-03-08 20:17:54 - 	/: [info] 2025/03/08 20:17:54 found symbolic link in path: /deckhouse/modules/040-node-manager/candi resolves to /deckhouse/candi. Contents of linked file included and used
2025-03-08 20:17:54 - 	/: [info] 2025/03/08 20:17:54 found symbolic link in path: /deckhouse/modules/040-node-manager/charts/helm_lib resolves to /deckhouse/helm_lib/charts/deckhouse_lib_helm. Contents of linked file included and used
2025-03-08 20:17:54 - 	/: [info] 2025/03/08 20:17:54 found symbolic link in path: /deckhouse/modules/040-node-manager/cloud-providers/aws resolves to /deckhouse/modules/030-cloud-provider-aws/cloud-instance-manager. Contents of linked file included and used
2025-03-08 20:17:54 - 	/: [info] 2025/03/08 20:17:54 found symbolic link in path: /deckhouse/modules/040-node-manager/cloud-providers/azure resolves to /deckhouse/modules/030-cloud-provider-azure/cloud-instance-manager. Contents of linked file included and used
2025-03-08 20:17:54 - 	/: [info] 2025/03/08 20:17:54 found symbolic link in path: /deckhouse/modules/040-node-manager/cloud-providers/gcp resolves to /deckhouse/modules/030-cloud-provider-gcp/cloud-instance-manager. Contents of linked file included and used
2025-03-08 20:17:54 - 	/: [info] 2025/03/08 20:17:54 found symbolic link in path: /deckhouse/modules/040-node-manager/cloud-providers/yandex resolves to /deckhouse/modules/030-cloud-provider-yandex/cloud-instance-manager. Contents of linked file included and used
2025-03-08 20:17:54 - 	node-manager/helm3lib: [info] Running helm upgrade for release 'node-manager' with chart '/deckhouse/modules/040-node-manager' in namespace 'd8-system' ...
2025-03-08 20:17:55 - Pod deckhouse-7c9cd59f84-gbk2h is not ready: Ready = False
2025-03-08 20:17:55 - Pod deckhouse-7c9cd59f84-gbk2h is not ready: ContainersReady = False
2025-03-08 20:17:57 - Pod deckhouse-7c9cd59f84-gbk2h is not ready: Ready = False
2025-03-08 20:17:57 - Pod deckhouse-7c9cd59f84-gbk2h is not ready: ContainersReady = False
2025-03-08 20:17:57 - 	kube-dns/: [info] ModuleHookRun task for Synchronization of 'main' group binding, trigger is OperatorStartup
2025-03-08 20:17:57 - 	kube-dns/: [info] ModuleHookRun task for Synchronization of 'main' group binding, trigger is OperatorStartup
2025-03-08 20:17:57 - 	kube-dns/: [info] Module hook changed values, but restart ModuleRun is ignored for the Synchronization task.
2025-03-08 20:17:57 - 	kube-dns/: [info] Module hook changed values, but restart ModuleRun is ignored for the Synchronization task.
2025-03-08 20:17:57 - 	kube-dns/: [info] Synchronization done for module hooks
2025-03-08 20:17:57 - 	kube-dns/: [info] Module hook start
2025-03-08 20:17:57 - 	kube-dns/: [info] Module hook start
2025-03-08 20:17:57 - 	kube-dns/: [info] Module hook start
2025-03-08 20:17:58 - Pod deckhouse-7c9cd59f84-gbk2h is not ready: Ready = False
2025-03-08 20:17:58 - Pod deckhouse-7c9cd59f84-gbk2h is not ready: ContainersReady = False
2025-03-08 20:17:58 - 	/: [info] 2025/03/08 20:17:58 found symbolic link in path: /deckhouse/modules/042-kube-dns/charts/helm_lib resolves to /deckhouse/helm_lib/charts/deckhouse_lib_helm. Contents of linked file included and used
2025-03-08 20:17:58 - 	kube-dns/helm3lib: [info] Render helm templates for chart '/deckhouse/modules/042-kube-dns' was successful
2025-03-08 20:17:58 - 	/: [info] 2025/03/08 20:17:58 found symbolic link in path: /deckhouse/modules/042-kube-dns/charts/helm_lib resolves to /deckhouse/helm_lib/charts/deckhouse_lib_helm. Contents of linked file included and used
2025-03-08 20:17:58 - 	kube-dns/helm3lib: [info] Running helm upgrade for release 'kube-dns' with chart '/deckhouse/modules/042-kube-dns' in namespace 'd8-system' ...
2025-03-08 20:17:59 - Pod deckhouse-7c9cd59f84-gbk2h is not ready: Ready = False
2025-03-08 20:17:59 - Pod deckhouse-7c9cd59f84-gbk2h is not ready: ContainersReady = False
2025-03-08 20:18:00 - Pod deckhouse-7c9cd59f84-gbk2h is not ready: Ready = False
2025-03-08 20:18:00 - Pod deckhouse-7c9cd59f84-gbk2h is not ready: ContainersReady = False
2025-03-08 20:18:00 - 	flow-schema/helm3lib: [info] Render helm templates for chart '/deckhouse/modules/011-flow-schema' was successful
2025-03-08 20:18:00 - 	/: [info] 2025/03/08 20:18:00 found symbolic link in path: /deckhouse/modules/011-flow-schema/charts/helm_lib resolves to /deckhouse/helm_lib/charts/deckhouse_lib_helm. Contents of linked file included and used
2025-03-08 20:18:00 - 	flow-schema/helm3lib: [info] Running helm upgrade for release 'flow-schema' with chart '/deckhouse/modules/011-flow-schema' in namespace 'd8-system' ...
2025-03-08 20:18:00 - 	/: [warn] W0308 20:18:00.185457      13 warnings.go:70] flowcontrol.apiserver.k8s.io/v1beta3 FlowSchema is deprecated in v1.29+, unavailable in v1.32+; use flowcontrol.apiserver.k8s.io/v1 FlowSchema

2025-03-08 20:18:00 - 	/: [warn] W0308 20:18:00.187473      13 warnings.go:70] flowcontrol.apiserver.k8s.io/v1beta3 FlowSchema is deprecated in v1.29+, unavailable in v1.32+; use flowcontrol.apiserver.k8s.io/v1 FlowSchema

2025-03-08 20:18:00 - 	node-manager/: [info] ModuleHookRun task for 'main' group binding, trigger is Schedule
2025-03-08 20:18:00 - 	node-manager/: [info] ModuleHookRun task for 'main' group binding, trigger is Schedule
2025-03-08 20:18:00 - 	/: [warn] W0308 20:18:00.215502      13 warnings.go:70] flowcontrol.apiserver.k8s.io/v1beta3 FlowSchema is deprecated in v1.29+, unavailable in v1.32+; use flowcontrol.apiserver.k8s.io/v1 FlowSchema

2025-03-08 20:18:00 - 	/: [warn] W0308 20:18:00.217856      13 warnings.go:70] flowcontrol.apiserver.k8s.io/v1beta3 PriorityLevelConfiguration is deprecated in v1.29+, unavailable in v1.32+; use flowcontrol.apiserver.k8s.io/v1 PriorityLevelConfiguration

2025-03-08 20:18:00 - 	/: [warn] W0308 20:18:00.219940      13 warnings.go:70] flowcontrol.apiserver.k8s.io/v1beta3 PriorityLevelConfiguration is deprecated in v1.29+, unavailable in v1.32+; use flowcontrol.apiserver.k8s.io/v1 PriorityLevelConfiguration

2025-03-08 20:18:00 - 	/: [warn] W0308 20:18:00.225531      13 warnings.go:70] flowcontrol.apiserver.k8s.io/v1beta3 PriorityLevelConfiguration is deprecated in v1.29+, unavailable in v1.32+; use flowcontrol.apiserver.k8s.io/v1 PriorityLevelConfiguration

2025-03-08 20:18:00 - 	flow-schema/helm3lib: [info] Helm upgrade for release 'flow-schema' with chart '/deckhouse/modules/011-flow-schema' in namespace 'd8-system' successful
2025-03-08 20:18:00 - 	Module "flow-schema" run successfully
2025-03-08 20:18:00 - 	/: [info] Converge modules in progress: 0 modules left to process in queue 'main'
2025-03-08 20:18:00 - 	cloud-provider-yandex/: [info] ModuleHookRun task for 'main' group binding, trigger is Kubernetes
2025-03-08 20:18:00 - 	/: [info] Binding contexts from 2 tasks are combined and compacted to 1 contexts. 1 tasks are dropped from queue 'main'
2025-03-08 20:18:00 - 	/: [info] GlobalHookRun task for 'main' group binding, trigger is Kubernetes
2025-03-08 20:18:00 - 	node-manager/: [info] ModuleRun task for module 'node-manager', phase 'CanRunHelm', trigger is Kubernetes-Change-ModuleValues
2025-03-08 20:18:00 - 	node-manager/: [info] Module hook start
2025-03-08 20:18:00 - 	node-manager/: [info] Module hook start
2025-03-08 20:18:00 - 	node-manager/: [info] Module hook start
2025-03-08 20:18:00 - 	node-manager/: [info] Module hook start
2025-03-08 20:18:00 - 	node-manager/: [info] Module hook start
2025-03-08 20:18:00 - 	node-manager/: [info] Module hook start
2025-03-08 20:18:00 - 	node-manager/: [info] Module hook start
2025-03-08 20:18:00 - 	node-manager/: [info] Module hook start
2025-03-08 20:18:00 - 	node-manager/: [info] found packages proxy endpoints: [10.241.32.4:4219]
2025-03-08 20:18:00 - 	node-manager/: [info] Module hook start
2025-03-08 20:18:00 - 	node-manager/: [info] Module hook start
2025-03-08 20:18:00 - 	node-manager/: [info] Module hook start
2025-03-08 20:18:00 - 	node-manager/: [info] Module hook start
2025-03-08 20:18:00 - 	node-manager/: [info] Module hook start
2025-03-08 20:18:00 - 	node-manager/: [info] Module hook start
2025-03-08 20:18:00 - 	node-manager/: [info] Module hook start
2025-03-08 20:18:00 - 	node-manager/: [info] Module hook start
2025-03-08 20:18:00 - 	node-manager/: [info] Module hook start
2025-03-08 20:18:00 - 	node-manager/: [info] Module hook start
2025-03-08 20:18:00 - 	node-manager/: [info] Module hook start
2025-03-08 20:18:00 - 	/: [info] 2025/03/08 20:18:00 found symbolic link in path: /deckhouse/modules/040-node-manager/candi resolves to /deckhouse/candi. Contents of linked file included and used
2025-03-08 20:18:01 - Pod deckhouse-7c9cd59f84-gbk2h is not ready: Ready = False
2025-03-08 20:18:01 - Pod deckhouse-7c9cd59f84-gbk2h is not ready: ContainersReady = False
2025-03-08 20:18:01 - 	node-manager/: [info] Module hook start
2025-03-08 20:18:01 - 	node-manager/: [info] Module hook start
2025-03-08 20:18:01 - 	Module "node-manager" run successfully
2025-03-08 20:18:01 - 	/: [info] Converge modules in progress: 0 modules left to process in queue 'main'
2025-03-08 20:18:01 - 	node-manager/: [info] ModuleHookRun task for 'main' group binding, trigger is Kubernetes
2025-03-08 20:18:01 - 	node-manager/: [info] ModuleHookRun task for 'main' group binding, trigger is Kubernetes
2025-03-08 20:18:01 - 	/: [info] GlobalHookRun task for 'main' group binding, trigger is Kubernetes
2025-03-08 20:18:01 - 	/: [info] GlobalHookRun task for 'main' group binding, trigger is Kubernetes
2025-03-08 20:18:01 - 	/: [info] GlobalHookRun task for 'main' group binding, trigger is Kubernetes
2025-03-08 20:18:01 - 	/: [info] Binding contexts from 2 tasks are combined and compacted to 1 contexts. 1 tasks are dropped from queue 'main'
2025-03-08 20:18:01 - 	/: [info] GlobalHookRun task for 'main' group binding, trigger is Kubernetes
2025-03-08 20:18:01 - 	/: [info] Binding contexts from 2 tasks are combined and compacted to 1 contexts. 1 tasks are dropped from queue 'main'
2025-03-08 20:18:01 - 	/: [info] DiscoverHelmReleases task, trigger is Operator-PostConvergeCleanup
2025-03-08 20:18:01 - 	/: [info] ConvergeModules task for ReloadAllModules in phase 'StandBy', trigger is ReloadAll-After-GlobalHookDynamicUpdate
2025-03-08 20:18:01 - 	/: [info] head task GlobalHookRun for beforeAll binding, trigger is ReloadAll-After-GlobalHookDynamicUpdate
2025-03-08 20:18:01 - 	/: [info] head task GlobalHookRun for beforeAll binding, trigger is ReloadAll-After-GlobalHookDynamicUpdate
2025-03-08 20:18:01 - 	/: [info] ConvergeModules task done, result is 'Keep' for ReloadAllModules in phase 'WaitBeforeAll', trigger is ReloadAll-After-GlobalHookDynamicUpdate
2025-03-08 20:18:01 - 	/: [info] GlobalHookRun task for beforeAll binding, trigger is ReloadAll-After-GlobalHookDynamicUpdate
2025-03-08 20:18:01 - 	/: [info] Parameter `global.defaultClusterStorageClass` not set. Skipping
2025-03-08 20:18:01 - 	/: [info] GlobalHookRun task for beforeAll binding, trigger is ReloadAll-After-GlobalHookDynamicUpdate
2025-03-08 20:18:01 - 	/: [info] ConvergeModules task for ReloadAllModules in phase 'WaitBeforeAll', trigger is ReloadAll-After-GlobalHookDynamicUpdate
2025-03-08 20:18:01 - 	/: [info] ConvergeModules: beforeAll hooks done, run modules
2025-03-08 20:18:01 - 	/ModuleManager.RefreshEnabledState: [info] Enabled modules: [priority-class deckhouse flow-schema cloud-provider-yandex local-path-provisioner cni-simple-bridge kube-proxy registry-packages-proxy control-plane-manager node-manager kube-dns chrony]
2025-03-08 20:18:01 - 	/: [info] head task ModuleRun for module 'priority-class', phase '', trigger is ReloadAllModules
2025-03-08 20:18:01 - 	/: [info] head task ModuleRun for module 'deckhouse', phase '', trigger is ReloadAllModules
2025-03-08 20:18:01 - 	/: [info] head task ModuleRun for module 'flow-schema', phase '', trigger is ReloadAllModules
2025-03-08 20:18:01 - 	/: [info] head task ModuleRun for module 'cloud-provider-yandex', phase '', trigger is ReloadAllModules
2025-03-08 20:18:01 - 	/: [info] head task ModuleRun for module 'local-path-provisioner', phase '', trigger is ReloadAllModules
2025-03-08 20:18:01 - 	/: [info] head task ModuleRun for module 'cni-simple-bridge', phase '' with doModuleStartup, trigger is ReloadAllModules
2025-03-08 20:18:01 - 	/: [info] head task ModuleRun for module 'kube-proxy', phase '' with doModuleStartup, trigger is ReloadAllModules
2025-03-08 20:18:01 - 	/: [info] head task ModuleRun for module 'registry-packages-proxy', phase '', trigger is ReloadAllModules
2025-03-08 20:18:01 - 	/: [info] head task ParallelModuleRun for modules 'Parallel run for control-plane-manager, node-manager', trigger is ReloadAllModules
2025-03-08 20:18:01 - 	/: [info] head task ModuleRun for module 'kube-dns', phase '', trigger is ReloadAllModules
2025-03-08 20:18:01 - 	/: [info] head task ModuleRun for module 'chrony', phase '', trigger is ReloadAllModules
2025-03-08 20:18:01 - 	/: [info] ConvergeModules task done, result is 'Keep' for ReloadAllModules in phase 'WaitDeleteAndRunModules', trigger is ReloadAll-After-GlobalHookDynamicUpdate
2025-03-08 20:18:01 - 	priority-class/: [info] ModuleRun task for module 'priority-class', phase 'CanRunHelm', trigger is ReloadAllModules
2025-03-08 20:18:01 - 	/: [info] 2025/03/08 20:18:01 found symbolic link in path: /deckhouse/modules/001-priority-class/charts/helm_lib resolves to /deckhouse/helm_lib/charts/deckhouse_lib_helm. Contents of linked file included and used
2025-03-08 20:18:01 - 	priority-class/helm3lib: [info] Render helm templates for chart '/deckhouse/modules/001-priority-class' was successful
2025-03-08 20:18:01 - 	Module "priority-class" run successfully
2025-03-08 20:18:01 - 	/: [info] Converge modules in progress: 9 modules left to process in queue 'main'
2025-03-08 20:18:01 - 	deckhouse/: [info] ModuleRun task for module 'deckhouse', phase 'CanRunHelm', trigger is ReloadAllModules
2025-03-08 20:18:01 - 	deckhouse/: [info] Module hook start
2025-03-08 20:18:01 - 	deckhouse/: [info] Labeling cloud-demo-master-0 node with node.deckhouse.io/deckhouse-ready=false label
2025-03-08 20:18:01 - 	deckhouse/: [info] Module hook start
2025-03-08 20:18:01 - 	deckhouse/: [info] Module hook start
2025-03-08 20:18:01 - 	deckhouse/: [info] Module hook start
2025-03-08 20:18:01 - 	deckhouse/: [info] Module hook start
2025-03-08 20:18:01 - 	deckhouse/: [info] Module hook start
2025-03-08 20:18:01 - 	deckhouse/: [info] Module hook start
2025-03-08 20:18:01 - 	/: [info] 2025/03/08 20:18:01 found symbolic link in path: /deckhouse/modules/002-deckhouse/charts/helm_lib resolves to /deckhouse/helm_lib/charts/deckhouse_lib_helm. Contents of linked file included and used
2025-03-08 20:18:01 - 	deckhouse/helm3lib: [info] Render helm templates for chart '/deckhouse/modules/002-deckhouse' was successful
2025-03-08 20:18:01 - 	/: [info] 2025/03/08 20:18:01 found symbolic link in path: /deckhouse/modules/002-deckhouse/charts/helm_lib resolves to /deckhouse/helm_lib/charts/deckhouse_lib_helm. Contents of linked file included and used
2025-03-08 20:18:01 - 	deckhouse/helm3lib: [info] Running helm upgrade for release 'deckhouse' with chart '/deckhouse/modules/002-deckhouse' in namespace 'd8-system' ...
2025-03-08 20:18:02 - Pod deckhouse-7c9cd59f84-gbk2h is not ready: Ready = False
2025-03-08 20:18:02 - Pod deckhouse-7c9cd59f84-gbk2h is not ready: ContainersReady = False
2025-03-08 20:18:03 - Deckhouse pod is Ready!
2025-03-08 20:18:03 - End process Waiting for Deckhouse to become Ready2025-03-08 20:18:03 - End process Install Deckhouse2025-03-08 20:18:03 - Create converge lock and mutex
2025-03-08 20:18:03 - Try to lock converge
2025-03-08 20:18:03 - Lock converge successful
2025-03-08 20:18:03 - teardown callback 'unlock converge' added, callbacks in queue: 13
2025-03-08 20:18:03 - Skip bootstrap additional master nodes because replicas == 12025-03-08 20:18:03 - Start process Waiting for Node Groups are ready2025-03-08 20:18:03 - Start process Waiting for NodeGroup master to become Ready2025-03-08 20:18:03 - Attempt #1 of 100 |
	Waiting for NodeGroup master to become Ready failed, next attempt will be in 20s"
2025-03-08 20:18:03 - 	Error: Nodes Ready 0 of 1
* cloud-demo-master-0 | NotReady

2025-03-08 20:18:23 - Attempt #2 of 100 |
	Waiting for NodeGroup master to become Ready failed, next attempt will be in 20s"
2025-03-08 20:18:23 - 	Error: Nodes Ready 0 of 1
* cloud-demo-master-0 | NotReady

2025-03-08 20:18:43 - Nodes Ready 1 of 1
* cloud-demo-master-0 | Ready

2025-03-08 20:18:43 - Succeeded!
2025-03-08 20:18:43 - End process Waiting for NodeGroup master to become Ready2025-03-08 20:18:43 - End process Waiting for Node Groups are ready2025-03-08 20:18:43 - Try to release converge lock. Is it %v false
2025-03-08 20:18:43 - Try to full release...
2025-03-08 20:18:43 - Lock was released
2025-03-08 20:18:43 - Start process Control-plane manager pods readiness2025-03-08 20:18:44 - Attempt #1 of 50 |
	Control-plane manager pods readiness failed, next attempt will be in 10s"
2025-03-08 20:18:44 - 	Error: Pods Ready 0 of 1

2025-03-08 20:18:54 - Attempt #2 of 50 |
	Control-plane manager pods readiness failed, next attempt will be in 10s"
2025-03-08 20:18:54 - 	Error: Pods Ready 0 of 1

2025-03-08 20:19:04 - Attempt #3 of 50 |
	Control-plane manager pods readiness failed, next attempt will be in 10s"
2025-03-08 20:19:04 - 	Error: Pods Ready 0 of 1

2025-03-08 20:19:14 - Error while getting control-plane manager pod readiness: Control plane manager pod d8-control-plane-manager-bcbvs is not running (Pending)
2025-03-08 20:19:14 - Attempt #4 of 50 |
	Control-plane manager pods readiness failed, next attempt will be in 10s"
2025-03-08 20:19:14 - 	Error: Pods Ready 0 of 1
* d8-control-plane-manager-bcbvs (cloud-demo-master-0) | NotReady

2025-03-08 20:19:24 - Attempt #5 of 50 |
	Control-plane manager pods readiness failed, next attempt will be in 10s"
2025-03-08 20:19:24 - 	Error: Pods Ready 0 of 1
* d8-control-plane-manager-bcbvs (cloud-demo-master-0) | NotReady

2025-03-08 20:19:35 - ssh: E0308 20:19:35.638024   10947 proxy_server.go:147] Error while proxying request: EOF
2025-03-08 20:19:35 - Error while getting control-plane manager pods: an error on the server ("EOF") has prevented the request from succeeding (get pods)
2025-03-08 20:19:35 - Attempt #6 of 50 |
	Control-plane manager pods readiness failed, next attempt will be in 10s"
2025-03-08 20:19:35 - 	Error: Control plane is not ready


2025-03-08 20:19:45 - ssh: E0308 20:19:45.680372   10947 proxy_server.go:147] Error while proxying request: EOF
2025-03-08 20:19:45 - Error while getting nodes count: an error on the server ("EOF") has prevented the request from succeeding (get nodes)
2025-03-08 20:19:45 - Attempt #7 of 50 |
	Control-plane manager pods readiness failed, next attempt will be in 10s"
2025-03-08 20:19:45 - 	Error: Control plane is not ready


2025-03-08 20:19:55 - ssh: E0308 20:19:55.723849   10947 proxy_server.go:147] Error while proxying request: EOF
2025-03-08 20:19:55 - Error while getting nodes count: an error on the server ("EOF") has prevented the request from succeeding (get nodes)
2025-03-08 20:19:55 - Attempt #8 of 50 |
	Control-plane manager pods readiness failed, next attempt will be in 10s"
2025-03-08 20:19:55 - 	Error: Control plane is not ready


2025-03-08 20:20:05 - ssh: E0308 20:20:05.768545   10947 proxy_server.go:147] Error while proxying request: EOF
2025-03-08 20:20:05 - Error while getting nodes count: an error on the server ("EOF") has prevented the request from succeeding (get nodes)
2025-03-08 20:20:05 - Attempt #9 of 50 |
	Control-plane manager pods readiness failed, next attempt will be in 10s"
2025-03-08 20:20:05 - 	Error: Control plane is not ready


2025-03-08 20:20:15 - ssh: E0308 20:20:15.815590   10947 proxy_server.go:147] Error while proxying request: EOF
2025-03-08 20:20:15 - Error while getting nodes count: an error on the server ("EOF") has prevented the request from succeeding (get nodes)
2025-03-08 20:20:15 - Attempt #10 of 50 |
	Control-plane manager pods readiness failed, next attempt will be in 10s"
2025-03-08 20:20:15 - 	Error: Control plane is not ready


2025-03-08 20:20:25 - Attempt #11 of 50 |
	Control-plane manager pods readiness failed, next attempt will be in 10s"
2025-03-08 20:20:25 - 	Error: Pods Ready 0 of 1
* d8-control-plane-manager-bcbvs (cloud-demo-master-0) | NotReady

2025-03-08 20:20:35 - Attempt #12 of 50 |
	Control-plane manager pods readiness failed, next attempt will be in 10s"
2025-03-08 20:20:35 - 	Error: Pods Ready 0 of 1
* d8-control-plane-manager-bcbvs (cloud-demo-master-0) | NotReady

2025-03-08 20:20:46 - Attempt #13 of 50 |
	Control-plane manager pods readiness failed, next attempt will be in 10s"
2025-03-08 20:20:46 - 	Error: Pods Ready 0 of 1
* d8-control-plane-manager-bcbvs (cloud-demo-master-0) | NotReady

2025-03-08 20:20:56 - Attempt #14 of 50 |
	Control-plane manager pods readiness failed, next attempt will be in 10s"
2025-03-08 20:20:56 - 	Error: Pods Ready 0 of 1
* d8-control-plane-manager-bcbvs (cloud-demo-master-0) | NotReady

2025-03-08 20:21:06 - Attempt #15 of 50 |
	Control-plane manager pods readiness failed, next attempt will be in 10s"
2025-03-08 20:21:06 - 	Error: Pods Ready 0 of 1
* d8-control-plane-manager-bcbvs (cloud-demo-master-0) | NotReady

2025-03-08 20:21:16 - Attempt #16 of 50 |
	Control-plane manager pods readiness failed, next attempt will be in 10s"
2025-03-08 20:21:16 - 	Error: Pods Ready 0 of 1
* d8-control-plane-manager-bcbvs (cloud-demo-master-0) | NotReady

2025-03-08 20:26:26 - Error while getting nodes count: the server was unable to return a response in the time allotted, but may still be processing the request (get nodes)
2025-03-08 20:26:26 - Attempt #17 of 50 |
	Control-plane manager pods readiness failed, next attempt will be in 10s"
2025-03-08 20:26:26 - 	Error: Control plane is not ready


2025-03-08 20:31:36 - Error while getting nodes count: the server was unable to return a response in the time allotted, but may still be processing the request (get nodes)
2025-03-08 20:31:36 - Attempt #18 of 50 |
	Control-plane manager pods readiness failed, next attempt will be in 10s"
2025-03-08 20:31:36 - 	Error: Control plane is not ready


2025-03-08 20:32:18 - Attempt #19 of 50 |
	Control-plane manager pods readiness failed, next attempt will be in 10s"
2025-03-08 20:32:18 - 	Error: Pods Ready 0 of 1
* d8-control-plane-manager-bcbvs (cloud-demo-master-0) | NotReady

2025-03-08 20:32:28 - Attempt #20 of 50 |
	Control-plane manager pods readiness failed, next attempt will be in 10s"
2025-03-08 20:32:28 - 	Error: Pods Ready 0 of 1
* d8-control-plane-manager-bcbvs (cloud-demo-master-0) | NotReady

2025-03-08 20:32:38 - Attempt #21 of 50 |
	Control-plane manager pods readiness failed, next attempt will be in 10s"
2025-03-08 20:32:38 - 	Error: Pods Ready 0 of 1
* d8-control-plane-manager-bcbvs (cloud-demo-master-0) | NotReady

2025-03-08 20:32:48 - Attempt #22 of 50 |
	Control-plane manager pods readiness failed, next attempt will be in 10s"
2025-03-08 20:32:48 - 	Error: Pods Ready 0 of 1
* d8-control-plane-manager-bcbvs (cloud-demo-master-0) | NotReady

2025-03-08 20:32:59 - Attempt #23 of 50 |
	Control-plane manager pods readiness failed, next attempt will be in 10s"
2025-03-08 20:32:59 - 	Error: Pods Ready 0 of 1
* d8-control-plane-manager-bcbvs (cloud-demo-master-0) | NotReady

2025-03-08 20:33:09 - Attempt #24 of 50 |
	Control-plane manager pods readiness failed, next attempt will be in 10s"
2025-03-08 20:33:09 - 	Error: Pods Ready 0 of 1
* d8-control-plane-manager-bcbvs (cloud-demo-master-0) | NotReady

2025-03-08 20:33:19 - Attempt #25 of 50 |
	Control-plane manager pods readiness failed, next attempt will be in 10s"
2025-03-08 20:33:19 - 	Error: Pods Ready 0 of 1
* d8-control-plane-manager-bcbvs (cloud-demo-master-0) | NotReady

2025-03-08 20:33:29 - Attempt #26 of 50 |
	Control-plane manager pods readiness failed, next attempt will be in 10s"
2025-03-08 20:33:29 - 	Error: Pods Ready 0 of 1
* d8-control-plane-manager-bcbvs (cloud-demo-master-0) | NotReady

2025-03-08 20:33:39 - Pods Ready 1 of 1
* d8-control-plane-manager-bcbvs (cloud-demo-master-0) | Ready

2025-03-08 20:33:39 - Succeeded!
2025-03-08 20:33:39 - End process Control-plane manager pods readiness2025-03-08 20:33:39 - Some resources require at least one non-master node to be added to the cluster.
2025-03-08 20:33:39 - Start process Create Resources2025-03-08 20:33:39 - tryToGetClusterIsBootstrappedChecker: skip GVK (v1 deckhouse.io YandexInstanceClass)2025-03-08 20:33:39 - Got readiness checker for nodegroup worker
2025-03-08 20:33:39 - tryToGetClusterIsBootstrappedChecker: skip GVK (v1 deckhouse.io IngressNginxController)2025-03-08 20:33:39 - tryToGetClusterIsBootstrappedChecker: skip GVK (v1 deckhouse.io ClusterAuthorizationRule)2025-03-08 20:33:39 - tryToGetClusterIsBootstrappedChecker: skip GVK (v1 deckhouse.io User)2025-03-08 20:33:39 - start ensureRequiredNamespacesExist
2025-03-08 20:33:39 - Namespace is empty for resource deckhouse.io/v1, Kind=YandexInstanceClass - /worker. Skip ns checking
2025-03-08 20:33:39 - Namespace is empty for resource deckhouse.io/v1, Kind=NodeGroup - /worker. Skip ns checking
2025-03-08 20:33:39 - Namespace is empty for resource deckhouse.io/v1, Kind=IngressNginxController - /nginx. Skip ns checking
2025-03-08 20:33:39 - Namespace is empty for resource deckhouse.io/v1, Kind=ClusterAuthorizationRule - /admin. Skip ns checking
2025-03-08 20:33:39 - Namespace is empty for resource deckhouse.io/v1, Kind=User - /admin. Skip ns checking
2025-03-08 20:33:39 - start single resource creation loop
2025-03-08 20:33:39 - Start process Create deckhouse.io/v1, Kind=YandexInstanceClass resources2025-03-08 20:33:39 - Manifest for YandexInstanceClass worker
2025-03-08 20:33:39 - Succeeded!
2025-03-08 20:33:39 - End process Create deckhouse.io/v1, Kind=YandexInstanceClass resources2025-03-08 20:33:39 - Start process Create deckhouse.io/v1, Kind=NodeGroup resources2025-03-08 20:33:39 - Manifest for NodeGroup worker
2025-03-08 20:33:39 - Succeeded!
2025-03-08 20:33:39 - End process Create deckhouse.io/v1, Kind=NodeGroup resources2025-03-08 20:33:39 - Remain resource deckhouse.io/v1, Kind=IngressNginxController - /nginx
2025-03-08 20:33:39 - Remain resource deckhouse.io/v1, Kind=ClusterAuthorizationRule - /admin
2025-03-08 20:33:39 - Remain resource deckhouse.io/v1, Kind=User - /admin
2025-03-08 20:33:39 - Remain resources: 3
2025-03-08 20:33:39 - Resources to create: 
	deckhouse.io/v1, Kind=IngressNginxController
	deckhouse.io/v1, Kind=ClusterAuthorizationRule
	deckhouse.io/v1, Kind=User

2025-03-08 20:33:39 - Resource deckhouse.io/v1, Kind=YandexInstanceClass 'worker' readiness attempts: 0
2025-03-08 20:33:39 - Checking if resource deckhouse.io/v1, Kind=YandexInstanceClass 'worker' is ready...
2025-03-08 20:33:39 - Resource deckhouse.io/v1, Kind=YandexInstanceClass 'worker' has not been ready yet
2025-03-08 20:33:39 - Skip resource %!r(string=deckhouse.io/v1, Kind=YandexInstanceClass 'worker')eadiness checking for waiting set status
2025-03-08 20:33:39 - 
2025-03-08 20:33:39 - Waiting for the cluster to be in the 'bootstrapped' state:
2025-03-08 20:33:40 - The cluster has not been bootstrapped yet. Waiting for at least one non-master node in Ready status.
2025-03-08 20:33:40 - Waiting 1 minute for stabilizing node group events
2025-03-08 20:33:40 - 
2025-03-08 20:33:40 - Resource deckhouse.io/v1, Kind=NodeGroup 'worker' readiness attempts: 0
2025-03-08 20:33:40 - Checking if resource deckhouse.io/v1, Kind=NodeGroup 'worker' is ready...
2025-03-08 20:33:40 - Found custom attempts 5 for kind
%!(EXTRA string=NodeGroup)2025-03-08 20:33:40 - Resource deckhouse.io/v1, Kind=NodeGroup 'worker' has not been ready yet
2025-03-08 20:33:40 - Skip resource %!r(string=deckhouse.io/v1, Kind=NodeGroup 'worker')eadiness checking for waiting set status
2025-03-08 20:33:40 - 
2025-03-08 20:33:40 - Resource deckhouse.io/v1, Kind=IngressNginxController 'nginx' readiness attempts: 0
2025-03-08 20:33:40 - Checking if resource deckhouse.io/v1, Kind=IngressNginxController 'nginx' is ready...
2025-03-08 20:33:40 - Resource deckhouse.io/v1, Kind=IngressNginxController 'nginx' has not been ready yet
2025-03-08 20:33:40 - Skip resource %!r(string=deckhouse.io/v1, Kind=IngressNginxController 'nginx')eadiness checking for waiting set status
2025-03-08 20:33:40 - 
2025-03-08 20:33:40 - Resource deckhouse.io/v1, Kind=ClusterAuthorizationRule 'admin' readiness attempts: 0
2025-03-08 20:33:40 - Checking if resource deckhouse.io/v1, Kind=ClusterAuthorizationRule 'admin' is ready...
2025-03-08 20:33:40 - Resource deckhouse.io/v1, Kind=ClusterAuthorizationRule 'admin' has not been ready yet
2025-03-08 20:33:40 - Skip resource %!r(string=deckhouse.io/v1, Kind=ClusterAuthorizationRule 'admin')eadiness checking for waiting set status
2025-03-08 20:33:40 - 
2025-03-08 20:33:40 - Resource deckhouse.io/v1, Kind=User 'admin' readiness attempts: 0
2025-03-08 20:33:40 - Checking if resource deckhouse.io/v1, Kind=User 'admin' is ready...
2025-03-08 20:33:40 - Resource deckhouse.io/v1, Kind=User 'admin' has not been ready yet
2025-03-08 20:33:40 - Skip resource %!r(string=deckhouse.io/v1, Kind=User 'admin')eadiness checking for waiting set status
2025-03-08 20:33:40 - 
2025-03-08 20:33:49 - start ensureRequiredNamespacesExist
2025-03-08 20:33:49 - Namespace is empty for resource deckhouse.io/v1, Kind=IngressNginxController - /nginx. Skip ns checking
2025-03-08 20:33:49 - Namespace is empty for resource deckhouse.io/v1, Kind=ClusterAuthorizationRule - /admin. Skip ns checking
2025-03-08 20:33:49 - Namespace is empty for resource deckhouse.io/v1, Kind=User - /admin. Skip ns checking
2025-03-08 20:33:49 - start single resource creation loop
2025-03-08 20:33:49 - Remain resource deckhouse.io/v1, Kind=IngressNginxController - /nginx
2025-03-08 20:33:49 - Remain resource deckhouse.io/v1, Kind=ClusterAuthorizationRule - /admin
2025-03-08 20:33:49 - Remain resource deckhouse.io/v1, Kind=User - /admin
2025-03-08 20:33:49 - Remain resources: 3
2025-03-08 20:33:49 - Resources to create: 
	deckhouse.io/v1, Kind=IngressNginxController
	deckhouse.io/v1, Kind=ClusterAuthorizationRule
	deckhouse.io/v1, Kind=User

2025-03-08 20:33:49 - Resource deckhouse.io/v1, Kind=YandexInstanceClass 'worker' readiness attempts: 1
2025-03-08 20:33:49 - Checking if resource deckhouse.io/v1, Kind=YandexInstanceClass 'worker' is ready...
2025-03-08 20:33:49 - Resource deckhouse.io/v1, Kind=YandexInstanceClass 'worker' do not have 'status.conditions' key. Resource ready!
2025-03-08 20:33:49 - Resource deckhouse.io/v1, Kind=YandexInstanceClass 'worker' is ready!
2025-03-08 20:33:49 - 
2025-03-08 20:33:49 - Waiting for the cluster to be in the 'bootstrapped' state:
2025-03-08 20:33:49 - The cluster has not been bootstrapped yet. Waiting for at least one non-master node in Ready status.
2025-03-08 20:33:49 - Waiting 1 minute for stabilizing node group events
2025-03-08 20:33:49 - 
2025-03-08 20:33:49 - Resource deckhouse.io/v1, Kind=NodeGroup 'worker' readiness attempts: 1
2025-03-08 20:33:49 - Checking if resource deckhouse.io/v1, Kind=NodeGroup 'worker' is ready...
2025-03-08 20:33:49 - Found custom attempts 5 for kind
%!(EXTRA string=NodeGroup)2025-03-08 20:33:49 - Resource deckhouse.io/v1, Kind=NodeGroup 'worker' has not been ready yet
2025-03-08 20:33:49 - Skip resource %!r(string=deckhouse.io/v1, Kind=NodeGroup 'worker')eadiness checking for waiting set status
2025-03-08 20:33:49 - 
2025-03-08 20:33:49 - Resource deckhouse.io/v1, Kind=IngressNginxController 'nginx' readiness attempts: 1
2025-03-08 20:33:49 - Checking if resource deckhouse.io/v1, Kind=IngressNginxController 'nginx' is ready...
2025-03-08 20:33:49 - Resource deckhouse.io/v1, Kind=IngressNginxController 'nginx' has not been ready yet
2025-03-08 20:33:49 - Resource deckhouse.io/v1, Kind=IngressNginxController 'nginx' to GVR failed: can't get resource by kind and apiVersion: apiVersion 'deckhouse.io/v1', kind 'IngressNginxController' is not supported by cluster: IngressNginxController.deckhouse.io "" not found
2025-03-08 20:33:49 - 
2025-03-08 20:33:49 - Resource deckhouse.io/v1, Kind=ClusterAuthorizationRule 'admin' readiness attempts: 1
2025-03-08 20:33:49 - Checking if resource deckhouse.io/v1, Kind=ClusterAuthorizationRule 'admin' is ready...
2025-03-08 20:33:49 - Resource deckhouse.io/v1, Kind=ClusterAuthorizationRule 'admin' has not been ready yet
2025-03-08 20:33:49 - Resource deckhouse.io/v1, Kind=ClusterAuthorizationRule 'admin' to GVR failed: can't get resource by kind and apiVersion: apiVersion 'deckhouse.io/v1', kind 'ClusterAuthorizationRule' is not supported by cluster: ClusterAuthorizationRule.deckhouse.io "" not found
2025-03-08 20:33:49 - 
2025-03-08 20:33:49 - Resource deckhouse.io/v1, Kind=User 'admin' readiness attempts: 1
2025-03-08 20:33:49 - Checking if resource deckhouse.io/v1, Kind=User 'admin' is ready...
2025-03-08 20:33:49 - Resource deckhouse.io/v1, Kind=User 'admin' has not been ready yet
2025-03-08 20:33:49 - Resource deckhouse.io/v1, Kind=User 'admin' to GVR failed: can't get resource by kind and apiVersion: apiVersion 'deckhouse.io/v1', kind 'User' is not supported by cluster: User.deckhouse.io "" not found
2025-03-08 20:33:49 - 
2025-03-08 20:33:59 - start ensureRequiredNamespacesExist
2025-03-08 20:33:59 - Namespace is empty for resource deckhouse.io/v1, Kind=IngressNginxController - /nginx. Skip ns checking
2025-03-08 20:33:59 - Namespace is empty for resource deckhouse.io/v1, Kind=ClusterAuthorizationRule - /admin. Skip ns checking
2025-03-08 20:33:59 - Namespace is empty for resource deckhouse.io/v1, Kind=User - /admin. Skip ns checking
2025-03-08 20:33:59 - start single resource creation loop
2025-03-08 20:33:59 - Remain resource deckhouse.io/v1, Kind=IngressNginxController - /nginx
2025-03-08 20:33:59 - Remain resource deckhouse.io/v1, Kind=ClusterAuthorizationRule - /admin
2025-03-08 20:33:59 - Remain resource deckhouse.io/v1, Kind=User - /admin
2025-03-08 20:33:59 - Remain resources: 3
2025-03-08 20:33:59 - Resources to create: 
	deckhouse.io/v1, Kind=IngressNginxController
	deckhouse.io/v1, Kind=ClusterAuthorizationRule
	deckhouse.io/v1, Kind=User

2025-03-08 20:33:59 - Waiting for the cluster to be in the 'bootstrapped' state:
2025-03-08 20:33:59 - The cluster has not been bootstrapped yet. Waiting for at least one non-master node in Ready status.
2025-03-08 20:33:59 - Waiting 1 minute for stabilizing node group events
2025-03-08 20:33:59 - 
2025-03-08 20:33:59 - Resource deckhouse.io/v1, Kind=NodeGroup 'worker' readiness attempts: 2
2025-03-08 20:33:59 - Checking if resource deckhouse.io/v1, Kind=NodeGroup 'worker' is ready...
2025-03-08 20:33:59 - Found custom attempts 5 for kind
%!(EXTRA string=NodeGroup)2025-03-08 20:33:59 - Resource deckhouse.io/v1, Kind=NodeGroup 'worker' has not been ready yet
2025-03-08 20:33:59 - Skip resource %!r(string=deckhouse.io/v1, Kind=NodeGroup 'worker')eadiness checking for waiting set status
2025-03-08 20:33:59 - 
2025-03-08 20:33:59 - Resource deckhouse.io/v1, Kind=IngressNginxController 'nginx' readiness attempts: 2
2025-03-08 20:33:59 - Checking if resource deckhouse.io/v1, Kind=IngressNginxController 'nginx' is ready...
2025-03-08 20:33:59 - Resource deckhouse.io/v1, Kind=IngressNginxController 'nginx' has not been ready yet
2025-03-08 20:33:59 - Resource deckhouse.io/v1, Kind=IngressNginxController 'nginx' to GVR failed: can't get resource by kind and apiVersion: apiVersion 'deckhouse.io/v1', kind 'IngressNginxController' is not supported by cluster: IngressNginxController.deckhouse.io "" not found
2025-03-08 20:33:59 - 
2025-03-08 20:33:59 - Resource deckhouse.io/v1, Kind=ClusterAuthorizationRule 'admin' readiness attempts: 2
2025-03-08 20:33:59 - Checking if resource deckhouse.io/v1, Kind=ClusterAuthorizationRule 'admin' is ready...
2025-03-08 20:33:59 - Resource deckhouse.io/v1, Kind=ClusterAuthorizationRule 'admin' has not been ready yet
2025-03-08 20:33:59 - Resource deckhouse.io/v1, Kind=ClusterAuthorizationRule 'admin' to GVR failed: can't get resource by kind and apiVersion: apiVersion 'deckhouse.io/v1', kind 'ClusterAuthorizationRule' is not supported by cluster: ClusterAuthorizationRule.deckhouse.io "" not found
2025-03-08 20:33:59 - 
2025-03-08 20:33:59 - Resource deckhouse.io/v1, Kind=User 'admin' readiness attempts: 2
2025-03-08 20:33:59 - Checking if resource deckhouse.io/v1, Kind=User 'admin' is ready...
2025-03-08 20:33:59 - Resource deckhouse.io/v1, Kind=User 'admin' has not been ready yet
2025-03-08 20:33:59 - Resource deckhouse.io/v1, Kind=User 'admin' to GVR failed: can't get resource by kind and apiVersion: apiVersion 'deckhouse.io/v1', kind 'User' is not supported by cluster: User.deckhouse.io "" not found
2025-03-08 20:33:59 - 
2025-03-08 20:34:09 - start ensureRequiredNamespacesExist
2025-03-08 20:34:09 - Namespace is empty for resource deckhouse.io/v1, Kind=IngressNginxController - /nginx. Skip ns checking
2025-03-08 20:34:09 - Namespace is empty for resource deckhouse.io/v1, Kind=ClusterAuthorizationRule - /admin. Skip ns checking
2025-03-08 20:34:09 - Namespace is empty for resource deckhouse.io/v1, Kind=User - /admin. Skip ns checking
2025-03-08 20:34:09 - start single resource creation loop
2025-03-08 20:34:09 - Remain resource deckhouse.io/v1, Kind=IngressNginxController - /nginx
2025-03-08 20:34:09 - Remain resource deckhouse.io/v1, Kind=ClusterAuthorizationRule - /admin
2025-03-08 20:34:09 - Remain resource deckhouse.io/v1, Kind=User - /admin
2025-03-08 20:34:09 - Remain resources: 3
2025-03-08 20:34:09 - Resources to create: 
	deckhouse.io/v1, Kind=IngressNginxController
	deckhouse.io/v1, Kind=ClusterAuthorizationRule
	deckhouse.io/v1, Kind=User

2025-03-08 20:34:09 - Waiting for the cluster to be in the 'bootstrapped' state:
2025-03-08 20:34:09 - The cluster has not been bootstrapped yet. Waiting for at least one non-master node in Ready status.
2025-03-08 20:34:09 - NAME                           READY    NODES    INSTANCES DESIRED  STATUS           
2025-03-08 20:34:09 - master                         1        1        0         0                         
2025-03-08 20:34:09 - worker                         0        0        1         1                         
2025-03-08 20:34:09 - Waiting 1 minute for stabilizing node group events
2025-03-08 20:34:09 - 
2025-03-08 20:34:09 - Resource deckhouse.io/v1, Kind=NodeGroup 'worker' readiness attempts: 3
2025-03-08 20:34:09 - Checking if resource deckhouse.io/v1, Kind=NodeGroup 'worker' is ready...
2025-03-08 20:34:09 - Found custom attempts 5 for kind
%!(EXTRA string=NodeGroup)2025-03-08 20:34:09 - Resource deckhouse.io/v1, Kind=NodeGroup 'worker' has not been ready yet
2025-03-08 20:34:09 - Skip resource %!r(string=deckhouse.io/v1, Kind=NodeGroup 'worker')eadiness checking for waiting set status
2025-03-08 20:34:09 - 
2025-03-08 20:34:09 - Resource deckhouse.io/v1, Kind=IngressNginxController 'nginx' readiness attempts: 3
2025-03-08 20:34:09 - Checking if resource deckhouse.io/v1, Kind=IngressNginxController 'nginx' is ready...
2025-03-08 20:34:09 - Resource deckhouse.io/v1, Kind=IngressNginxController 'nginx' has not been ready yet
2025-03-08 20:34:09 - Resource deckhouse.io/v1, Kind=IngressNginxController 'nginx' to GVR failed: can't get resource by kind and apiVersion: apiVersion 'deckhouse.io/v1', kind 'IngressNginxController' is not supported by cluster: IngressNginxController.deckhouse.io "" not found
2025-03-08 20:34:09 - 
2025-03-08 20:34:09 - Resource deckhouse.io/v1, Kind=ClusterAuthorizationRule 'admin' readiness attempts: 3
2025-03-08 20:34:09 - Checking if resource deckhouse.io/v1, Kind=ClusterAuthorizationRule 'admin' is ready...
2025-03-08 20:34:09 - Resource deckhouse.io/v1, Kind=ClusterAuthorizationRule 'admin' has not been ready yet
2025-03-08 20:34:09 - Resource deckhouse.io/v1, Kind=ClusterAuthorizationRule 'admin' to GVR failed: can't get resource by kind and apiVersion: apiVersion 'deckhouse.io/v1', kind 'ClusterAuthorizationRule' is not supported by cluster: ClusterAuthorizationRule.deckhouse.io "" not found
2025-03-08 20:34:09 - 
2025-03-08 20:34:09 - Resource deckhouse.io/v1, Kind=User 'admin' readiness attempts: 3
2025-03-08 20:34:09 - Checking if resource deckhouse.io/v1, Kind=User 'admin' is ready...
2025-03-08 20:34:09 - Resource deckhouse.io/v1, Kind=User 'admin' has not been ready yet
2025-03-08 20:34:09 - Resource deckhouse.io/v1, Kind=User 'admin' to GVR failed: can't get resource by kind and apiVersion: apiVersion 'deckhouse.io/v1', kind 'User' is not supported by cluster: User.deckhouse.io "" not found
2025-03-08 20:34:09 - 
2025-03-08 20:34:19 - start ensureRequiredNamespacesExist
2025-03-08 20:34:19 - Namespace is empty for resource deckhouse.io/v1, Kind=IngressNginxController - /nginx. Skip ns checking
2025-03-08 20:34:19 - Namespace is empty for resource deckhouse.io/v1, Kind=ClusterAuthorizationRule - /admin. Skip ns checking
2025-03-08 20:34:19 - Namespace is empty for resource deckhouse.io/v1, Kind=User - /admin. Skip ns checking
2025-03-08 20:34:19 - start single resource creation loop
2025-03-08 20:34:19 - Remain resource deckhouse.io/v1, Kind=IngressNginxController - /nginx
2025-03-08 20:34:19 - Remain resource deckhouse.io/v1, Kind=ClusterAuthorizationRule - /admin
2025-03-08 20:34:19 - Remain resource deckhouse.io/v1, Kind=User - /admin
2025-03-08 20:34:19 - Remain resources: 3
2025-03-08 20:34:19 - Resources to create: 
	deckhouse.io/v1, Kind=IngressNginxController
	deckhouse.io/v1, Kind=ClusterAuthorizationRule
	deckhouse.io/v1, Kind=User

2025-03-08 20:34:19 - Waiting for the cluster to be in the 'bootstrapped' state:
2025-03-08 20:34:19 - The cluster has not been bootstrapped yet. Waiting for at least one non-master node in Ready status.
2025-03-08 20:34:19 - Waiting 1 minute for stabilizing node group events
2025-03-08 20:34:19 - 
2025-03-08 20:34:19 - Resource deckhouse.io/v1, Kind=NodeGroup 'worker' readiness attempts: 4
2025-03-08 20:34:19 - Checking if resource deckhouse.io/v1, Kind=NodeGroup 'worker' is ready...
2025-03-08 20:34:19 - Found custom attempts 5 for kind
%!(EXTRA string=NodeGroup)2025-03-08 20:34:19 - Resource deckhouse.io/v1, Kind=NodeGroup 'worker' has not been ready yet
2025-03-08 20:34:19 - Skip resource %!r(string=deckhouse.io/v1, Kind=NodeGroup 'worker')eadiness checking for waiting set status
2025-03-08 20:34:19 - 
2025-03-08 20:34:19 - Resource deckhouse.io/v1, Kind=IngressNginxController 'nginx' readiness attempts: 4
2025-03-08 20:34:19 - Checking if resource deckhouse.io/v1, Kind=IngressNginxController 'nginx' is ready...
2025-03-08 20:34:19 - Resource deckhouse.io/v1, Kind=IngressNginxController 'nginx' has not been ready yet
2025-03-08 20:34:19 - Resource deckhouse.io/v1, Kind=IngressNginxController 'nginx' to GVR failed: can't get resource by kind and apiVersion: apiVersion 'deckhouse.io/v1', kind 'IngressNginxController' is not supported by cluster: IngressNginxController.deckhouse.io "" not found
2025-03-08 20:34:19 - 
2025-03-08 20:34:19 - Resource deckhouse.io/v1, Kind=ClusterAuthorizationRule 'admin' readiness attempts: 4
2025-03-08 20:34:19 - Checking if resource deckhouse.io/v1, Kind=ClusterAuthorizationRule 'admin' is ready...
2025-03-08 20:34:19 - Resource deckhouse.io/v1, Kind=ClusterAuthorizationRule 'admin' has not been ready yet
2025-03-08 20:34:19 - Resource deckhouse.io/v1, Kind=ClusterAuthorizationRule 'admin' to GVR failed: can't get resource by kind and apiVersion: apiVersion 'deckhouse.io/v1', kind 'ClusterAuthorizationRule' is not supported by cluster: ClusterAuthorizationRule.deckhouse.io "" not found
2025-03-08 20:34:19 - 
2025-03-08 20:34:19 - Resource deckhouse.io/v1, Kind=User 'admin' readiness attempts: 4
2025-03-08 20:34:19 - Checking if resource deckhouse.io/v1, Kind=User 'admin' is ready...
2025-03-08 20:34:19 - Resource deckhouse.io/v1, Kind=User 'admin' has not been ready yet
2025-03-08 20:34:19 - Resource deckhouse.io/v1, Kind=User 'admin' to GVR failed: can't get resource by kind and apiVersion: apiVersion 'deckhouse.io/v1', kind 'User' is not supported by cluster: User.deckhouse.io "" not found
2025-03-08 20:34:19 - 
2025-03-08 20:34:29 - start ensureRequiredNamespacesExist
2025-03-08 20:34:29 - Namespace is empty for resource deckhouse.io/v1, Kind=IngressNginxController - /nginx. Skip ns checking
2025-03-08 20:34:29 - Namespace is empty for resource deckhouse.io/v1, Kind=ClusterAuthorizationRule - /admin. Skip ns checking
2025-03-08 20:34:29 - Namespace is empty for resource deckhouse.io/v1, Kind=User - /admin. Skip ns checking
2025-03-08 20:34:29 - start single resource creation loop
2025-03-08 20:34:29 - Remain resource deckhouse.io/v1, Kind=IngressNginxController - /nginx
2025-03-08 20:34:29 - Remain resource deckhouse.io/v1, Kind=ClusterAuthorizationRule - /admin
2025-03-08 20:34:29 - Remain resource deckhouse.io/v1, Kind=User - /admin
2025-03-08 20:34:29 - Remain resources: 3
2025-03-08 20:34:29 - Resources to create: 
	deckhouse.io/v1, Kind=IngressNginxController
	deckhouse.io/v1, Kind=ClusterAuthorizationRule
	deckhouse.io/v1, Kind=User

2025-03-08 20:34:29 - Waiting for the cluster to be in the 'bootstrapped' state:
2025-03-08 20:34:29 - The cluster has not been bootstrapped yet. Waiting for at least one non-master node in Ready status.
2025-03-08 20:34:29 - Waiting 1 minute for stabilizing node group events
2025-03-08 20:34:29 - 
2025-03-08 20:34:29 - Resource deckhouse.io/v1, Kind=NodeGroup 'worker' readiness attempts: 5
2025-03-08 20:34:29 - Checking if resource deckhouse.io/v1, Kind=NodeGroup 'worker' is ready...
2025-03-08 20:34:29 - Found custom attempts 5 for kind
%!(EXTRA string=NodeGroup)2025-03-08 20:34:29 - Resource deckhouse.io/v1, Kind=NodeGroup 'worker' found `Ready` condition: false2025-03-08 20:34:29 - Resource deckhouse.io/v1, Kind=NodeGroup 'worker' has not been ready yet
2025-03-08 20:34:29 - 
2025-03-08 20:34:29 - Resource deckhouse.io/v1, Kind=IngressNginxController 'nginx' readiness attempts: 5
2025-03-08 20:34:29 - Checking if resource deckhouse.io/v1, Kind=IngressNginxController 'nginx' is ready...
2025-03-08 20:34:29 - Resource deckhouse.io/v1, Kind=IngressNginxController 'nginx' has not been ready yet
2025-03-08 20:34:29 - Resource deckhouse.io/v1, Kind=IngressNginxController 'nginx' to GVR failed: can't get resource by kind and apiVersion: apiVersion 'deckhouse.io/v1', kind 'IngressNginxController' is not supported by cluster: IngressNginxController.deckhouse.io "" not found
2025-03-08 20:34:29 - 
2025-03-08 20:34:29 - Resource deckhouse.io/v1, Kind=ClusterAuthorizationRule 'admin' readiness attempts: 5
2025-03-08 20:34:29 - Checking if resource deckhouse.io/v1, Kind=ClusterAuthorizationRule 'admin' is ready...
2025-03-08 20:34:29 - Resource deckhouse.io/v1, Kind=ClusterAuthorizationRule 'admin' has not been ready yet
2025-03-08 20:34:29 - Resource deckhouse.io/v1, Kind=ClusterAuthorizationRule 'admin' to GVR failed: can't get resource by kind and apiVersion: apiVersion 'deckhouse.io/v1', kind 'ClusterAuthorizationRule' is not supported by cluster: ClusterAuthorizationRule.deckhouse.io "" not found
2025-03-08 20:34:29 - 
2025-03-08 20:34:29 - Resource deckhouse.io/v1, Kind=User 'admin' readiness attempts: 5
2025-03-08 20:34:29 - Checking if resource deckhouse.io/v1, Kind=User 'admin' is ready...
2025-03-08 20:34:29 - Resource deckhouse.io/v1, Kind=User 'admin' has not been ready yet
2025-03-08 20:34:29 - Resource deckhouse.io/v1, Kind=User 'admin' to GVR failed: can't get resource by kind and apiVersion: apiVersion 'deckhouse.io/v1', kind 'User' is not supported by cluster: User.deckhouse.io "" not found
2025-03-08 20:34:29 - 
2025-03-08 20:34:39 - start ensureRequiredNamespacesExist
2025-03-08 20:34:39 - Namespace is empty for resource deckhouse.io/v1, Kind=IngressNginxController - /nginx. Skip ns checking
2025-03-08 20:34:39 - Namespace is empty for resource deckhouse.io/v1, Kind=ClusterAuthorizationRule - /admin. Skip ns checking
2025-03-08 20:34:39 - Namespace is empty for resource deckhouse.io/v1, Kind=User - /admin. Skip ns checking
2025-03-08 20:34:39 - start single resource creation loop
2025-03-08 20:34:39 - Remain resource deckhouse.io/v1, Kind=IngressNginxController - /nginx
2025-03-08 20:34:39 - Remain resource deckhouse.io/v1, Kind=ClusterAuthorizationRule - /admin
2025-03-08 20:34:39 - Remain resource deckhouse.io/v1, Kind=User - /admin
2025-03-08 20:34:39 - Remain resources: 3
2025-03-08 20:34:39 - Resources to create: 
	deckhouse.io/v1, Kind=IngressNginxController
	deckhouse.io/v1, Kind=ClusterAuthorizationRule
	deckhouse.io/v1, Kind=User

2025-03-08 20:34:39 - Waiting for the cluster to be in the 'bootstrapped' state:
2025-03-08 20:34:39 - The cluster has not been bootstrapped yet. Waiting for at least one non-master node in Ready status.
2025-03-08 20:34:39 - 
2025-03-08 20:34:39 - Resource deckhouse.io/v1, Kind=NodeGroup 'worker' readiness attempts: 6
2025-03-08 20:34:39 - Checking if resource deckhouse.io/v1, Kind=NodeGroup 'worker' is ready...
2025-03-08 20:34:39 - Found custom attempts 5 for kind
%!(EXTRA string=NodeGroup)2025-03-08 20:34:39 - Resource deckhouse.io/v1, Kind=NodeGroup 'worker' found `Ready` condition: false2025-03-08 20:34:39 - Resource deckhouse.io/v1, Kind=NodeGroup 'worker' has not been ready yet
2025-03-08 20:34:39 - 
2025-03-08 20:34:39 - Resource deckhouse.io/v1, Kind=IngressNginxController 'nginx' readiness attempts: 6
2025-03-08 20:34:39 - Checking if resource deckhouse.io/v1, Kind=IngressNginxController 'nginx' is ready...
2025-03-08 20:34:39 - Resource deckhouse.io/v1, Kind=IngressNginxController 'nginx' has not been ready yet
2025-03-08 20:34:39 - Resource deckhouse.io/v1, Kind=IngressNginxController 'nginx' to GVR failed: can't get resource by kind and apiVersion: apiVersion 'deckhouse.io/v1', kind 'IngressNginxController' is not supported by cluster: IngressNginxController.deckhouse.io "" not found
2025-03-08 20:34:39 - 
2025-03-08 20:34:39 - Resource deckhouse.io/v1, Kind=ClusterAuthorizationRule 'admin' readiness attempts: 6
2025-03-08 20:34:39 - Checking if resource deckhouse.io/v1, Kind=ClusterAuthorizationRule 'admin' is ready...
2025-03-08 20:34:39 - Resource deckhouse.io/v1, Kind=ClusterAuthorizationRule 'admin' has not been ready yet
2025-03-08 20:34:39 - Resource deckhouse.io/v1, Kind=ClusterAuthorizationRule 'admin' to GVR failed: can't get resource by kind and apiVersion: apiVersion 'deckhouse.io/v1', kind 'ClusterAuthorizationRule' is not supported by cluster: ClusterAuthorizationRule.deckhouse.io "" not found
2025-03-08 20:34:39 - 
2025-03-08 20:34:39 - Resource deckhouse.io/v1, Kind=User 'admin' readiness attempts: 6
2025-03-08 20:34:39 - Checking if resource deckhouse.io/v1, Kind=User 'admin' is ready...
2025-03-08 20:34:39 - Resource deckhouse.io/v1, Kind=User 'admin' has not been ready yet
2025-03-08 20:34:39 - Resource deckhouse.io/v1, Kind=User 'admin' to GVR failed: can't get resource by kind and apiVersion: apiVersion 'deckhouse.io/v1', kind 'User' is not supported by cluster: User.deckhouse.io "" not found
2025-03-08 20:34:39 - 
2025-03-08 20:34:49 - start ensureRequiredNamespacesExist
2025-03-08 20:34:49 - Namespace is empty for resource deckhouse.io/v1, Kind=IngressNginxController - /nginx. Skip ns checking
2025-03-08 20:34:49 - Namespace is empty for resource deckhouse.io/v1, Kind=ClusterAuthorizationRule - /admin. Skip ns checking
2025-03-08 20:34:49 - Namespace is empty for resource deckhouse.io/v1, Kind=User - /admin. Skip ns checking
2025-03-08 20:34:49 - start single resource creation loop
2025-03-08 20:34:49 - Remain resource deckhouse.io/v1, Kind=IngressNginxController - /nginx
2025-03-08 20:34:49 - Remain resource deckhouse.io/v1, Kind=ClusterAuthorizationRule - /admin
2025-03-08 20:34:49 - Remain resource deckhouse.io/v1, Kind=User - /admin
2025-03-08 20:34:49 - Remain resources: 3
2025-03-08 20:34:49 - Resources to create: 
	deckhouse.io/v1, Kind=IngressNginxController
	deckhouse.io/v1, Kind=ClusterAuthorizationRule
	deckhouse.io/v1, Kind=User

2025-03-08 20:34:49 - Waiting for the cluster to be in the 'bootstrapped' state:
2025-03-08 20:34:49 - The cluster has not been bootstrapped yet. Waiting for at least one non-master node in Ready status.
2025-03-08 20:34:49 - NAME                           READY    NODES    INSTANCES DESIRED  STATUS           
2025-03-08 20:34:49 - master                         1        1        0         0                         
2025-03-08 20:34:49 - worker                         0        0        1         1                         
2025-03-08 20:34:49 - 
2025-03-08 20:34:49 - Resource deckhouse.io/v1, Kind=NodeGroup 'worker' readiness attempts: 7
2025-03-08 20:34:49 - Checking if resource deckhouse.io/v1, Kind=NodeGroup 'worker' is ready...
2025-03-08 20:34:49 - Found custom attempts 5 for kind
%!(EXTRA string=NodeGroup)2025-03-08 20:34:49 - Resource deckhouse.io/v1, Kind=NodeGroup 'worker' found `Ready` condition: false2025-03-08 20:34:49 - Resource deckhouse.io/v1, Kind=NodeGroup 'worker' has not been ready yet
2025-03-08 20:34:49 - 
2025-03-08 20:34:49 - Resource deckhouse.io/v1, Kind=IngressNginxController 'nginx' readiness attempts: 7
2025-03-08 20:34:49 - Checking if resource deckhouse.io/v1, Kind=IngressNginxController 'nginx' is ready...
2025-03-08 20:34:49 - Resource deckhouse.io/v1, Kind=IngressNginxController 'nginx' has not been ready yet
2025-03-08 20:34:49 - Resource deckhouse.io/v1, Kind=IngressNginxController 'nginx' to GVR failed: can't get resource by kind and apiVersion: apiVersion 'deckhouse.io/v1', kind 'IngressNginxController' is not supported by cluster: IngressNginxController.deckhouse.io "" not found
2025-03-08 20:34:49 - 
2025-03-08 20:34:49 - Resource deckhouse.io/v1, Kind=ClusterAuthorizationRule 'admin' readiness attempts: 7
2025-03-08 20:34:49 - Checking if resource deckhouse.io/v1, Kind=ClusterAuthorizationRule 'admin' is ready...
2025-03-08 20:34:49 - Resource deckhouse.io/v1, Kind=ClusterAuthorizationRule 'admin' has not been ready yet
2025-03-08 20:34:49 - Resource deckhouse.io/v1, Kind=ClusterAuthorizationRule 'admin' to GVR failed: can't get resource by kind and apiVersion: apiVersion 'deckhouse.io/v1', kind 'ClusterAuthorizationRule' is not supported by cluster: ClusterAuthorizationRule.deckhouse.io "" not found
2025-03-08 20:34:49 - 
2025-03-08 20:34:49 - Resource deckhouse.io/v1, Kind=User 'admin' readiness attempts: 7
2025-03-08 20:34:49 - Checking if resource deckhouse.io/v1, Kind=User 'admin' is ready...
2025-03-08 20:34:49 - Resource deckhouse.io/v1, Kind=User 'admin' has not been ready yet
2025-03-08 20:34:49 - Resource deckhouse.io/v1, Kind=User 'admin' to GVR failed: can't get resource by kind and apiVersion: apiVersion 'deckhouse.io/v1', kind 'User' is not supported by cluster: User.deckhouse.io "" not found
2025-03-08 20:34:49 - 
2025-03-08 20:34:59 - start ensureRequiredNamespacesExist
2025-03-08 20:34:59 - Namespace is empty for resource deckhouse.io/v1, Kind=IngressNginxController - /nginx. Skip ns checking
2025-03-08 20:34:59 - Namespace is empty for resource deckhouse.io/v1, Kind=ClusterAuthorizationRule - /admin. Skip ns checking
2025-03-08 20:34:59 - Namespace is empty for resource deckhouse.io/v1, Kind=User - /admin. Skip ns checking
2025-03-08 20:34:59 - start single resource creation loop
2025-03-08 20:34:59 - Remain resource deckhouse.io/v1, Kind=IngressNginxController - /nginx
2025-03-08 20:34:59 - Remain resource deckhouse.io/v1, Kind=ClusterAuthorizationRule - /admin
2025-03-08 20:34:59 - Remain resource deckhouse.io/v1, Kind=User - /admin
2025-03-08 20:34:59 - Remain resources: 3
2025-03-08 20:34:59 - Resources to create: 
	deckhouse.io/v1, Kind=IngressNginxController
	deckhouse.io/v1, Kind=ClusterAuthorizationRule
	deckhouse.io/v1, Kind=User

2025-03-08 20:34:59 - Waiting for the cluster to be in the 'bootstrapped' state:
2025-03-08 20:34:59 - The cluster has not been bootstrapped yet. Waiting for at least one non-master node in Ready status.
2025-03-08 20:34:59 - 
2025-03-08 20:34:59 - Resource deckhouse.io/v1, Kind=NodeGroup 'worker' readiness attempts: 8
2025-03-08 20:34:59 - Checking if resource deckhouse.io/v1, Kind=NodeGroup 'worker' is ready...
2025-03-08 20:34:59 - Found custom attempts 5 for kind
%!(EXTRA string=NodeGroup)2025-03-08 20:34:59 - Resource deckhouse.io/v1, Kind=NodeGroup 'worker' found `Ready` condition: false2025-03-08 20:34:59 - Resource deckhouse.io/v1, Kind=NodeGroup 'worker' has not been ready yet
2025-03-08 20:34:59 - 
2025-03-08 20:34:59 - Resource deckhouse.io/v1, Kind=IngressNginxController 'nginx' readiness attempts: 8
2025-03-08 20:34:59 - Checking if resource deckhouse.io/v1, Kind=IngressNginxController 'nginx' is ready...
2025-03-08 20:34:59 - Resource deckhouse.io/v1, Kind=IngressNginxController 'nginx' has not been ready yet
2025-03-08 20:34:59 - Resource deckhouse.io/v1, Kind=IngressNginxController 'nginx' to GVR failed: can't get resource by kind and apiVersion: apiVersion 'deckhouse.io/v1', kind 'IngressNginxController' is not supported by cluster: IngressNginxController.deckhouse.io "" not found
2025-03-08 20:34:59 - 
2025-03-08 20:34:59 - Resource deckhouse.io/v1, Kind=ClusterAuthorizationRule 'admin' readiness attempts: 8
2025-03-08 20:34:59 - Checking if resource deckhouse.io/v1, Kind=ClusterAuthorizationRule 'admin' is ready...
2025-03-08 20:34:59 - Resource deckhouse.io/v1, Kind=ClusterAuthorizationRule 'admin' has not been ready yet
2025-03-08 20:34:59 - Resource deckhouse.io/v1, Kind=ClusterAuthorizationRule 'admin' to GVR failed: can't get resource by kind and apiVersion: apiVersion 'deckhouse.io/v1', kind 'ClusterAuthorizationRule' is not supported by cluster: ClusterAuthorizationRule.deckhouse.io "" not found
2025-03-08 20:34:59 - 
2025-03-08 20:34:59 - Resource deckhouse.io/v1, Kind=User 'admin' readiness attempts: 8
2025-03-08 20:34:59 - Checking if resource deckhouse.io/v1, Kind=User 'admin' is ready...
2025-03-08 20:34:59 - Resource deckhouse.io/v1, Kind=User 'admin' has not been ready yet
2025-03-08 20:34:59 - Resource deckhouse.io/v1, Kind=User 'admin' to GVR failed: can't get resource by kind and apiVersion: apiVersion 'deckhouse.io/v1', kind 'User' is not supported by cluster: User.deckhouse.io "" not found
2025-03-08 20:34:59 - 
2025-03-08 20:35:09 - start ensureRequiredNamespacesExist
2025-03-08 20:35:09 - Namespace is empty for resource deckhouse.io/v1, Kind=IngressNginxController - /nginx. Skip ns checking
2025-03-08 20:35:09 - Namespace is empty for resource deckhouse.io/v1, Kind=ClusterAuthorizationRule - /admin. Skip ns checking
2025-03-08 20:35:09 - Namespace is empty for resource deckhouse.io/v1, Kind=User - /admin. Skip ns checking
2025-03-08 20:35:09 - start single resource creation loop
2025-03-08 20:35:09 - Remain resource deckhouse.io/v1, Kind=IngressNginxController - /nginx
2025-03-08 20:35:09 - Remain resource deckhouse.io/v1, Kind=ClusterAuthorizationRule - /admin
2025-03-08 20:35:09 - Remain resource deckhouse.io/v1, Kind=User - /admin
2025-03-08 20:35:09 - Remain resources: 3
2025-03-08 20:35:09 - Resources to create: 
	deckhouse.io/v1, Kind=IngressNginxController
	deckhouse.io/v1, Kind=ClusterAuthorizationRule
	deckhouse.io/v1, Kind=User

2025-03-08 20:35:09 - Waiting for the cluster to be in the 'bootstrapped' state:
2025-03-08 20:35:09 - The cluster has not been bootstrapped yet. Waiting for at least one non-master node in Ready status.
2025-03-08 20:35:09 - 
2025-03-08 20:35:09 - Resource deckhouse.io/v1, Kind=NodeGroup 'worker' readiness attempts: 9
2025-03-08 20:35:09 - Checking if resource deckhouse.io/v1, Kind=NodeGroup 'worker' is ready...
2025-03-08 20:35:09 - Found custom attempts 5 for kind
%!(EXTRA string=NodeGroup)2025-03-08 20:35:09 - Resource deckhouse.io/v1, Kind=NodeGroup 'worker' found `Ready` condition: false2025-03-08 20:35:09 - Resource deckhouse.io/v1, Kind=NodeGroup 'worker' has not been ready yet
2025-03-08 20:35:09 - 
2025-03-08 20:35:09 - Resource deckhouse.io/v1, Kind=IngressNginxController 'nginx' readiness attempts: 9
2025-03-08 20:35:09 - Checking if resource deckhouse.io/v1, Kind=IngressNginxController 'nginx' is ready...
2025-03-08 20:35:09 - Resource deckhouse.io/v1, Kind=IngressNginxController 'nginx' has not been ready yet
2025-03-08 20:35:09 - Resource deckhouse.io/v1, Kind=IngressNginxController 'nginx' to GVR failed: can't get resource by kind and apiVersion: apiVersion 'deckhouse.io/v1', kind 'IngressNginxController' is not supported by cluster: IngressNginxController.deckhouse.io "" not found
2025-03-08 20:35:09 - 
2025-03-08 20:35:09 - Resource deckhouse.io/v1, Kind=ClusterAuthorizationRule 'admin' readiness attempts: 9
2025-03-08 20:35:09 - Checking if resource deckhouse.io/v1, Kind=ClusterAuthorizationRule 'admin' is ready...
2025-03-08 20:35:09 - Resource deckhouse.io/v1, Kind=ClusterAuthorizationRule 'admin' has not been ready yet
2025-03-08 20:35:09 - Resource deckhouse.io/v1, Kind=ClusterAuthorizationRule 'admin' to GVR failed: can't get resource by kind and apiVersion: apiVersion 'deckhouse.io/v1', kind 'ClusterAuthorizationRule' is not supported by cluster: ClusterAuthorizationRule.deckhouse.io "" not found
2025-03-08 20:35:09 - 
2025-03-08 20:35:09 - Resource deckhouse.io/v1, Kind=User 'admin' readiness attempts: 9
2025-03-08 20:35:09 - Checking if resource deckhouse.io/v1, Kind=User 'admin' is ready...
2025-03-08 20:35:09 - Resource deckhouse.io/v1, Kind=User 'admin' has not been ready yet
2025-03-08 20:35:09 - Resource deckhouse.io/v1, Kind=User 'admin' to GVR failed: can't get resource by kind and apiVersion: apiVersion 'deckhouse.io/v1', kind 'User' is not supported by cluster: User.deckhouse.io "" not found
2025-03-08 20:35:09 - 
2025-03-08 20:35:19 - start ensureRequiredNamespacesExist
2025-03-08 20:35:19 - Namespace is empty for resource deckhouse.io/v1, Kind=IngressNginxController - /nginx. Skip ns checking
2025-03-08 20:35:19 - Namespace is empty for resource deckhouse.io/v1, Kind=ClusterAuthorizationRule - /admin. Skip ns checking
2025-03-08 20:35:19 - Namespace is empty for resource deckhouse.io/v1, Kind=User - /admin. Skip ns checking
2025-03-08 20:35:19 - start single resource creation loop
2025-03-08 20:35:19 - Remain resource deckhouse.io/v1, Kind=IngressNginxController - /nginx
2025-03-08 20:35:19 - Remain resource deckhouse.io/v1, Kind=ClusterAuthorizationRule - /admin
2025-03-08 20:35:19 - Remain resource deckhouse.io/v1, Kind=User - /admin
2025-03-08 20:35:19 - Remain resources: 3
2025-03-08 20:35:19 - Resources to create: 
	deckhouse.io/v1, Kind=IngressNginxController
	deckhouse.io/v1, Kind=ClusterAuthorizationRule
	deckhouse.io/v1, Kind=User

2025-03-08 20:35:19 - Waiting for the cluster to be in the 'bootstrapped' state:
2025-03-08 20:35:19 - The cluster has not been bootstrapped yet. Waiting for at least one non-master node in Ready status.
2025-03-08 20:35:19 - 
2025-03-08 20:35:19 - Resource deckhouse.io/v1, Kind=NodeGroup 'worker' readiness attempts: 10
2025-03-08 20:35:19 - Checking if resource deckhouse.io/v1, Kind=NodeGroup 'worker' is ready...
2025-03-08 20:35:19 - Found custom attempts 5 for kind
%!(EXTRA string=NodeGroup)2025-03-08 20:35:19 - Resource deckhouse.io/v1, Kind=NodeGroup 'worker' found `Ready` condition: false2025-03-08 20:35:19 - Resource deckhouse.io/v1, Kind=NodeGroup 'worker' has not been ready yet
2025-03-08 20:35:19 - 
2025-03-08 20:35:19 - Resource deckhouse.io/v1, Kind=IngressNginxController 'nginx' readiness attempts: 10
2025-03-08 20:35:19 - Checking if resource deckhouse.io/v1, Kind=IngressNginxController 'nginx' is ready...
2025-03-08 20:35:19 - Resource deckhouse.io/v1, Kind=IngressNginxController 'nginx' has not been ready yet
2025-03-08 20:35:19 - Resource deckhouse.io/v1, Kind=IngressNginxController 'nginx' to GVR failed: can't get resource by kind and apiVersion: apiVersion 'deckhouse.io/v1', kind 'IngressNginxController' is not supported by cluster: IngressNginxController.deckhouse.io "" not found
2025-03-08 20:35:19 - 
2025-03-08 20:35:19 - Resource deckhouse.io/v1, Kind=ClusterAuthorizationRule 'admin' readiness attempts: 10
2025-03-08 20:35:19 - Checking if resource deckhouse.io/v1, Kind=ClusterAuthorizationRule 'admin' is ready...
2025-03-08 20:35:19 - Resource deckhouse.io/v1, Kind=ClusterAuthorizationRule 'admin' has not been ready yet
2025-03-08 20:35:19 - Resource deckhouse.io/v1, Kind=ClusterAuthorizationRule 'admin' to GVR failed: can't get resource by kind and apiVersion: apiVersion 'deckhouse.io/v1', kind 'ClusterAuthorizationRule' is not supported by cluster: ClusterAuthorizationRule.deckhouse.io "" not found
2025-03-08 20:35:19 - 
2025-03-08 20:35:19 - Resource deckhouse.io/v1, Kind=User 'admin' readiness attempts: 10
2025-03-08 20:35:19 - Checking if resource deckhouse.io/v1, Kind=User 'admin' is ready...
2025-03-08 20:35:19 - Resource deckhouse.io/v1, Kind=User 'admin' has not been ready yet
2025-03-08 20:35:19 - Resource deckhouse.io/v1, Kind=User 'admin' to GVR failed: can't get resource by kind and apiVersion: apiVersion 'deckhouse.io/v1', kind 'User' is not supported by cluster: User.deckhouse.io "" not found
2025-03-08 20:35:19 - 
2025-03-08 20:35:29 - start ensureRequiredNamespacesExist
2025-03-08 20:35:29 - Namespace is empty for resource deckhouse.io/v1, Kind=IngressNginxController - /nginx. Skip ns checking
2025-03-08 20:35:29 - Namespace is empty for resource deckhouse.io/v1, Kind=ClusterAuthorizationRule - /admin. Skip ns checking
2025-03-08 20:35:29 - Namespace is empty for resource deckhouse.io/v1, Kind=User - /admin. Skip ns checking
2025-03-08 20:35:29 - start single resource creation loop
2025-03-08 20:35:29 - Remain resource deckhouse.io/v1, Kind=IngressNginxController - /nginx
2025-03-08 20:35:29 - Remain resource deckhouse.io/v1, Kind=ClusterAuthorizationRule - /admin
2025-03-08 20:35:29 - Remain resource deckhouse.io/v1, Kind=User - /admin
2025-03-08 20:35:29 - Remain resources: 3
2025-03-08 20:35:29 - Resources to create: 
	deckhouse.io/v1, Kind=IngressNginxController
	deckhouse.io/v1, Kind=ClusterAuthorizationRule
	deckhouse.io/v1, Kind=User

2025-03-08 20:35:29 - Waiting for the cluster to be in the 'bootstrapped' state:
2025-03-08 20:35:29 - The cluster has not been bootstrapped yet. Waiting for at least one non-master node in Ready status.
2025-03-08 20:35:29 - NAME                           READY    NODES    INSTANCES DESIRED  STATUS           
2025-03-08 20:35:29 - master                         1        1        0         0                         
2025-03-08 20:35:29 - worker                         0        0        1         1                         
2025-03-08 20:35:29 - 
2025-03-08 20:35:29 - Resource deckhouse.io/v1, Kind=NodeGroup 'worker' readiness attempts: 11
2025-03-08 20:35:29 - Checking if resource deckhouse.io/v1, Kind=NodeGroup 'worker' is ready...
2025-03-08 20:35:29 - Found custom attempts 5 for kind
%!(EXTRA string=NodeGroup)2025-03-08 20:35:29 - Resource deckhouse.io/v1, Kind=NodeGroup 'worker' found `Ready` condition: false2025-03-08 20:35:29 - Resource deckhouse.io/v1, Kind=NodeGroup 'worker' has not been ready yet
2025-03-08 20:35:29 - 
2025-03-08 20:35:29 - Resource deckhouse.io/v1, Kind=IngressNginxController 'nginx' readiness attempts: 11
2025-03-08 20:35:29 - Checking if resource deckhouse.io/v1, Kind=IngressNginxController 'nginx' is ready...
2025-03-08 20:35:29 - Resource deckhouse.io/v1, Kind=IngressNginxController 'nginx' has not been ready yet
2025-03-08 20:35:29 - Resource deckhouse.io/v1, Kind=IngressNginxController 'nginx' to GVR failed: can't get resource by kind and apiVersion: apiVersion 'deckhouse.io/v1', kind 'IngressNginxController' is not supported by cluster: IngressNginxController.deckhouse.io "" not found
2025-03-08 20:35:29 - 
2025-03-08 20:35:29 - Resource deckhouse.io/v1, Kind=ClusterAuthorizationRule 'admin' readiness attempts: 11
2025-03-08 20:35:29 - Checking if resource deckhouse.io/v1, Kind=ClusterAuthorizationRule 'admin' is ready...
2025-03-08 20:35:29 - Resource deckhouse.io/v1, Kind=ClusterAuthorizationRule 'admin' has not been ready yet
2025-03-08 20:35:29 - Resource deckhouse.io/v1, Kind=ClusterAuthorizationRule 'admin' to GVR failed: can't get resource by kind and apiVersion: apiVersion 'deckhouse.io/v1', kind 'ClusterAuthorizationRule' is not supported by cluster: ClusterAuthorizationRule.deckhouse.io "" not found
2025-03-08 20:35:29 - 
2025-03-08 20:35:29 - Resource deckhouse.io/v1, Kind=User 'admin' readiness attempts: 11
2025-03-08 20:35:29 - Checking if resource deckhouse.io/v1, Kind=User 'admin' is ready...
2025-03-08 20:35:29 - Resource deckhouse.io/v1, Kind=User 'admin' has not been ready yet
2025-03-08 20:35:29 - Resource deckhouse.io/v1, Kind=User 'admin' to GVR failed: can't get resource by kind and apiVersion: apiVersion 'deckhouse.io/v1', kind 'User' is not supported by cluster: User.deckhouse.io "" not found
2025-03-08 20:35:29 - 
2025-03-08 20:35:39 - start ensureRequiredNamespacesExist
2025-03-08 20:35:39 - Namespace is empty for resource deckhouse.io/v1, Kind=IngressNginxController - /nginx. Skip ns checking
2025-03-08 20:35:39 - Namespace is empty for resource deckhouse.io/v1, Kind=ClusterAuthorizationRule - /admin. Skip ns checking
2025-03-08 20:35:39 - Namespace is empty for resource deckhouse.io/v1, Kind=User - /admin. Skip ns checking
2025-03-08 20:35:39 - start single resource creation loop
2025-03-08 20:35:39 - Remain resource deckhouse.io/v1, Kind=IngressNginxController - /nginx
2025-03-08 20:35:39 - Remain resource deckhouse.io/v1, Kind=ClusterAuthorizationRule - /admin
2025-03-08 20:35:39 - Remain resource deckhouse.io/v1, Kind=User - /admin
2025-03-08 20:35:39 - Remain resources: 3
2025-03-08 20:35:39 - Resources to create: 
	deckhouse.io/v1, Kind=IngressNginxController
	deckhouse.io/v1, Kind=ClusterAuthorizationRule
	deckhouse.io/v1, Kind=User

2025-03-08 20:35:39 - Waiting for the cluster to be in the 'bootstrapped' state:
2025-03-08 20:35:39 - The cluster has not been bootstrapped yet. Waiting for at least one non-master node in Ready status.
2025-03-08 20:35:39 - 
2025-03-08 20:35:39 - Resource deckhouse.io/v1, Kind=NodeGroup 'worker' readiness attempts: 12
2025-03-08 20:35:39 - Checking if resource deckhouse.io/v1, Kind=NodeGroup 'worker' is ready...
2025-03-08 20:35:39 - Found custom attempts 5 for kind
%!(EXTRA string=NodeGroup)2025-03-08 20:35:39 - Resource deckhouse.io/v1, Kind=NodeGroup 'worker' found `Ready` condition: false2025-03-08 20:35:39 - Resource deckhouse.io/v1, Kind=NodeGroup 'worker' has not been ready yet
2025-03-08 20:35:39 - 
2025-03-08 20:35:39 - Resource deckhouse.io/v1, Kind=IngressNginxController 'nginx' readiness attempts: 12
2025-03-08 20:35:39 - Checking if resource deckhouse.io/v1, Kind=IngressNginxController 'nginx' is ready...
2025-03-08 20:35:39 - Resource deckhouse.io/v1, Kind=IngressNginxController 'nginx' has not been ready yet
2025-03-08 20:35:39 - Resource deckhouse.io/v1, Kind=IngressNginxController 'nginx' to GVR failed: can't get resource by kind and apiVersion: apiVersion 'deckhouse.io/v1', kind 'IngressNginxController' is not supported by cluster: IngressNginxController.deckhouse.io "" not found
2025-03-08 20:35:39 - 
2025-03-08 20:35:39 - Resource deckhouse.io/v1, Kind=ClusterAuthorizationRule 'admin' readiness attempts: 12
2025-03-08 20:35:39 - Checking if resource deckhouse.io/v1, Kind=ClusterAuthorizationRule 'admin' is ready...
2025-03-08 20:35:39 - Resource deckhouse.io/v1, Kind=ClusterAuthorizationRule 'admin' has not been ready yet
2025-03-08 20:35:39 - Resource deckhouse.io/v1, Kind=ClusterAuthorizationRule 'admin' to GVR failed: can't get resource by kind and apiVersion: apiVersion 'deckhouse.io/v1', kind 'ClusterAuthorizationRule' is not supported by cluster: ClusterAuthorizationRule.deckhouse.io "" not found
2025-03-08 20:35:39 - 
2025-03-08 20:35:39 - Resource deckhouse.io/v1, Kind=User 'admin' readiness attempts: 12
2025-03-08 20:35:39 - Checking if resource deckhouse.io/v1, Kind=User 'admin' is ready...
2025-03-08 20:35:39 - Resource deckhouse.io/v1, Kind=User 'admin' has not been ready yet
2025-03-08 20:35:39 - Resource deckhouse.io/v1, Kind=User 'admin' to GVR failed: can't get resource by kind and apiVersion: apiVersion 'deckhouse.io/v1', kind 'User' is not supported by cluster: User.deckhouse.io "" not found
2025-03-08 20:35:39 - 
2025-03-08 20:35:49 - start ensureRequiredNamespacesExist
2025-03-08 20:35:49 - Namespace is empty for resource deckhouse.io/v1, Kind=IngressNginxController - /nginx. Skip ns checking
2025-03-08 20:35:49 - Namespace is empty for resource deckhouse.io/v1, Kind=ClusterAuthorizationRule - /admin. Skip ns checking
2025-03-08 20:35:49 - Namespace is empty for resource deckhouse.io/v1, Kind=User - /admin. Skip ns checking
2025-03-08 20:35:49 - start single resource creation loop
2025-03-08 20:35:49 - Remain resource deckhouse.io/v1, Kind=IngressNginxController - /nginx
2025-03-08 20:35:49 - Remain resource deckhouse.io/v1, Kind=ClusterAuthorizationRule - /admin
2025-03-08 20:35:49 - Remain resource deckhouse.io/v1, Kind=User - /admin
2025-03-08 20:35:49 - Remain resources: 3
2025-03-08 20:35:49 - Resources to create: 
	deckhouse.io/v1, Kind=IngressNginxController
	deckhouse.io/v1, Kind=ClusterAuthorizationRule
	deckhouse.io/v1, Kind=User

2025-03-08 20:35:49 - Waiting for the cluster to be in the 'bootstrapped' state:
2025-03-08 20:35:49 - The cluster has not been bootstrapped yet. Waiting for at least one non-master node in Ready status.
2025-03-08 20:35:49 - 
2025-03-08 20:35:49 - Resource deckhouse.io/v1, Kind=NodeGroup 'worker' readiness attempts: 13
2025-03-08 20:35:49 - Checking if resource deckhouse.io/v1, Kind=NodeGroup 'worker' is ready...
2025-03-08 20:35:49 - Found custom attempts 5 for kind
%!(EXTRA string=NodeGroup)2025-03-08 20:35:49 - Resource deckhouse.io/v1, Kind=NodeGroup 'worker' found `Ready` condition: false2025-03-08 20:35:49 - Resource deckhouse.io/v1, Kind=NodeGroup 'worker' has not been ready yet
2025-03-08 20:35:49 - 
2025-03-08 20:35:49 - Resource deckhouse.io/v1, Kind=IngressNginxController 'nginx' readiness attempts: 13
2025-03-08 20:35:49 - Checking if resource deckhouse.io/v1, Kind=IngressNginxController 'nginx' is ready...
2025-03-08 20:35:49 - Resource deckhouse.io/v1, Kind=IngressNginxController 'nginx' has not been ready yet
2025-03-08 20:35:49 - Resource deckhouse.io/v1, Kind=IngressNginxController 'nginx' to GVR failed: can't get resource by kind and apiVersion: apiVersion 'deckhouse.io/v1', kind 'IngressNginxController' is not supported by cluster: IngressNginxController.deckhouse.io "" not found
2025-03-08 20:35:49 - 
2025-03-08 20:35:49 - Resource deckhouse.io/v1, Kind=ClusterAuthorizationRule 'admin' readiness attempts: 13
2025-03-08 20:35:49 - Checking if resource deckhouse.io/v1, Kind=ClusterAuthorizationRule 'admin' is ready...
2025-03-08 20:35:49 - Resource deckhouse.io/v1, Kind=ClusterAuthorizationRule 'admin' has not been ready yet
2025-03-08 20:35:49 - Resource deckhouse.io/v1, Kind=ClusterAuthorizationRule 'admin' to GVR failed: can't get resource by kind and apiVersion: apiVersion 'deckhouse.io/v1', kind 'ClusterAuthorizationRule' is not supported by cluster: ClusterAuthorizationRule.deckhouse.io "" not found
2025-03-08 20:35:49 - 
2025-03-08 20:35:49 - Resource deckhouse.io/v1, Kind=User 'admin' readiness attempts: 13
2025-03-08 20:35:49 - Checking if resource deckhouse.io/v1, Kind=User 'admin' is ready...
2025-03-08 20:35:49 - Resource deckhouse.io/v1, Kind=User 'admin' has not been ready yet
2025-03-08 20:35:49 - Resource deckhouse.io/v1, Kind=User 'admin' to GVR failed: can't get resource by kind and apiVersion: apiVersion 'deckhouse.io/v1', kind 'User' is not supported by cluster: User.deckhouse.io "" not found
2025-03-08 20:35:49 - 
2025-03-08 20:35:59 - start ensureRequiredNamespacesExist
2025-03-08 20:35:59 - Namespace is empty for resource deckhouse.io/v1, Kind=IngressNginxController - /nginx. Skip ns checking
2025-03-08 20:35:59 - Namespace is empty for resource deckhouse.io/v1, Kind=ClusterAuthorizationRule - /admin. Skip ns checking
2025-03-08 20:35:59 - Namespace is empty for resource deckhouse.io/v1, Kind=User - /admin. Skip ns checking
2025-03-08 20:35:59 - start single resource creation loop
2025-03-08 20:35:59 - Remain resource deckhouse.io/v1, Kind=IngressNginxController - /nginx
2025-03-08 20:35:59 - Remain resource deckhouse.io/v1, Kind=ClusterAuthorizationRule - /admin
2025-03-08 20:35:59 - Remain resource deckhouse.io/v1, Kind=User - /admin
2025-03-08 20:35:59 - Remain resources: 3
2025-03-08 20:35:59 - Resources to create: 
	deckhouse.io/v1, Kind=IngressNginxController
	deckhouse.io/v1, Kind=ClusterAuthorizationRule
	deckhouse.io/v1, Kind=User

2025-03-08 20:35:59 - Waiting for the cluster to be in the 'bootstrapped' state:
2025-03-08 20:35:59 - The cluster has not been bootstrapped yet. Waiting for at least one non-master node in Ready status.
2025-03-08 20:35:59 - 
2025-03-08 20:35:59 - Resource deckhouse.io/v1, Kind=NodeGroup 'worker' readiness attempts: 14
2025-03-08 20:35:59 - Checking if resource deckhouse.io/v1, Kind=NodeGroup 'worker' is ready...
2025-03-08 20:35:59 - Found custom attempts 5 for kind
%!(EXTRA string=NodeGroup)2025-03-08 20:35:59 - Resource deckhouse.io/v1, Kind=NodeGroup 'worker' found `Ready` condition: true2025-03-08 20:35:59 - Resource deckhouse.io/v1, Kind=NodeGroup 'worker' is ready!
2025-03-08 20:35:59 - 
2025-03-08 20:35:59 - Resource deckhouse.io/v1, Kind=IngressNginxController 'nginx' readiness attempts: 14
2025-03-08 20:35:59 - Checking if resource deckhouse.io/v1, Kind=IngressNginxController 'nginx' is ready...
2025-03-08 20:35:59 - Resource deckhouse.io/v1, Kind=IngressNginxController 'nginx' has not been ready yet
2025-03-08 20:35:59 - Resource deckhouse.io/v1, Kind=IngressNginxController 'nginx' to GVR failed: can't get resource by kind and apiVersion: apiVersion 'deckhouse.io/v1', kind 'IngressNginxController' is not supported by cluster: IngressNginxController.deckhouse.io "" not found
2025-03-08 20:35:59 - 
2025-03-08 20:35:59 - Resource deckhouse.io/v1, Kind=ClusterAuthorizationRule 'admin' readiness attempts: 14
2025-03-08 20:35:59 - Checking if resource deckhouse.io/v1, Kind=ClusterAuthorizationRule 'admin' is ready...
2025-03-08 20:35:59 - Resource deckhouse.io/v1, Kind=ClusterAuthorizationRule 'admin' has not been ready yet
2025-03-08 20:35:59 - Resource deckhouse.io/v1, Kind=ClusterAuthorizationRule 'admin' to GVR failed: can't get resource by kind and apiVersion: apiVersion 'deckhouse.io/v1', kind 'ClusterAuthorizationRule' is not supported by cluster: ClusterAuthorizationRule.deckhouse.io "" not found
2025-03-08 20:35:59 - 
2025-03-08 20:35:59 - Resource deckhouse.io/v1, Kind=User 'admin' readiness attempts: 14
2025-03-08 20:35:59 - Checking if resource deckhouse.io/v1, Kind=User 'admin' is ready...
2025-03-08 20:35:59 - Resource deckhouse.io/v1, Kind=User 'admin' has not been ready yet
2025-03-08 20:35:59 - Resource deckhouse.io/v1, Kind=User 'admin' to GVR failed: can't get resource by kind and apiVersion: apiVersion 'deckhouse.io/v1', kind 'User' is not supported by cluster: User.deckhouse.io "" not found
2025-03-08 20:35:59 - 
2025-03-08 20:36:09 - start ensureRequiredNamespacesExist
2025-03-08 20:36:09 - Namespace is empty for resource deckhouse.io/v1, Kind=IngressNginxController - /nginx. Skip ns checking
2025-03-08 20:36:09 - Namespace is empty for resource deckhouse.io/v1, Kind=ClusterAuthorizationRule - /admin. Skip ns checking
2025-03-08 20:36:09 - Namespace is empty for resource deckhouse.io/v1, Kind=User - /admin. Skip ns checking
2025-03-08 20:36:09 - start single resource creation loop
2025-03-08 20:36:09 - Remain resource deckhouse.io/v1, Kind=IngressNginxController - /nginx
2025-03-08 20:36:09 - Remain resource deckhouse.io/v1, Kind=ClusterAuthorizationRule - /admin
2025-03-08 20:36:09 - Remain resource deckhouse.io/v1, Kind=User - /admin
2025-03-08 20:36:09 - Remain resources: 3
2025-03-08 20:36:09 - Resources to create: 
	deckhouse.io/v1, Kind=IngressNginxController
	deckhouse.io/v1, Kind=ClusterAuthorizationRule
	deckhouse.io/v1, Kind=User

2025-03-08 20:36:09 - Waiting for the cluster to be in the 'bootstrapped' state:
2025-03-08 20:36:09 - The cluster has not been bootstrapped yet. Waiting for at least one non-master node in Ready status.
2025-03-08 20:36:09 - NAME                           READY    NODES    INSTANCES DESIRED  STATUS           
2025-03-08 20:36:09 - master                         1        1        0         0                         
2025-03-08 20:36:09 - worker                         0        1        1         1                         
2025-03-08 20:36:09 - 
2025-03-08 20:36:09 - Resource deckhouse.io/v1, Kind=IngressNginxController 'nginx' readiness attempts: 15
2025-03-08 20:36:09 - Checking if resource deckhouse.io/v1, Kind=IngressNginxController 'nginx' is ready...
2025-03-08 20:36:09 - Resource deckhouse.io/v1, Kind=IngressNginxController 'nginx' has not been ready yet
2025-03-08 20:36:09 - Resource deckhouse.io/v1, Kind=IngressNginxController 'nginx' to GVR failed: can't get resource by kind and apiVersion: apiVersion 'deckhouse.io/v1', kind 'IngressNginxController' is not supported by cluster: IngressNginxController.deckhouse.io "" not found
2025-03-08 20:36:09 - 
2025-03-08 20:36:09 - Resource deckhouse.io/v1, Kind=ClusterAuthorizationRule 'admin' readiness attempts: 15
2025-03-08 20:36:09 - Checking if resource deckhouse.io/v1, Kind=ClusterAuthorizationRule 'admin' is ready...
2025-03-08 20:36:09 - Resource deckhouse.io/v1, Kind=ClusterAuthorizationRule 'admin' has not been ready yet
2025-03-08 20:36:09 - Resource deckhouse.io/v1, Kind=ClusterAuthorizationRule 'admin' to GVR failed: can't get resource by kind and apiVersion: apiVersion 'deckhouse.io/v1', kind 'ClusterAuthorizationRule' is not supported by cluster: ClusterAuthorizationRule.deckhouse.io "" not found
2025-03-08 20:36:09 - 
2025-03-08 20:36:09 - Resource deckhouse.io/v1, Kind=User 'admin' readiness attempts: 15
2025-03-08 20:36:09 - Checking if resource deckhouse.io/v1, Kind=User 'admin' is ready...
2025-03-08 20:36:09 - Resource deckhouse.io/v1, Kind=User 'admin' has not been ready yet
2025-03-08 20:36:09 - Resource deckhouse.io/v1, Kind=User 'admin' to GVR failed: can't get resource by kind and apiVersion: apiVersion 'deckhouse.io/v1', kind 'User' is not supported by cluster: User.deckhouse.io "" not found
2025-03-08 20:36:09 - 
2025-03-08 20:36:19 - start ensureRequiredNamespacesExist
2025-03-08 20:36:19 - Namespace is empty for resource deckhouse.io/v1, Kind=IngressNginxController - /nginx. Skip ns checking
2025-03-08 20:36:19 - Namespace is empty for resource deckhouse.io/v1, Kind=ClusterAuthorizationRule - /admin. Skip ns checking
2025-03-08 20:36:19 - Namespace is empty for resource deckhouse.io/v1, Kind=User - /admin. Skip ns checking
2025-03-08 20:36:19 - start single resource creation loop
2025-03-08 20:36:19 - Remain resource deckhouse.io/v1, Kind=IngressNginxController - /nginx
2025-03-08 20:36:19 - Remain resource deckhouse.io/v1, Kind=ClusterAuthorizationRule - /admin
2025-03-08 20:36:19 - Remain resource deckhouse.io/v1, Kind=User - /admin
2025-03-08 20:36:19 - Remain resources: 3
2025-03-08 20:36:19 - Resources to create: 
	deckhouse.io/v1, Kind=IngressNginxController
	deckhouse.io/v1, Kind=ClusterAuthorizationRule
	deckhouse.io/v1, Kind=User

2025-03-08 20:36:19 - Waiting for the cluster to be in the 'bootstrapped' state:
2025-03-08 20:36:19 - The cluster is bootstrapped. Waiting for the creation of resources.
2025-03-08 20:36:19 - 
2025-03-08 20:36:19 - Resource deckhouse.io/v1, Kind=IngressNginxController 'nginx' readiness attempts: 16
2025-03-08 20:36:19 - Checking if resource deckhouse.io/v1, Kind=IngressNginxController 'nginx' is ready...
2025-03-08 20:36:19 - Resource deckhouse.io/v1, Kind=IngressNginxController 'nginx' has not been ready yet
2025-03-08 20:36:19 - Resource deckhouse.io/v1, Kind=IngressNginxController 'nginx' to GVR failed: can't get resource by kind and apiVersion: apiVersion 'deckhouse.io/v1', kind 'IngressNginxController' is not supported by cluster: IngressNginxController.deckhouse.io "" not found
2025-03-08 20:36:19 - 
2025-03-08 20:36:19 - Resource deckhouse.io/v1, Kind=ClusterAuthorizationRule 'admin' readiness attempts: 16
2025-03-08 20:36:19 - Checking if resource deckhouse.io/v1, Kind=ClusterAuthorizationRule 'admin' is ready...
2025-03-08 20:36:19 - Resource deckhouse.io/v1, Kind=ClusterAuthorizationRule 'admin' has not been ready yet
2025-03-08 20:36:19 - Resource deckhouse.io/v1, Kind=ClusterAuthorizationRule 'admin' to GVR failed: can't get resource by kind and apiVersion: apiVersion 'deckhouse.io/v1', kind 'ClusterAuthorizationRule' is not supported by cluster: ClusterAuthorizationRule.deckhouse.io "" not found
2025-03-08 20:36:19 - 
2025-03-08 20:36:19 - Resource deckhouse.io/v1, Kind=User 'admin' readiness attempts: 16
2025-03-08 20:36:19 - Checking if resource deckhouse.io/v1, Kind=User 'admin' is ready...
2025-03-08 20:36:19 - Resource deckhouse.io/v1, Kind=User 'admin' has not been ready yet
2025-03-08 20:36:19 - Resource deckhouse.io/v1, Kind=User 'admin' to GVR failed: can't get resource by kind and apiVersion: apiVersion 'deckhouse.io/v1', kind 'User' is not supported by cluster: User.deckhouse.io "" not found
2025-03-08 20:36:19 - 
2025-03-08 20:36:29 - start ensureRequiredNamespacesExist
2025-03-08 20:36:29 - Namespace is empty for resource deckhouse.io/v1, Kind=IngressNginxController - /nginx. Skip ns checking
2025-03-08 20:36:29 - Namespace is empty for resource deckhouse.io/v1, Kind=ClusterAuthorizationRule - /admin. Skip ns checking
2025-03-08 20:36:29 - Namespace is empty for resource deckhouse.io/v1, Kind=User - /admin. Skip ns checking
2025-03-08 20:36:29 - start single resource creation loop
2025-03-08 20:36:29 - Remain resource deckhouse.io/v1, Kind=IngressNginxController - /nginx
2025-03-08 20:36:29 - Remain resource deckhouse.io/v1, Kind=ClusterAuthorizationRule - /admin
2025-03-08 20:36:29 - Remain resource deckhouse.io/v1, Kind=User - /admin
2025-03-08 20:36:29 - Remain resources: 3
2025-03-08 20:36:29 - Resources to create: 
	deckhouse.io/v1, Kind=IngressNginxController
	deckhouse.io/v1, Kind=ClusterAuthorizationRule
	deckhouse.io/v1, Kind=User

2025-03-08 20:36:29 - Resource deckhouse.io/v1, Kind=IngressNginxController 'nginx' readiness attempts: 17
2025-03-08 20:36:29 - Checking if resource deckhouse.io/v1, Kind=IngressNginxController 'nginx' is ready...
2025-03-08 20:36:29 - Resource deckhouse.io/v1, Kind=IngressNginxController 'nginx' has not been ready yet
2025-03-08 20:36:29 - Resource deckhouse.io/v1, Kind=IngressNginxController 'nginx' to GVR failed: can't get resource by kind and apiVersion: apiVersion 'deckhouse.io/v1', kind 'IngressNginxController' is not supported by cluster: IngressNginxController.deckhouse.io "" not found
2025-03-08 20:36:29 - 
2025-03-08 20:36:29 - Resource deckhouse.io/v1, Kind=ClusterAuthorizationRule 'admin' readiness attempts: 17
2025-03-08 20:36:29 - Checking if resource deckhouse.io/v1, Kind=ClusterAuthorizationRule 'admin' is ready...
2025-03-08 20:36:29 - Resource deckhouse.io/v1, Kind=ClusterAuthorizationRule 'admin' has not been ready yet
2025-03-08 20:36:29 - Resource deckhouse.io/v1, Kind=ClusterAuthorizationRule 'admin' to GVR failed: can't get resource by kind and apiVersion: apiVersion 'deckhouse.io/v1', kind 'ClusterAuthorizationRule' is not supported by cluster: ClusterAuthorizationRule.deckhouse.io "" not found
2025-03-08 20:36:29 - 
2025-03-08 20:36:29 - Resource deckhouse.io/v1, Kind=User 'admin' readiness attempts: 17
2025-03-08 20:36:29 - Checking if resource deckhouse.io/v1, Kind=User 'admin' is ready...
2025-03-08 20:36:29 - Resource deckhouse.io/v1, Kind=User 'admin' has not been ready yet
2025-03-08 20:36:29 - Resource deckhouse.io/v1, Kind=User 'admin' to GVR failed: can't get resource by kind and apiVersion: apiVersion 'deckhouse.io/v1', kind 'User' is not supported by cluster: User.deckhouse.io "" not found
2025-03-08 20:36:29 - 
2025-03-08 20:36:39 - start ensureRequiredNamespacesExist
2025-03-08 20:36:39 - Namespace is empty for resource deckhouse.io/v1, Kind=IngressNginxController - /nginx. Skip ns checking
2025-03-08 20:36:39 - Namespace is empty for resource deckhouse.io/v1, Kind=ClusterAuthorizationRule - /admin. Skip ns checking
2025-03-08 20:36:39 - Namespace is empty for resource deckhouse.io/v1, Kind=User - /admin. Skip ns checking
2025-03-08 20:36:39 - start single resource creation loop
2025-03-08 20:36:39 - Start process Create deckhouse.io/v1, Kind=IngressNginxController resources2025-03-08 20:36:39 - Manifest for IngressNginxController nginx
2025-03-08 20:36:39 - Succeeded!
2025-03-08 20:36:39 - End process Create deckhouse.io/v1, Kind=IngressNginxController resources2025-03-08 20:36:39 - Start process Create deckhouse.io/v1, Kind=ClusterAuthorizationRule resources2025-03-08 20:36:39 - Manifest for ClusterAuthorizationRule admin
2025-03-08 20:36:39 - Succeeded!
2025-03-08 20:36:39 - End process Create deckhouse.io/v1, Kind=ClusterAuthorizationRule resources2025-03-08 20:36:39 - Start process Create deckhouse.io/v1, Kind=User resources2025-03-08 20:36:39 - Manifest for User admin
2025-03-08 20:36:39 - Succeeded!
2025-03-08 20:36:39 - End process Create deckhouse.io/v1, Kind=User resources2025-03-08 20:36:39 - Remain resources: 0
2025-03-08 20:36:39 - Resource deckhouse.io/v1, Kind=IngressNginxController 'nginx' readiness attempts: 18
2025-03-08 20:36:39 - Checking if resource deckhouse.io/v1, Kind=IngressNginxController 'nginx' is ready...
2025-03-08 20:36:39 - Resource deckhouse.io/v1, Kind=IngressNginxController 'nginx' do not have 'status' key. Resource ready!
2025-03-08 20:36:39 - Resource deckhouse.io/v1, Kind=IngressNginxController 'nginx' is ready!
2025-03-08 20:36:39 - 
2025-03-08 20:36:39 - Resource deckhouse.io/v1, Kind=ClusterAuthorizationRule 'admin' readiness attempts: 18
2025-03-08 20:36:39 - Checking if resource deckhouse.io/v1, Kind=ClusterAuthorizationRule 'admin' is ready...
2025-03-08 20:36:39 - Resource deckhouse.io/v1, Kind=ClusterAuthorizationRule 'admin' do not have 'status' key. Resource ready!
2025-03-08 20:36:39 - Resource deckhouse.io/v1, Kind=ClusterAuthorizationRule 'admin' is ready!
2025-03-08 20:36:39 - 
2025-03-08 20:36:39 - Resource deckhouse.io/v1, Kind=User 'admin' readiness attempts: 18
2025-03-08 20:36:39 - Checking if resource deckhouse.io/v1, Kind=User 'admin' is ready...
2025-03-08 20:36:39 - Resource deckhouse.io/v1, Kind=User 'admin' do not have 'status' key. Resource ready!
2025-03-08 20:36:39 - Resource deckhouse.io/v1, Kind=User 'admin' is ready!
2025-03-08 20:36:39 - 
2025-03-08 20:36:39 - End process Create Resources2025-03-08 20:36:39 - Start process Run post bootstrap actions2025-03-08 20:36:39 - Start process Create deckhouse release for version v1.67.122025-03-08 20:36:40 - Succeeded!
2025-03-08 20:36:40 - End process Create deckhouse release for version v1.67.122025-03-08 20:36:40 - Start process Set release channel to deckhouse module config2025-03-08 20:36:40 - setSettingToModuleConfig for mc deckhouse, field [releaseChannel], value EarlyAccess2025-03-08 20:36:40 - Succeeded!
2025-03-08 20:36:40 - End process Set release channel to deckhouse module config2025-03-08 20:36:40 - End process Run post bootstrap actions2025-03-08 20:36:40 - Start process Clear cache2025-03-08 20:36:40 - Next run of "dhctl bootstrap" will create a new Kubernetes cluster.
2025-03-08 20:36:40 - End process Clear cache2025-03-08 20:36:40 - Deckhouse cluster was created successfully!
2025-03-08 20:36:40 - Start process Kubernetes Master Node addresses for SSH2025-03-08 20:36:40 - cloud-demo-master-0 | ssh ubuntu@51.250.67.240
2025-03-08 20:36:40 - End process Kubernetes Master Node addresses for SSH2025-03-08 20:36:40 - teardown started, queue length: 13
2025-03-08 20:36:40 - teardown callback 12: 'unlock converge' started
2025-03-08 20:36:40 - Try to release converge lock. Is it %v true
2025-03-08 20:36:40 - Lock was released. Skip
2025-03-08 20:36:40 - teardown callback 12: 'unlock converge' done
2025-03-08 20:36:40 - teardown callback 11: 'Delete bashible bundle folder' started
2025-03-08 20:36:40 - teardown callback 11: 'Delete bashible bundle folder' done
2025-03-08 20:36:40 - teardown callback 10: 'Delete templates temporary directory' started
2025-03-08 20:36:40 - teardown callback 10: 'Delete templates temporary directory' done
2025-03-08 20:36:40 - teardown callback 9: 'cloud-demo-master-0' started
2025-03-08 20:36:40 - teardown callback 9: 'cloud-demo-master-0' done
2025-03-08 20:36:40 - teardown callback 8: 'base-infrastructure' started
2025-03-08 20:36:40 - teardown callback 8: 'base-infrastructure' done
2025-03-08 20:36:40 - teardown callback 7: 'Stop ssh-agent' started
2025-03-08 20:36:40 - Stop '/bin/ssh-agent -D'
2025-03-08 20:36:40 - Stopped '/bin/ssh-agent -D': -1
2025-03-08 20:36:40 - Starting close piped
2025-03-08 20:36:40 - Stop close piped
2025-03-08 20:36:40 - teardown callback 7: 'Stop ssh-agent' done
2025-03-08 20:36:40 - teardown callback 6: 'Delete SSH agent temporary directory' started
2025-03-08 20:36:40 - teardown callback 6: 'Delete SSH agent temporary directory' done
2025-03-08 20:36:40 - teardown callback 5: 'Finalize logger' started
